{"objects": {"6": ["remote", "medium"], "5": ["teapot", "medium"], "4": ["cup", "medium"], "3": ["can_drink", "medium"], "2": ["glass", "medium"]}, "action_order": [[0, 6, [0.028065580731010627, 0.0028065580731010628, 0.7250017881393432], [0.0, 0.0, 0.0, 1.0]], [2, null, null, null], [0, 5, [-0.042098371096515944, 0.18242627475156906, 0.7250017881393432], [0.0, 0.0, 0.0, 1.0]], [0, 4, [0.12629511328954784, 0.2020721812632765, 0.7250017881393432], [0.0, 0.0, 0.0, 1.0]], [0, 3, [-0.05613116146202125, -0.1515541359474574, 0.7250017881393432], [0.0, 0.0, 0.0, 1.0]], [2, null, null, null], [0, 2, [0.14032790365505315, -0.1515541359474574, 0.7250017881393432], [0.0, 0.0, 0.0, 1.0]], [2, null, null, null], [1, 3, [-0.026459341766776147, -0.15152856741434406, 0.8], [0.0, 0.0, 0.0, 1.0]], [1, 3, [-0.026459341766776147, -0.15152856741434406, 0.8], [0.0, 0.0, 0.0, 1.0]], [1, 3, [-0.026459341766776147, -0.15152856741434406, 0.8], [0.0, 0.0, 0.0, 1.0]], [2, null, null, null], [1, 6, [0.058076208957667914, 0.0027969029827702896, 0.7901231156342], [0.0, 0.0, 0.0, 1.0]], [2, null, null, null]], "scene_graph": {"left": [[6, 2], [6, 3], [5, 6], [4, 6]], "right": [[6, 5], [3, 6], [2, 6], [6, 4]], "front": [[5, 4], [3, 2]], "behind": [[4, 5], [2, 3]], "on": [], "under": [], "leftbehind": [], "leftfront": [], "rightbehind": [], "rightfront": []}}