{"objects": {"6": ["teapot", "medium"], "5": ["cup", "medium"], "4": ["can_drink", "medium"], "3": ["glass", "medium"], "2": ["remote", "medium"]}, "action_order": [[0, 6, [-0.0056131161462021255, -0.04771148724271807, 0.7250017881393432], [0.0, 0.0, 0.0, 1.0]], [1, 6, [-0.0056131161462021255, -0.04771148724271807, 0.8], [0.0, 0.0, -0.25881904510252074, 0.9659258262890683]], [1, 6, [-0.0056131161462021255, -0.04771148724271807, 0.8], [0.0, 0.0, -0.25881904510252074, 0.9659258262890683]], [1, 6, [-0.0056131161462021255, -0.04771148724271807, 0.8], [0.0, 0.0, -0.25881904510252074, 0.9659258262890683]], [1, 6, [-0.0056131161462021255, -0.04771148724271807, 0.8], [0.0, 0.0, 0.25881904510252074, 0.9659258262890683]], [1, 6, [-0.0056131161462021255, -0.04771148724271807, 0.8], [0.0, 0.0, 0.25881904510252074, 0.9659258262890683]], [1, 6, [-0.0056131161462021255, -0.04771148724271807, 0.8], [0.0, 0.0, 0.25881904510252074, 0.9659258262890683]], [1, 6, [-0.0056131161462021255, -0.04771148724271807, 0.8], [0.0, 0.0, 0.25881904510252074, 0.9659258262890683]], [1, 6, [-0.0056131161462021255, -0.04771148724271807, 0.8], [0.0, 0.0, 0.25881904510252074, 0.9659258262890683]], [1, 6, [-0.0056131161462021255, -0.04771148724271807, 0.8], [0.0, 0.0, 0.25881904510252074, 0.9659258262890683]], [2, null, null, null], [2, null, null, null], [2, null, null, null], [0, 5, [0.17961971667846802, -0.05613116146202125, 0.7250017881393432], [0.0, 0.0, 0.0, 1.0]], [2, null, null, null], [1, 5, [0.17921952445145675, -0.030160822080553117, 0.8], [0.0, 0.0, 0.0, 1.0]], [2, null, null, null], [0, 4, [0.0, 0.16558692631296268, 0.7250017881393432], [0.0, 0.0, 0.0, 1.0]], [0, 3, [0.17120004245916487, 0.18242627475156906, 0.7250017881393432], [0.0, 0.0, 0.0, 1.0]], [0, 2, [0.10103609063163826, -0.24697711043289353, 0.7250017881393432], [0.0, 0.0, 0.0, 1.0]], [2, null, null, null]], "scene_graph": {"left": [[6, 2], [5, 2], [4, 6], [3, 5]], "right": [[6, 4], [5, 3], [2, 6], [2, 5]], "front": [[6, 5], [4, 3]], "behind": [[5, 6], [3, 4]], "on": [], "under": [], "leftbehind": [[3, 6]], "leftfront": [[4, 5]], "rightbehind": [[5, 4]], "rightfront": [[6, 3]]}}