{"objects": {"2": ["teapot", "medium"], "3": ["cup", "medium"], "4": ["can_drink", "medium"], "5": ["glass", "medium"], "6": ["remote", "medium"]}, "action_order": [[0, 2, [-0.0056131161462021255, -0.04771148724271807, 0.7250017881393432], [0.0, 0.0, 0.0, 1.0]], [1, 2, [-0.0056131161462021255, -0.04771148724271807, 0.8], [0.0, 0.0, -0.25881904510252074, 0.9659258262890683]], [1, 2, [-0.0056131161462021255, -0.04771148724271807, 0.8], [0.0, 0.0, -0.25881904510252074, 0.9659258262890683]], [1, 2, [-0.0056131161462021255, -0.04771148724271807, 0.8], [0.0, 0.0, -0.25881904510252074, 0.9659258262890683]], [1, 2, [-0.0056131161462021255, -0.04771148724271807, 0.8], [0.0, 0.0, 0.25881904510252074, 0.9659258262890683]], [1, 2, [-0.0056131161462021255, -0.04771148724271807, 0.8], [0.0, 0.0, 0.25881904510252074, 0.9659258262890683]], [1, 2, [-0.0056131161462021255, -0.04771148724271807, 0.8], [0.0, 0.0, 0.25881904510252074, 0.9659258262890683]], [1, 2, [-0.0056131161462021255, -0.04771148724271807, 0.8], [0.0, 0.0, 0.25881904510252074, 0.9659258262890683]], [1, 2, [-0.0056131161462021255, -0.04771148724271807, 0.8], [0.0, 0.0, 0.25881904510252074, 0.9659258262890683]], [1, 2, [-0.0056131161462021255, -0.04771148724271807, 0.8], [0.0, 0.0, 0.25881904510252074, 0.9659258262890683]], [2, null, null, null], [2, null, null, null], [2, null, null, null], [0, 3, [0.17961971667846802, -0.05613116146202125, 0.7250017881393432], [0.0, 0.0, 0.0, 1.0]], [2, null, null, null], [1, 3, [0.17921952445145675, -0.030160822080553117, 0.8], [0.0, 0.0, 0.0, 1.0]], [2, null, null, null], [0, 4, [0.0, 0.16558692631296268, 0.7250017881393432], [0.0, 0.0, 0.0, 1.0]], [0, 5, [0.17120004245916487, 0.18242627475156906, 0.7250017881393432], [0.0, 0.0, 0.0, 1.0]], [2, null, null, null], [0, 6, [-0.14874757787435636, 0.07858362604682975, 0.7250017881393432], [0.0, 0.0, -0.7071067811865475, 0.7071067811865476]], [2, null, null, null]], "scene_graph": {"left": [[4, 2], [5, 3]], "right": [[2, 4], [3, 5]], "front": [[2, 3], [4, 5], [6, 2], [6, 4]], "behind": [[2, 6], [3, 2], [4, 6], [5, 4]], "on": [], "under": [], "leftbehind": [[5, 2]], "leftfront": [[4, 3]], "rightbehind": [[3, 4]], "rightfront": [[2, 5]]}}