{"objects": {"4": ["remote", "medium"], "3": ["teapot", "medium"], "2": ["glass", "medium"], "5": ["can_drink", "medium"], "6": ["cup", "medium"]}, "action_order": [[0, 4, [0.028065580731010627, 0.0028065580731010628, 0.7250017881393432], [0.0, 0.0, 0.0, 1.0]], [2, null, null, null], [0, 3, [-0.042098371096515944, 0.18242627475156906, 0.7250017881393432], [0.0, 0.0, 0.0, 1.0]], [2, null, null, null], [0, 2, [0.14032790365505315, -0.1515541359474574, 0.7250017881393432], [0.0, 0.0, 0.0, 1.0]], [2, null, null, null], [2, null, null, null], [1, 4, [0.058076208957667914, 0.0027969029827702896, 0.7901231156342], [0.0, 0.0, 0.0, 1.0]], [2, null, null, null], [0, 5, [0.14032790365505315, 0.1908459489708723, 0.7250017881393432], [0.0, 0.0, 0.0, 1.0]], [0, 6, [-0.022452464584808502, -0.15997381016676054, 0.7250017881393432], [0.0, 0.0, 0.0, 1.0]], [2, null, null, null], [1, 6, [-0.01920226365843496, -0.1295172429569851, 0.8], [0.0, 0.0, 0.0, 1.0]], [1, 6, [-0.01920226365843496, -0.1295172429569851, 0.8], [0.0, 0.0, 0.0, 1.0]], [2, null, null, null], [1, 4, [0.058076078637600566, 0.03279814634277287, 0.7878850103450048], [0.0, 0.0, 0.0, 1.0]], [2, null, null, null], [2, null, null, null]], "scene_graph": {"left": [[4, 6], [3, 4], [5, 4], [4, 2]], "right": [[4, 3], [4, 5], [2, 4], [6, 4]], "front": [[3, 5], [6, 2]], "behind": [[2, 6], [5, 3]], "on": [], "under": [], "leftbehind": [[5, 6]], "leftfront": [], "rightbehind": [], "rightfront": [[6, 5]]}}