{"objects": {"6": ["cup", "medium"], "2": ["teapot", "medium"], "3": ["can_drink", "medium"], "4": ["glass", "medium"], "5": ["remote", "medium"]}, "action_order": [[2, null, null, null], [0, 6, [0.1122623229240425, 0.06174427760822338, 0.7250017881393432], [0.0, 0.0, 0.0, 1.0]], [2, null, null, null], [2, null, null, null], [0, 2, [0.13752134558195206, -0.16558692631296268, 0.7250017881393432], [0.0, -0.0, -0.7071067811865476, -0.7071067811865475]], [0, 3, [-0.01964590651170744, -0.1908459489708723, 0.7250017881393432], [0.0, 0.0, 0.0, 1.0]], [0, 4, [-0.011226232292404251, 0.033678696877212755, 0.7250017881393432], [0.0, 0.0, 0.0, 1.0]], [2, null, null, null], [1, 3, [-0.01970668352145424, -0.16327648620232316, 0.8], [0.0, 0.0, 0.0, 1.0]], [1, 3, [-0.01970668352145424, -0.13327648620232316, 0.8], [0.0, 0.0, 0.0, 1.0]], [2, null, null, null], [1, 6, [0.1424142463839397, 0.061567774572988725, 0.8], [0.0, 0.0, 0.0, 1.0]], [2, null, null, null], [2, null, null, null], [0, 5, [0.06455083568132444, -0.3508197591376329, 0.7250017881393432], [0.0, 0.0, 0.0, 1.0]], [1, 5, [0.06455083568132444, -0.32081975913763294, 0.8], [0.0, 0.0, 0.0, 1.0]], [2, null, null, null]], "scene_graph": {"left": [[6, 2], [2, 5], [3, 5], [4, 3]], "right": [[2, 6], [3, 4], [5, 2], [5, 3]], "front": [[3, 2], [4, 6]], "behind": [[6, 4], [2, 3]], "on": [], "under": [], "leftbehind": [[6, 3]], "leftfront": [[4, 2]], "rightbehind": [[2, 4]], "rightfront": [[3, 6]]}}