{"objects": {"2": ["teapot", "medium"], "5": ["glass", "medium"], "6": ["remote", "medium"], "3": ["cup", "medium"], "4": ["can_drink", "medium"]}, "action_order": [[0, 2, [-0.0056131161462021255, -0.04771148724271807, 0.7250017881393432], [0.0, 0.0, 0.0, 1.0]], [1, 2, [-0.0056131161462021255, -0.04771148724271807, 0.8], [0.0, 0.0, -0.25881904510252074, 0.9659258262890683]], [1, 2, [-0.0056131161462021255, -0.04771148724271807, 0.8], [0.0, 0.0, -0.25881904510252074, 0.9659258262890683]], [1, 2, [-0.0056131161462021255, -0.04771148724271807, 0.8], [0.0, 0.0, -0.25881904510252074, 0.9659258262890683]], [1, 2, [-0.0056131161462021255, -0.04771148724271807, 0.8], [0.0, 0.0, 0.25881904510252074, 0.9659258262890683]], [1, 2, [-0.0056131161462021255, -0.04771148724271807, 0.8], [0.0, 0.0, 0.25881904510252074, 0.9659258262890683]], [1, 2, [-0.0056131161462021255, -0.04771148724271807, 0.8], [0.0, 0.0, 0.25881904510252074, 0.9659258262890683]], [1, 2, [-0.0056131161462021255, -0.04771148724271807, 0.8], [0.0, 0.0, 0.25881904510252074, 0.9659258262890683]], [1, 2, [-0.0056131161462021255, -0.04771148724271807, 0.8], [0.0, 0.0, 0.25881904510252074, 0.9659258262890683]], [1, 2, [-0.0056131161462021255, -0.04771148724271807, 0.8], [0.0, 0.0, 0.25881904510252074, 0.9659258262890683]], [2, null, null, null], [2, null, null, null], [2, null, null, null], [2, null, null, null], [2, null, null, null], [0, 5, [0.17120004245916487, 0.18242627475156906, 0.7250017881393432], [0.0, 0.0, 0.0, 1.0]], [2, null, null, null], [0, 6, [-0.14874757787435636, 0.07858362604682975, 0.7250017881393432], [0.0, 0.0, -0.7071067811865475, 0.7071067811865476]], [2, null, null, null], [0, 3, [0.016839348438606377, 0.16558692631296268, 0.7250017881393432], [0.0, 0.0, 0.0, 1.0]], [0, 4, [0.20207218126327653, -0.06455083568132444, 0.7250017881393432], [0.0, 0.0, 0.0, 1.0]], [2, null, null, null], [1, 5, [0.16925702399427697, 0.1514608918049588, 0.8], [0.0, 0.0, 0.0, 1.0]], [1, 5, [0.19925702399427697, 0.1514608918049588, 0.8], [0.0, 0.0, 0.0, 1.0]], [2, null, null, null], [1, 6, [-0.1504187621290733, 0.05014066424893551, 0.7892509417745323], [0.0, 0.0, 0.0, 1.0]], [2, null, null, null], [1, 4, [0.20173984922264532, -0.0345182177594678, 0.8], [0.0, 0.0, 0.0, 1.0]], [2, null, null, null], [1, 2, [0.025483427815250006, -0.04677829248444523, 0.8], [0.0, 0.0, 0.0, 1.0]], [2, null, null, null]], "scene_graph": {"left": [[5, 4], [3, 2]], "right": [[2, 3], [4, 5]], "front": [[2, 4], [6, 3], [6, 2], [3, 5]], "behind": [[2, 6], [5, 3], [3, 6], [4, 2]], "on": [], "under": [], "leftbehind": [[5, 2]], "leftfront": [[3, 4]], "rightbehind": [[4, 3]], "rightfront": [[2, 5]]}}