{"objects": {"7": ["bowl", "medium"], "6": ["teapot", "medium"], "2": ["glass", "medium"], "5": ["remote", "medium"], "4": ["cup", "medium"], "3": ["can_drink", "medium"]}, "action_order": [[2, null, null, null], [2, null, null, null], [2, null, null, null], [2, null, null, null], [2, null, null, null], [2, null, null, null], [2, null, null, null], [2, null, null, null], [2, null, null, null], [2, null, null, null], [2, null, null, null], [2, null, null, null], [0, 7, [0.14032790365505315, -0.05893771953512232, 0.7250017881393432], [0.0, 0.0, 0.0, 1.0]], [0, 6, [-0.03929181302341488, -0.06735739375442551, 0.7250017881393432], [0.0, 0.0, 0.0, 1.0]], [1, 6, [-0.06929181302341489, -0.06735739375442551, 0.8], [0.0, 0.0, 0.0, 1.0]], [1, 6, [-0.06929181302341489, -0.03735739375442551, 0.8], [0.0, 0.0, 0.0, 1.0]], [1, 6, [-0.09929181302341489, -0.03735739375442551, 0.8], [0.0, 0.0, 0.0, 1.0]], [2, null, null, null], [0, 2, [-0.08139018411993083, -0.221718087774984, 0.7250017881393432], [0.0, 0.0, 0.0, 1.0]], [0, 5, [0.14874757787435636, -0.2638164588714999, 0.7250017881393432], [0.0, 0.0, 0.0, 1.0]], [2, null, null, null], [0, 4, [0.14313446172815422, 0.1431344617281542, 0.7250017881393432], [0.0, 0.0, 0.0, 1.0]], [0, 3, [-0.0757770679737287, 0.13190822943574995, 0.7250017881393432], [0.0, 0.0, 0.0, 1.0]], [2, null, null, null]], "scene_graph": {"left": [[7, 5], [6, 2], [4, 7], [3, 6]], "right": [[7, 4], [6, 3], [2, 6], [5, 7]], "front": [[6, 7], [2, 5], [3, 4]], "behind": [[7, 6], [5, 2], [4, 3]], "on": [], "under": [], "leftbehind": [[4, 6], [7, 2]], "leftfront": [[3, 7], [6, 5]], "rightbehind": [[5, 6], [7, 3]], "rightfront": [[2, 7], [6, 4]]}}