{"objects": {"2": ["plate", "medium"], "3": ["fork", "medium"], "4": ["knife", "medium"], "5": ["fruit", "medium"], "6": ["bowl", "small"], "7": ["glass", "medium"]}, "action_order": [[0, 2, [0.13752134558195203, -0.05613116146202125, 0.7250017881393432], [0.0, 0.0, 0.0, 1.0]], [0, 3, [0.14874757787435633, -0.24978366850599457, 0.7250017881393432], [0.0, 0.0, 0.0, 1.0]], [0, 4, [0.15997381016676054, 0.134714787508851, 0.7250017881393432], [0.0, 0.0, 0.0, 1.0]], [2, null, null, null], [0, 5, [0.14425872537531803, -0.049935712629917785, 0.7350880861282348], [0.0, 0.0, 0.0, 1.0]], [0, 6, [-0.056131161462021247, -0.061744277608223375, 0.7250017881393432], [0.0, 0.0, 0.0, 1.0]], [2, null, null, null], [2, null, null, null], [2, null, null, null], [0, 7, [-0.061744277608223375, -0.36765910757623915, 0.7250017881393432], [0.0, 0.0, 0.0, 1.0]], [2, null, null, null]], "scene_graph": {"left": [[4, 2], [4, 5], [2, 3], [6, 7]], "right": [[3, 2], [7, 6], [2, 4], [5, 4]], "front": [[6, 2], [6, 5]], "behind": [[2, 6], [5, 6]], "on": [[2, 5]], "under": [[5, 2]], "leftbehind": [[3, 7], [4, 6], [2, 7]], "leftfront": [[6, 3]], "rightbehind": [[3, 6]], "rightfront": [[7, 3], [7, 2], [6, 4]]}}