{"objects": {"10": ["bowl", "small"], "9": ["plate", "small"], "8": ["knife", "medium"], "7": ["knife", "small"], "6": ["fork", "medium"], "5": ["pitcher", "medium"], "4": ["fork", "medium"], "3": ["spoon", "medium"], "2": ["glass", "medium"]}, "action_order": [[0, 10, [0.15155413594745737, -0.134714787508851, 0.7250017881393432], [0.0, 0.0, 0.0, 1.0]], [0, 9, [0.17120004245916481, 0.05613116146202125, 0.7250017881393432], [0.0, 0.0, 0.0, 1.0]], [0, 8, [0.1852328328246701, 0.22733120392118608, 0.7250017881393432], [0.0, 0.0, 0.0, 1.0]], [0, 7, [0.19926562319017543, 0.33398041069902645, 0.7250017881393432], [0.0, 0.0, 0.0, 1.0]], [2, null, null, null], [0, 6, [0.17120004245916481, -0.29749515574871266, 0.7250017881393432], [0.0, 0.0, 0.0, 1.0]], [0, 5, [0.1880393908977712, -0.48834110471958486, 0.7250017881393432], [0.0, 0.0, 0.0, 1.0]], [2, null, null, null], [1, 5, [0.1880244501654596, -0.4583288198776152, 0.8], [0.0, 0.0, 0.0, 1.0]], [1, 5, [0.1880244501654596, -0.4283288198776152, 0.8], [0.0, 0.0, 0.0, 1.0]], [2, null, null, null], [1, 7, [0.1992652728435108, 0.30397992068238266, 0.7776497666730359], [0.0, 0.0, 0.0, 1.0]], [1, 7, [0.1992652728435108, 0.27397992068238264, 0.8], [0.0, 0.0, 0.0, 1.0]], [2, null, null, null], [0, 4, [0.014032790365505312, -0.05613116146202125, 0.7250017881393432], [0.0, 0.0, -0.7071067811865475, 0.7071067811865476]], [0, 3, [-0.03929181302341487, -0.0673573937544255, 0.7250017881393432], [0.0, -0.0, -0.7071067811865476, -0.7071067811865475]], [0, 2, [-0.028065580731010623, 0.23013776199428715, 0.7250017881393432], [0.0, 0.0, 0.0, 1.0]], [2, null, null, null]], "scene_graph": {"left": [[10, 6], [9, 10], [8, 9], [7, 8], [6, 5]], "right": [[10, 9], [9, 8], [8, 7], [6, 10], [5, 6]], "front": [[4, 10], [4, 9], [3, 4], [2, 8], [2, 7]], "behind": [[10, 4], [9, 4], [8, 2], [7, 2], [4, 3]], "on": [], "under": [], "leftbehind": [], "leftfront": [[2, 9], [4, 6], [4, 5]], "rightbehind": [[6, 4], [5, 4], [9, 2]], "rightfront": []}}