{"objects": {"7": ["plate", "medium"], "6": ["fork", "medium"], "5": ["knife", "medium"], "4": ["plate", "medium"], "3": ["knife", "medium"], "2": ["fork", "medium"]}, "action_order": [[0, 7, [0.1880393908977712, -0.019645906511707435, 0.7250017881393432], [0.0, 0.0, 0.0, 1.0]], [0, 6, [0.19365250704397333, -0.269429575017702, 0.7250017881393432], [0.0, 0.0, 0.0, 1.0]], [0, 5, [0.19645906511707437, 0.18523283282467012, 0.7250017881393432], [0.0, 0.0, 0.0, 1.0]], [2, null, null, null], [1, 6, [0.19392953064214408, -0.23912935856951492, 0.7832252919825546], [0.0, 0.0, 0.0, 1.0]], [2, null, null, null], [0, 4, [-0.26381645887149985, -0.019645906511707435, 0.7250017881393432], [0.0, 0.0, 0.0, 1.0]], [0, 3, [-0.269429575017702, -0.24417055235979243, 0.7250017881393432], [0.0, 0.0, -1.0, 6.123233995736766e-17]], [0, 2, [-0.29188203960251047, 0.17681315860536695, 0.7250017881393432], [0.0, 0.0, -1.0, 6.123233995736766e-17]], [2, null, null, null], [1, 4, [-0.2638118255757437, -0.01964135160890642, 0.7893369327601901], [0.0, 0.0, -0.25881904510252074, 0.9659258262890683]], [1, 4, [-0.2638118255757437, -0.01964135160890642, 0.8], [0.0, 0.0, -0.25881904510252074, 0.9659258262890683]], [1, 4, [-0.2638118255757437, -0.01964135160890642, 0.8], [0.0, 0.0, -0.25881904510252074, 0.9659258262890683]], [1, 4, [-0.2638118255757437, -0.01964135160890642, 0.8], [0.0, 0.0, -0.25881904510252074, 0.9659258262890683]], [1, 4, [-0.2638118255757437, -0.01964135160890642, 0.8], [0.0, 0.0, -0.25881904510252074, 0.9659258262890683]], [1, 4, [-0.2638118255757437, -0.01964135160890642, 0.8], [0.0, 0.0, -0.25881904510252074, 0.9659258262890683]], [2, null, null, null]], "scene_graph": {"left": [[7, 6], [5, 7], [4, 3], [2, 4]], "right": [[7, 5], [6, 7], [4, 2], [3, 4]], "front": [[4, 7], [3, 6], [2, 5]], "behind": [[7, 4], [6, 3], [5, 2]], "on": [], "under": [], "leftbehind": [[5, 4]], "leftfront": [], "rightbehind": [], "rightfront": [[4, 5]]}}