{"objects": {"5": ["plate", "medium"], "4": ["fork", "medium"], "3": ["knife", "medium"], "2": ["glass", "medium"]}, "action_order": [[0, 5, [0.061744277608223375, -0.061744277608223375, 0.7250017881393432], [0.0, 0.0, 0.0, 1.0]], [0, 4, [0.07016395182752656, -0.269429575017702, 0.7250017881393432], [0.0, 0.0, 0.0, 1.0]], [0, 3, [0.08139018411993082, 0.134714787508851, 0.7250017881393432], [0.0, 0.0, 0.0, 1.0]], [2, null, null, null], [0, 2, [-0.15436069402055844, 0.12629511328954782, 0.7250017881393432], [0.0, 0.0, 0.0, 1.0]], [2, null, null, null]], "scene_graph": {"left": [[5, 4], [3, 5]], "right": [[5, 3], [4, 5]], "front": [[2, 3]], "behind": [[3, 2]], "on": [], "under": [], "leftbehind": [], "leftfront": [[2, 5]], "rightbehind": [[5, 2]], "rightfront": []}}