{"objects": {"3": ["plate", "medium"], "2": ["fork", "medium"], "4": ["knife", "medium"], "5": ["fruit", "medium"], "6": ["glass", "medium"]}, "action_order": [[0, 3, [0.061744277608223375, -0.028065580731010627, 0.7250017881393432], [0.0, 0.0, 0.0, 1.0]], [0, 2, [0.0673573937544255, -0.2553967846521967, 0.7250017881393432], [0.0, 0.0, 0.0, 1.0]], [0, 4, [0.07577706797372868, 0.1712000424591648, 0.7250017881393432], [0.0, 0.0, 0.0, 1.0]], [2, null, null, null], [0, 5, [0.06382187902920915, -0.027748643056177896, 0.734882926940918], [0.0, 0.0, 0.0, 1.0]], [2, null, null, null], [2, null, null, null], [2, null, null, null], [2, null, null, null], [2, null, null, null], [0, 6, [-0.16558692631296268, 0.16839348438606375, 0.7250017881393432], [0.0, 0.0, 0.0, 1.0]], [2, null, null, null]], "scene_graph": {"left": [[4, 3], [4, 5], [3, 2], [5, 2]], "right": [[3, 4], [2, 3], [2, 5], [5, 4]], "front": [[6, 4]], "behind": [[4, 6]], "on": [[3, 5]], "under": [[5, 3]], "leftbehind": [], "leftfront": [[6, 3], [6, 5]], "rightbehind": [[3, 6], [5, 6]], "rightfront": []}}