{"objects": {"6": ["plate", "medium"], "5": ["fork", "medium"], "4": ["knife", "medium"], "3": ["glass", "medium"], "2": ["fruit", "medium"]}, "action_order": [[0, 6, [0.061744277608223375, -0.028065580731010627, 0.7250017881393432], [0.0, 0.0, 0.0, 1.0]], [0, 5, [0.0673573937544255, -0.2553967846521967, 0.7250017881393432], [0.0, 0.0, 0.0, 1.0]], [0, 4, [0.07577706797372868, 0.1712000424591648, 0.7250017881393432], [0.0, 0.0, 0.0, 1.0]], [2, null, null, null], [0, 3, [-0.17120004245916481, -0.25259022657909563, 0.7250017881393432], [0.0, 0.0, 0.0, 1.0]], [0, 2, [0.06382187902920915, -0.027748643056177896, 0.734882926940918], [0.0, 0.0, 0.0, 1.0]], [2, null, null, null], [2, null, null, null], [2, null, null, null], [2, null, null, null], [2, null, null, null]], "scene_graph": {"left": [[4, 6], [6, 5], [2, 5]], "right": [[6, 4], [5, 6], [5, 2]], "front": [[3, 5]], "behind": [[5, 3]], "on": [[6, 2]], "under": [[2, 6]], "leftbehind": [[6, 3], [2, 3]], "leftfront": [], "rightbehind": [], "rightfront": [[3, 6], [3, 2]]}}