{"objects": {"2": ["plate", "medium"], "3": ["fork", "medium"], "4": ["knife", "medium"], "5": ["cup", "medium"]}, "action_order": [[0, 2, [0.05893771953512231, -0.05613116146202125, 0.7250017881393432], [0.0, 0.0, 0.0, 1.0]], [0, 3, [0.08139018411993082, -0.2722361330908031, 0.7250017881393432], [0.0, 0.0, 0.0, 1.0]], [0, 4, [0.09542297448543612, 0.1431344617281542, 0.7250017881393432], [0.0, 0.0, 0.0, 1.0]], [2, null, null, null], [2, null, null, null], [0, 5, [-0.14594101980125523, 0.29468859767561156, 0.7250017881393432], [0.0, 0.0, 0.0, 1.0]], [2, null, null, null]], "scene_graph": {"left": [[2, 3], [4, 2]], "right": [[2, 4], [3, 2]], "front": [], "behind": [], "on": [], "under": [], "leftbehind": [], "leftfront": [[5, 4], [5, 2]], "rightbehind": [[2, 5], [4, 5]], "rightfront": []}}