{"objects": {"5": ["plate", "medium"], "6": ["knife", "medium"], "4": ["fork", "medium"], "3": ["cup", "medium"], "2": ["can_drink", "medium"]}, "action_order": [[0, 5, [0.04771148724271807, -0.025259022657909563, 0.7250017881393432], [0.0, 0.0, 0.0, 1.0]], [2, null, null, null], [0, 6, [0.044904929169617004, 0.14032790365505315, 0.7250017881393432], [0.0, 0.0, 0.0, 1.0]], [2, null, null, null], [0, 4, [0.0533246033889202, -0.19926562319017546, 0.7250017881393432], [0.0, 0.0, 0.0, 1.0]], [2, null, null, null], [2, null, null, null], [2, null, null, null], [2, null, null, null], [2, null, null, null], [2, null, null, null], [0, 3, [0.033678696877212755, -0.3283672945528244, 0.7250017881393432], [0.0, 0.0, -1.0, 6.123233995736766e-17]], [2, null, null, null], [0, 2, [0.028065580731010627, -0.4799214305002818, 0.7250017881393432], [0.0, 0.0, 0.0, 1.0]], [2, null, null, null]], "scene_graph": {"left": [[5, 4], [6, 5], [4, 3], [3, 2]], "right": [[5, 6], [4, 5], [3, 4], [2, 3]], "front": [], "behind": [], "on": [], "under": [], "leftbehind": [], "leftfront": [], "rightbehind": [], "rightfront": []}}