{"objects": {"3": ["plate", "medium"], "2": ["fork", "medium"], "4": ["knife", "medium"], "6": ["bowl", "small"], "5": ["glass", "medium"]}, "action_order": [[0, 3, [0.11506888099714355, -0.036485254950313815, 0.7250017881393432], [0.0, 0.0, 0.0, 1.0]], [0, 2, [0.12348855521644675, -0.24978366850599457, 0.7250017881393432], [0.0, 0.0, 0.0, 1.0]], [0, 4, [0.12348855521644675, 0.1964590651170744, 0.7250017881393432], [0.0, 0.0, 0.0, 1.0]], [2, null, null, null], [1, 4, [0.1234843636001855, 0.16646062235817274, 0.7806297781146745], [0.0, 0.0, 0.0, 1.0]], [2, null, null, null], [2, null, null, null], [2, null, null, null], [2, null, null, null], [2, null, null, null], [2, null, null, null], [2, null, null, null], [0, 6, [-0.10103609063163825, -0.044904929169617, 0.7250017881393432], [0.0, 0.0, 0.0, 1.0]], [2, null, null, null], [0, 5, [0.12068199714334568, 0.29468859767561156, 0.7250017881393432], [0.0, 0.0, 0.0, 1.0]], [2, null, null, null]], "scene_graph": {"left": [[3, 2], [4, 3], [5, 4]], "right": [[3, 4], [2, 3], [4, 5]], "front": [[6, 3]], "behind": [[3, 6]], "on": [], "under": [], "leftbehind": [[4, 6]], "leftfront": [[6, 2]], "rightbehind": [[2, 6]], "rightfront": [[6, 4]]}}