{"objects": {"2": ["plate", "medium"], "3": ["fork", "medium"], "4": ["fork", "medium"], "5": ["knife", "medium"], "6": ["spoon", "medium"], "7": ["glass", "medium"]}, "action_order": [[0, 2, [0.056131161462021247, -0.008419674219303187, 0.7250017881393432], [0.0, 0.0, 0.0, 1.0]], [0, 3, [0.07297050990062762, -0.2020721812632765, 0.7250017881393432], [0.0, 0.0, 0.0, 1.0]], [0, 4, [0.07858362604682974, -0.3059148299680158, 0.7250017881393432], [0.0, 0.0, 0.0, 1.0]], [0, 5, [0.05893771953512231, 0.17400660053226588, 0.7250017881393432], [0.0, 0.0, 0.0, 1.0]], [0, 6, [0.053324603388920186, 0.28346236538320735, 0.7250017881393432], [0.0, 0.0, 0.0, 1.0]], [2, null, null, null], [1, 4, [0.07894582391681537, -0.27581436329137876, 0.7834574126710729], [0.0, 0.0, 0.0, 1.0]], [1, 4, [0.07894582391681537, -0.24581436329137876, 0.8], [0.0, 0.0, 0.0, 1.0]], [2, null, null, null], [1, 3, [0.07261918552496967, -0.17199857939646493, 0.7811946696049404], [0.0, 0.0, 0.0, 1.0]], [2, null, null, null], [1, 5, [0.05890243576078581, 0.14392899666620207, 0.7780169066680224], [0.0, 0.0, 0.0, 1.0]], [1, 6, [0.05378058131893103, 0.25343868137656955, 0.7839403465966154], [0.0, 0.0, 0.0, 1.0]], [1, 6, [0.05378058131893103, 0.22343868137656955, 0.8], [0.0, 0.0, 0.0, 1.0]], [2, null, null, null], [2, null, null, null], [2, null, null, null], [2, null, null, null], [2, null, null, null], [2, null, null, null], [0, 7, [-0.15436069402055844, 0.3452066429914306, 0.7250017881393432], [0.0, 0.0, 0.0, 1.0]], [2, null, null, null]], "scene_graph": {"left": [[2, 3], [3, 4], [5, 2], [6, 5]], "right": [[2, 5], [3, 2], [4, 3], [5, 6]], "front": [], "behind": [], "on": [], "under": [], "leftbehind": [], "leftfront": [[7, 6], [7, 5], [7, 2]], "rightbehind": [[5, 7], [6, 7], [2, 7]], "rightfront": []}}