{"objects": {"4": ["book", "medium"], "6": ["book", "medium"], "5": ["cup", "medium"], "2": ["can_drink", "medium"], "3": ["marker", "medium"]}, "action_order": [[0, 4, [-0.016839348438606377, -0.19365250704397335, 0.7250017881393432], [0.0, 0.0, 0.0, 1.0]], [0, 6, [-0.028065580731010627, 0.14594101980125526, 0.7250017881393432], [0.0, 0.0, 0.0, 1.0]], [2, null, null, null], [2, null, null, null], [2, null, null, null], [2, null, null, null], [0, 5, [0.06735739375442551, 0.37607878179554244, 0.7250017881393432], [0.0, 0.0, 0.0, 1.0]], [2, null, null, null], [2, null, null, null], [1, 5, [0.037181808274638795, 0.3761222883907773, 0.8], [0.0, 0.0, 0.0, 1.0]], [2, null, null, null], [2, null, null, null], [2, null, null, null], [2, null, null, null], [0, 2, [-0.08980985833923401, 0.35923943335693603, 0.7250017881393432], [0.0, 0.0, 0.0, 1.0]], [2, null, null, null], [1, 4, [-0.016839496139227073, -0.16365228710607446, 0.7759845215140352], [0.0, 0.0, 0.0, 1.0]], [1, 4, [-0.016839496139227073, -0.13365228710607446, 0.8], [0.0, 0.0, 0.0, 1.0]], [2, null, null, null], [1, 4, [-0.01677359325930051, -0.10375249940133607, 0.7758955031656529], [0.0, 0.0, 0.0, 1.0]], [2, null, null, null], [0, 3, [-0.008419674219303189, -0.3255607364797233, 0.7250017881393432], [0.0, 0.0, 0.0, 1.0]], [2, null, null, null], [1, 3, [-0.008579406706585161, -0.2955370578751173, 0.7841404464135091], [0.0, 0.0, 0.0, 1.0]], [2, null, null, null]], "scene_graph": {"left": [[4, 3], [6, 4], [5, 6], [2, 6]], "right": [[4, 6], [6, 5], [6, 2], [3, 4]], "front": [[2, 5]], "behind": [[5, 2]], "on": [], "under": [], "leftbehind": [], "leftfront": [], "rightbehind": [], "rightfront": []}}