{"objects": {"6": ["book", "medium"], "5": ["book", "medium"], "4": ["marker", "medium"], "3": ["cup", "medium"], "2": ["can_drink", "medium"]}, "action_order": [[0, 6, [-0.016839348438606377, -0.19365250704397335, 0.7250017881393432], [0.0, 0.0, 0.0, 1.0]], [0, 5, [-0.028065580731010627, 0.14594101980125526, 0.7250017881393432], [0.0, 0.0, 0.0, 1.0]], [2, null, null, null], [0, 4, [-0.022452464584808502, -0.022452464584808502, 0.7250017881393432], [0.0, 0.0, 0.0, 1.0]], [2, null, null, null], [0, 3, [-0.10103609063163826, 0.3704656656493403, 0.7250017881393432], [0.0, 0.0, 0.0, 1.0]], [2, null, null, null], [0, 2, [0.05893771953512232, 0.3732722237224414, 0.7250017881393432], [0.0, 0.0, 0.0, 1.0]], [2, null, null, null]], "scene_graph": {"left": [[5, 4], [4, 6], [3, 5], [2, 5]], "right": [[6, 4], [5, 3], [5, 2], [4, 5]], "front": [[3, 2]], "behind": [[2, 3]], "on": [], "under": [], "leftbehind": [], "leftfront": [], "rightbehind": [], "rightfront": []}}