{"objects": {"5": ["book", "medium"], "6": ["marker", "medium"], "4": ["scissors", "medium"], "2": ["glue", "medium"], "3": ["stapler", "medium"]}, "action_order": [[0, 5, [-0.016839348438606377, -0.0056131161462021255, 0.7250017881393432], [0.0, 0.0, 0.0, 1.0]], [2, null, null, null], [2, null, null, null], [2, null, null, null], [2, null, null, null], [0, 6, [-0.016839348438606377, 0.1740066005322659, 0.7250017881393432], [0.0, 0.0, 0.0, 1.0]], [2, null, null, null], [0, 4, [0.0, -0.23013776199428715, 0.7250017881393432], [0.0, 0.0, 0.0, 1.0]], [2, null, null, null], [0, 2, [-0.24697711043289353, -0.07858362604682975, 0.7250017881393432], [0.0, 0.0, 0.0, 1.0]], [2, null, null, null], [0, 3, [-0.266623016944601, 0.05332460338892019, 0.7250017881393432], [0.0, 0.0, 0.0, 1.0]], [2, null, null, null]], "scene_graph": {"left": [[5, 4], [6, 5], [3, 2]], "right": [[5, 6], [4, 5], [2, 3]], "front": [[2, 5], [3, 5]], "behind": [[5, 2], [5, 3]], "on": [], "under": [], "leftbehind": [[6, 3], [6, 2]], "leftfront": [[2, 4], [3, 4]], "rightbehind": [[4, 2], [4, 3]], "rightfront": [[3, 6], [2, 6]]}}