{"objects": {"8": ["book", "medium"], "6": ["scissors", "medium"], "7": ["glue", "medium"], "5": ["book", "medium"], "4": ["cup", "medium"], "3": ["marker", "medium"], "2": ["stapler", "medium"]}, "action_order": [[0, 8, [-0.014032790365505313, -0.16839348438606377, 0.7250017881393432], [0.0, 0.0, 0.0, 1.0]], [2, null, null, null], [0, 6, [0.06455083568132444, 0.033678696877212755, 0.7250017881393432], [0.0, 0.0, 0.0, 1.0]], [2, null, null, null], [0, 7, [-0.13471478750885102, 0.042098371096515944, 0.7250017881393432], [0.0, 0.0, 0.0, 1.0]], [2, null, null, null], [2, null, null, null], [2, null, null, null], [0, 5, [-0.008419674219303189, 0.2553967846521967, 0.7250017881393432], [0.0, 0.0, 0.0, 1.0]], [2, null, null, null], [1, 8, [-0.014032683384360988, -0.13839336340176547, 0.7759894468656585], [0.0, 0.0, 0.0, 1.0]], [2, null, null, null], [2, null, null, null], [0, 4, [-0.2918820396025105, 0.2525902265790957, 0.7250017881393432], [0.0, 0.0, 0.0, 1.0]], [2, null, null, null], [1, 4, [-0.26228223182842847, 0.24856056597271123, 0.8], [0.0, 0.0, 0.0, 1.0]], [1, 4, [-0.26228223182842847, 0.2785605659727112, 0.8], [0.0, 0.0, 0.0, 1.0]], [2, null, null, null], [2, null, null, null], [0, 3, [0.05613116146202125, -0.33117385262592536, 0.7250017881393432], [0.0, 0.0, 0.0, 1.0]], [0, 2, [-0.11787543907024464, -0.356432875283835, 0.7250017881393432], [0.0, 0.0, 0.0, 1.0]], [2, null, null, null], [1, 2, [-0.11785217824635126, -0.32693596599942054, 0.8], [0.0, 0.0, 0.0, 1.0]], [2, null, null, null], [2, null, null, null], [2, null, null, null]], "scene_graph": {"left": [[8, 2], [6, 8], [7, 8], [5, 6], [5, 7], [8, 3]], "right": [[8, 6], [8, 7], [6, 5], [7, 5], [3, 8], [2, 8]], "front": [[7, 6], [4, 5], [2, 3]], "behind": [[6, 7], [5, 4], [3, 2]], "on": [], "under": [], "leftbehind": [], "leftfront": [[4, 7], [4, 6]], "rightbehind": [[7, 4], [6, 4]], "rightfront": []}}