{"objects": {"7": ["book", "medium"], "8": ["book", "medium"], "4": ["stapler", "medium"], "5": ["glue", "medium"], "3": ["cup", "medium"], "2": ["marker", "medium"], "6": ["scissors", "medium"]}, "action_order": [[0, 7, [0.08419674219303189, -0.1908459489708723, 0.7250017881393432], [0.0, 0.0, 0.0, 1.0]], [0, 8, [0.09261641641233508, 0.07297050990062763, 0.7250017881393432], [0.0, 0.0, 0.0, 1.0]], [0, 4, [-0.14313446172815422, -0.224524645848085, 0.7250017881393432], [0.0, 0.0, 0.0, 1.0]], [0, 5, [-0.15716725209365953, -0.14594101980125526, 0.7250017881393432], [0.0, 0.0, 0.0, 1.0]], [2, null, null, null], [1, 5, [-0.12165469904003356, -0.14900511845385564, 0.8], [0.0, 0.0, 0.0, 1.0]], [1, 5, [-0.12165469904003356, -0.11900511845385564, 0.8], [0.0, 0.0, 0.0, 1.0]], [2, null, null, null], [1, 5, [-0.1511934937590358, -0.11723417239357185, 0.8], [0.0, 0.0, 0.0, 1.0]], [2, null, null, null], [2, null, null, null], [2, null, null, null], [2, null, null, null], [2, null, null, null], [2, null, null, null], [2, null, null, null], [1, 8, [0.09261662839318296, 0.04296955868001026, 0.775989759366058], [0.0, 0.0, 0.0, 1.0]], [2, null, null, null], [2, null, null, null], [2, null, null, null], [2, null, null, null], [0, 3, [-0.14874757787435636, 0.042098371096515944, 0.7250017881393432], [0.0, 0.0, 0.0, 1.0]], [2, null, null, null], [1, 3, [-0.15030968902136932, 0.07225582403093608, 0.8], [0.0, 0.0, 0.0, 1.0]], [2, null, null, null], [1, 3, [-0.15031218477766128, 0.04226060711918758, 0.8], [0.0, 0.0, 0.0, 1.0]], [2, null, null, null], [0, 2, [0.28346236538320735, -0.2020721812632765, 0.7250017881393432], [0.0, 0.0, -0.7071067811865475, 0.7071067811865476]], [2, null, null, null], [0, 6, [0.0757770679737287, -0.4097574786727552, 0.7250017881393432], [0.0, 0.0, 0.0, 1.0]], [2, null, null, null], [1, 6, [0.10577704610434757, -0.4097576025403682, 0.7768171698080122], [0.0, 0.0, 0.0, 1.0]], [2, null, null, null]], "scene_graph": {"left": [[8, 7], [5, 4], [3, 5], [7, 6]], "right": [[7, 8], [4, 5], [5, 3], [6, 7]], "front": [[7, 2], [4, 7], [5, 7], [3, 8]], "behind": [[7, 4], [8, 3], [2, 7], [7, 5]], "on": [], "under": [], "leftbehind": [[2, 6]], "leftfront": [[8, 2], [4, 6], [3, 7]], "rightbehind": [[2, 8], [6, 4], [7, 3]], "rightfront": [[6, 2]]}}