{"objects": {"2": ["book", "medium"], "3": ["book", "medium"], "4": ["cup", "medium"], "5": ["stapler", "medium"], "6": ["scissors", "medium"], "8": ["glue", "medium"], "7": ["marker", "medium"]}, "action_order": [[0, 2, [0.08419674219303189, -0.1908459489708723, 0.7250017881393432], [0.0, 0.0, 0.0, 1.0]], [0, 3, [0.09261641641233508, 0.07297050990062763, 0.7250017881393432], [0.0, 0.0, 0.0, 1.0]], [0, 4, [0.08980985833923401, 0.314334504187319, 0.7250017881393432], [0.0, 0.0, 0.0, 1.0]], [0, 5, [-0.14313446172815422, -0.224524645848085, 0.7250017881393432], [0.0, 0.0, 0.0, 1.0]], [0, 6, [-0.16278036823986167, 0.05613116146202125, 0.7250017881393432], [0.0, 0.0, 0.0, 1.0]], [1, 6, [-0.16278036823986167, 0.05613116146202125, 0.8], [0.0, 0.0, -0.25881904510252074, 0.9659258262890683]], [1, 6, [-0.16278036823986167, 0.05613116146202125, 0.8], [0.0, 0.0, -0.25881904510252074, 0.9659258262890683]], [1, 6, [-0.16278036823986167, 0.05613116146202125, 0.8], [0.0, 0.0, -0.25881904510252074, 0.9659258262890683]], [0, 8, [-0.15716725209365953, -0.14594101980125526, 0.7250017881393432], [0.0, 0.0, 0.0, 1.0]], [2, null, null, null], [1, 8, [-0.12165469904003356, -0.14900511845385564, 0.8], [0.0, 0.0, 0.0, 1.0]], [1, 8, [-0.12165469904003356, -0.11900511845385564, 0.8], [0.0, 0.0, 0.0, 1.0]], [2, null, null, null], [1, 8, [-0.1511934937590358, -0.11723417239357185, 0.8], [0.0, 0.0, 0.0, 1.0]], [2, null, null, null], [2, null, null, null], [1, 4, [0.08996285793139053, 0.28414428966351146, 0.8], [0.0, 0.0, 0.0, 1.0]], [2, null, null, null], [0, 7, [0.0982426497458648, 0.06638016874720595, 0.7721884608268738], [0.0, 0.0, 0.0, 1.0]], [2, null, null, null]], "scene_graph": {"left": [[4, 3], [4, 7], [6, 8], [8, 5], [3, 2]], "right": [[2, 3], [5, 8], [8, 6], [3, 4], [7, 4]], "front": [[5, 2], [6, 3], [8, 2]], "behind": [[2, 5], [2, 8], [3, 6]], "on": [[3, 7]], "under": [[7, 3]], "leftbehind": [[4, 6], [3, 5]], "leftfront": [[6, 2]], "rightbehind": [[2, 6]], "rightfront": [[5, 3], [6, 4]]}}