{"objects": {"6": ["can_drink", "medium"], "5": ["cup", "medium"], "4": ["marker", "medium"], "3": ["stapler", "medium"], "2": ["glue", "medium"]}, "action_order": [[0, 6, [-0.03087213880411169, 0.18523283282467015, 0.7250017881393432], [0.0, 0.0, 0.0, 1.0]], [0, 5, [0.08980985833923401, 0.2020721812632765, 0.7250017881393432], [0.0, 0.0, 0.0, 1.0]], [0, 4, [-0.025259022657909566, 0.0028065580731010628, 0.7250017881393432], [0.0, 0.0, -0.7071067811865475, 0.7071067811865476]], [0, 3, [0.08700330026613295, 0.05332460338892019, 0.7250017881393432], [0.0, 0.0, -0.7071067811865475, 0.7071067811865476]], [0, 2, [0.10103609063163826, -0.036485254950313815, 0.7250017881393432], [0.0, 0.0, -0.7071067811865475, 0.7071067811865476]], [2, null, null, null]], "scene_graph": {"left": [[6, 4], [5, 3], [3, 2]], "right": [[4, 6], [3, 5], [2, 3]], "front": [[6, 5], [4, 3], [4, 2]], "behind": [[5, 6], [3, 4], [2, 4]], "on": [], "under": [], "leftbehind": [[5, 4]], "leftfront": [[6, 3]], "rightbehind": [[3, 6]], "rightfront": [[4, 5]]}}