{"objects": {"6": ["can_drink", "medium"], "5": ["cup", "medium"], "4": ["marker", "medium"], "3": ["stapler", "medium"], "2": ["glue", "medium"]}, "action_order": [[0, 6, [-0.04771148724271807, 0.08419674219303189, 0.7250017881393432], [0.0, 0.0, 0.0, 1.0]], [0, 5, [-0.05613116146202125, 0.23575087814048928, 0.7250017881393432], [0.0, 0.0, 0.0, 1.0]], [0, 4, [0.06455083568132444, 0.17120004245916481, 0.7250017881393432], [0.0, 0.0, -0.7071067811865475, 0.7071067811865476]], [2, null, null, null], [0, 3, [-0.036485254950313815, -0.039291813023414876, 0.7250017881393432], [0.0, 0.0, 0.0, 1.0]], [0, 2, [0.0533246033889202, -0.044904929169617004, 0.7250017881393432], [0.0, 0.0, 0.0, 1.0]], [2, null, null, null]], "scene_graph": {"left": [[6, 3], [5, 6], [4, 2]], "right": [[6, 5], [3, 6], [2, 4]], "front": [[6, 4], [5, 4], [3, 2]], "behind": [[4, 5], [4, 6], [2, 3]], "on": [], "under": [], "leftbehind": [[4, 3]], "leftfront": [[6, 2]], "rightbehind": [[2, 6]], "rightfront": [[3, 4]]}}