{"objects": {"6": ["marker", "medium"], "7": ["stapler", "medium"], "2": ["glue", "medium"], "3": ["scissors", "medium"], "4": ["cup", "medium"], "5": ["can_drink", "medium"]}, "action_order": [[2, null, null, null], [2, null, null, null], [0, 6, [0.1655869263129627, -0.2076852974094787, 0.7250017881393432], [0.0, 0.0, 0.0, 1.0]], [0, 7, [0.1908459489708723, -0.14874757787435636, 0.7250017881393432], [0.0, 0.0, 0.0, 1.0]], [1, 7, [0.1908459489708723, -0.11874757787435636, 0.8], [0.0, 0.0, 0.0, 1.0]], [1, 7, [0.1908459489708723, -0.08874757787435636, 0.8], [0.0, 0.0, 0.0, 1.0]], [2, null, null, null], [2, null, null, null], [2, null, null, null], [2, null, null, null], [0, 2, [-0.008419674219303189, -0.2048787393363776, 0.7250017881393432], [0.0, 0.0, 0.0, 1.0]], [0, 3, [0.022452464584808502, -0.08700330026613295, 0.7250017881393432], [0.0, 0.0, 0.0, 1.0]], [2, null, null, null], [0, 4, [0.18523283282467015, 0.08139018411993082, 0.7250017881393432], [0.0, 0.0, 0.0, 1.0]], [2, null, null, null], [0, 5, [0.011226232292404251, 0.07016395182752658, 0.7250017881393432], [0.0, 0.0, 0.0, 1.0]], [2, null, null, null]], "scene_graph": {"left": [[7, 6], [3, 2], [3, 6], [4, 7], [5, 3]], "right": [[6, 7], [6, 3], [7, 4], [2, 3], [3, 5]], "front": [[2, 6], [2, 7], [5, 4], [3, 7]], "behind": [[6, 2], [7, 3], [4, 5], [7, 2]], "on": [], "under": [], "leftbehind": [[4, 3]], "leftfront": [[5, 7]], "rightbehind": [[7, 5]], "rightfront": [[3, 4]]}}