{"objects": {"4": ["can_drink", "medium"], "6": ["cup", "medium"], "5": ["scissors", "medium"], "2": ["stapler", "medium"], "3": ["can_drink", "medium"]}, "action_order": [[0, 4, [0.1122623229240425, -0.17681315860536698, 0.7250017881393432], [0.0, 0.0, 0.0, 1.0]], [0, 6, [0.1122623229240425, -0.022452464584808502, 0.7250017881393432], [0.0, 0.0, 0.0, 1.0]], [2, null, null, null], [2, null, null, null], [0, 5, [-0.01964590651170744, -0.13471478750885102, 0.7250017881393432], [0.0, 0.0, -0.7071067811865475, 0.7071067811865476]], [0, 2, [0.0028065580731010628, 0.09822953255853721, 0.7250017881393432], [0.0, 0.0, 0.0, 1.0]], [2, null, null, null], [1, 5, [-0.049645772251531196, -0.13471471060290613, 0.7768179695744136], [0.0, 0.0, 0.0, 1.0]], [2, null, null, null], [1, 2, [-0.025237339973249874, 0.09819955320836579, 0.7866303697996812], [0.0, 0.0, 0.0, 1.0]], [2, null, null, null], [2, null, null, null], [1, 5, [-0.049645961147930816, -0.1647147783572553, 0.7768278506941468], [0.0, 0.0, 0.0, 1.0]], [1, 5, [-0.049645961147930816, -0.19471477835725529, 0.8], [0.0, 0.0, 0.0, 1.0]], [2, null, null, null], [1, 2, [-0.026364887062293018, 0.12771810868311867, 0.7866016468617067], [0.0, 0.0, 0.0, 1.0]], [2, null, null, null], [2, null, null, null], [2, null, null, null], [0, 3, [0.10103609063163826, 0.13471478750885102, 0.7250017881393432], [0.0, 0.0, 0.0, 1.0]], [2, null, null, null]], "scene_graph": {"left": [[6, 4], [2, 5], [3, 6]], "right": [[4, 6], [6, 3], [5, 2]], "front": [[5, 6], [5, 4], [2, 3]], "behind": [[4, 5], [6, 5], [3, 2]], "on": [], "under": [], "leftbehind": [[3, 5]], "leftfront": [[2, 6]], "rightbehind": [[6, 2]], "rightfront": [[5, 3]]}}