{"objects": {"5": ["soap_dish", "medium"], "4": ["soap", "medium"], "3": ["toothpaste", "medium"], "2": ["cleanser", "medium"]}, "action_order": [[0, 5, [0.08139018411993083, -0.019645906511707438, 0.7250017881393432], [0.0, 0.0, 0.0, 1.0]], [0, 4, [0.0890304718937024, -0.015262366610348984, 0.8069441676139831], [0.0, 0.0, 0.0, 1.0]], [2, null, null, null], [0, 3, [-0.07016395182752658, -0.09261641641233508, 0.7250017881393432], [0.0, 0.0, 0.0, 1.0]], [0, 2, [-0.07297050990062763, 0.028065580731010627, 0.7250017881393432], [0.0, 0.0, 0.0, 1.0]], [1, 3, [-0.07016395182752658, -0.06261641641233508, 0.8], [0.0, 0.0, 0.0, 1.0]], [2, null, null, null]], "scene_graph": {"left": [[2, 3]], "right": [[3, 2]], "front": [[3, 4], [2, 5], [2, 4]], "behind": [[4, 3], [5, 2], [4, 2]], "on": [[5, 4]], "under": [[4, 5]], "leftbehind": [[5, 3]], "leftfront": [], "rightbehind": [], "rightfront": [[3, 5]]}}