{"objects": {"5": ["soap_dish", "medium"], "4": ["soap", "medium"], "3": ["cleanser", "medium"], "2": ["toothpaste", "medium"]}, "action_order": [[0, 5, [0.014032790365505313, -0.16839348438606377, 0.7250017881393432], [0.0, 0.0, 0.0, 1.0]], [0, 4, [0.015261754063261818, -0.16787929469587998, 0.8069759964942932], [0.0, 0.0, 0.0, 1.0]], [2, null, null, null], [0, 3, [0.01964590651170744, -0.0028065580731010628, 0.7250017881393432], [0.0, 0.0, 0.0, 1.0]], [0, 2, [0.01964590651170744, 0.11506888099714357, 0.7250017881393432], [0.0, 0.0, 0.0, 1.0]], [2, null, null, null]], "scene_graph": {"left": [[3, 5], [3, 4], [2, 3]], "right": [[5, 3], [4, 3], [3, 2]], "front": [], "behind": [], "on": [[5, 4]], "under": [[4, 5]], "leftbehind": [], "leftfront": [], "rightbehind": [], "rightfront": []}}