{"objects": {"5": ["soap_dish", "medium"], "4": ["soap", "medium"], "3": ["toothpaste", "medium"], "2": ["cleanser", "medium"]}, "action_order": [[0, 5, [0.06455083568132444, -0.022452464584808502, 0.7250017881393432], [0.0, 0.0, 0.0, 1.0]], [0, 4, [0.07377316166455238, -0.025439021263638745, 0.806889808177948], [0.0, 0.0, 0.0, 1.0]], [2, null, null, null], [2, null, null, null], [2, null, null, null], [2, null, null, null], [2, null, null, null], [0, 3, [-0.09261641641233508, 0.05332460338892019, 0.7250017881393432], [0.0, 0.0, -0.7071067811865475, 0.7071067811865476]], [2, null, null, null], [2, null, null, null], [0, 2, [-0.09542297448543614, -0.10945576485094147, 0.7250017881393432], [0.0, 0.0, -0.7071067811865475, 0.7071067811865476]], [2, null, null, null]], "scene_graph": {"left": [[3, 2]], "right": [[2, 3]], "front": [[3, 5], [3, 4], [2, 5], [2, 4]], "behind": [[5, 3], [4, 3], [5, 2], [4, 2]], "on": [[5, 4]], "under": [[4, 5]], "leftbehind": [], "leftfront": [], "rightbehind": [], "rightfront": []}}