{"objects": {"6": ["book", "medium"], "7": ["book", "medium"], "5": ["bowl", "medium"], "4": ["can_drink", "medium"], "3": ["remote", "medium"], "2": ["cup", "medium"]}, "action_order": [[0, 6, [0.025259022657909566, -0.17681315860536698, 0.7250017881393432], [0.0, 0.0, 0.0, 1.0]], [0, 7, [0.01964590651170744, 0.1122623229240425, 0.7250017881393432], [0.0, 0.0, 0.0, 1.0]], [2, null, null, null], [0, 5, [-0.24136399428669142, -0.18803939089777122, 0.7250017881393432], [0.0, 0.0, 0.0, 1.0]], [2, null, null, null], [1, 5, [-0.24110584515536954, -0.1577536283891018, 0.8], [0.0, 0.0, 0.0, 1.0]], [2, null, null, null], [0, 4, [-0.23294432006738822, 0.044904929169617004, 0.7250017881393432], [0.0, 0.0, 0.0, 1.0]], [2, null, null, null], [2, null, null, null], [0, 3, [0.0028065580731010628, 0.3087213880411169, 0.7250017881393432], [0.0, 0.0, 0.0, 1.0]], [2, null, null, null], [2, null, null, null], [0, 2, [-0.23294432006738822, 0.1908459489708723, 0.7250017881393432], [0.0, 0.0, 0.0, 1.0]], [2, null, null, null]], "scene_graph": {"left": [[4, 5], [3, 7], [2, 4], [7, 6]], "right": [[6, 7], [7, 3], [5, 4], [4, 2]], "front": [[5, 6], [4, 7], [2, 7]], "behind": [[6, 5], [7, 2], [7, 4]], "on": [], "under": [], "leftbehind": [[3, 2], [3, 4], [7, 5]], "leftfront": [[4, 6]], "rightbehind": [[6, 4]], "rightfront": [[5, 7], [2, 3], [4, 3]]}}