{"objects": {"6": ["remote", "medium"], "5": ["cup", "medium"], "4": ["teapot", "medium"], "3": ["can_drink", "medium"], "2": ["glass", "medium"]}, "action_order": [[0, 6, [0.036485254950313815, 0.22733120392118614, 0.7250017881393432], [0.0, 0.0, 0.0, 1.0]], [2, null, null, null], [0, 5, [0.1122623229240425, 0.06174427760822338, 0.7250017881393432], [0.0, 0.0, 0.0, 1.0]], [2, null, null, null], [2, null, null, null], [0, 4, [0.13752134558195206, -0.16558692631296268, 0.7250017881393432], [0.0, -0.0, -0.7071067811865476, -0.7071067811865475]], [0, 3, [-0.01964590651170744, -0.1908459489708723, 0.7250017881393432], [0.0, 0.0, 0.0, 1.0]], [0, 2, [-0.011226232292404251, 0.033678696877212755, 0.7250017881393432], [0.0, 0.0, 0.0, 1.0]], [2, null, null, null], [1, 3, [-0.01970668352145424, -0.16327648620232316, 0.8], [0.0, 0.0, 0.0, 1.0]], [1, 3, [-0.01970668352145424, -0.13327648620232316, 0.8], [0.0, 0.0, 0.0, 1.0]], [2, null, null, null], [1, 5, [0.1424142463839397, 0.061567774572988725, 0.8], [0.0, 0.0, 0.0, 1.0]], [2, null, null, null], [1, 6, [0.06607668097077679, 0.22723120690897053, 0.7835039134761187], [0.0, 0.0, 0.0, 1.0]], [1, 6, [0.06607668097077679, 0.22723120690897053, 0.7835039134761187], [0.0, 0.0, 0.0, 1.0]], [1, 6, [0.06607668097077679, 0.22723120690897053, 0.7835039134761187], [0.0, 0.0, 0.0, 1.0]], [2, null, null, null]], "scene_graph": {"left": [[6, 5], [6, 2], [5, 4], [2, 3]], "right": [[5, 6], [4, 5], [3, 2], [2, 6]], "front": [[3, 4], [2, 5]], "behind": [[5, 2], [4, 3]], "on": [], "under": [], "leftbehind": [[5, 3]], "leftfront": [[2, 4]], "rightbehind": [[4, 2]], "rightfront": [[3, 5]]}}