{"objects": {"7": ["bowl", "medium"], "6": ["cup", "medium"], "5": ["teapot", "medium"], "4": ["glass", "medium"], "3": ["can_drink", "medium"], "2": ["remote", "medium"]}, "action_order": [[0, 7, [0.18523283282467015, -0.016839348438606377, 0.7250017881393432], [0.0, 0.0, 0.0, 1.0]], [2, null, null, null], [0, 6, [0.04771148724271807, -0.15436069402055844, 0.7250017881393432], [0.0, 0.0, 0.0, 1.0]], [2, null, null, null], [0, 5, [-0.13190822943574995, -0.19645906511707442, 0.7250017881393432], [0.0, 0.0, 0.0, 1.0]], [1, 5, [-0.13190822943574995, -0.16645906511707442, 0.8], [0.0, 0.0, 0.0, 1.0]], [2, null, null, null], [0, 4, [0.042098371096515944, 0.036485254950313815, 0.7250017881393432], [0.0, 0.0, 0.0, 1.0]], [0, 3, [-0.13471478750885102, 0.028065580731010627, 0.7250017881393432], [0.0, 0.0, 0.0, 1.0]], [2, null, null, null], [1, 7, [0.18549506522892342, -0.04655390997538004, 0.8], [0.0, 0.0, 0.0, 1.0]], [2, null, null, null], [0, 2, [-0.05051804531581913, 0.18523283282467015, 0.7250017881393432], [0.0, 0.0, 0.0, 1.0]], [2, null, null, null]], "scene_graph": {"left": [[4, 6], [3, 5], [2, 4], [2, 3]], "right": [[6, 4], [5, 3], [4, 2], [3, 2]], "front": [[5, 6], [4, 7], [3, 4], [5, 7]], "behind": [[7, 4], [7, 5], [6, 5], [4, 3]], "on": [], "under": [], "leftbehind": [[7, 6], [4, 5]], "leftfront": [[2, 7]], "rightbehind": [[7, 2]], "rightfront": [[6, 7], [5, 4]]}}