{"objects": {"2": ["bowl", "medium"], "3": ["cup", "medium"], "4": ["teapot", "medium"], "5": ["glass", "medium"], "6": ["can_drink", "medium"], "7": ["remote", "medium"]}, "action_order": [[0, 2, [0.18523283282467015, -0.016839348438606377, 0.7250017881393432], [0.0, 0.0, 0.0, 1.0]], [2, null, null, null], [0, 3, [0.04771148724271807, -0.15436069402055844, 0.7250017881393432], [0.0, 0.0, 0.0, 1.0]], [2, null, null, null], [0, 4, [-0.13190822943574995, -0.19645906511707442, 0.7250017881393432], [0.0, 0.0, 0.0, 1.0]], [1, 4, [-0.13190822943574995, -0.16645906511707442, 0.8], [0.0, 0.0, 0.0, 1.0]], [2, null, null, null], [0, 5, [0.042098371096515944, 0.036485254950313815, 0.7250017881393432], [0.0, 0.0, 0.0, 1.0]], [0, 6, [-0.13471478750885102, 0.028065580731010627, 0.7250017881393432], [0.0, 0.0, 0.0, 1.0]], [2, null, null, null], [1, 2, [0.18549506522892342, -0.04655390997538004, 0.8], [0.0, 0.0, 0.0, 1.0]], [2, null, null, null], [2, null, null, null], [0, 7, [-0.26942957501770204, -0.0757770679737287, 0.7250017881393432], [0.0, 0.0, -0.7071067811865475, 0.7071067811865476]], [2, null, null, null], [1, 7, [-0.2693343650382015, -0.04576620590386589, 0.7878762748556191], [0.0, 0.0, 0.0, 1.0]], [2, null, null, null], [1, 7, [-0.2693350708820311, -0.07576628057283116, 0.787861414393787], [0.0, 0.0, 0.0, 1.0]], [1, 7, [-0.29933507088203115, -0.07576628057283116, 0.8], [0.0, 0.0, 0.0, 1.0]], [1, 7, [-0.29933507088203115, -0.07576628057283116, 0.8], [0.0, 0.0, 0.0, 1.0]], [2, null, null, null]], "scene_graph": {"left": [[5, 3], [6, 4]], "right": [[3, 5], [4, 6]], "front": [[3, 2], [4, 3], [5, 2], [6, 5], [7, 4], [7, 6]], "behind": [[2, 3], [2, 5], [3, 4], [4, 7], [5, 6], [6, 7]], "on": [], "under": [], "leftbehind": [], "leftfront": [], "rightbehind": [], "rightfront": []}}