{"objects": {"2": ["teapot", "medium"], "6": ["remote", "medium"], "5": ["glass", "medium"], "7": ["cup", "medium"], "4": ["bowl", "medium"], "3": ["can_drink", "medium"]}, "action_order": [[2, null, null, null], [2, null, null, null], [2, null, null, null], [2, null, null, null], [2, null, null, null], [2, null, null, null], [2, null, null, null], [2, null, null, null], [2, null, null, null], [2, null, null, null], [2, null, null, null], [2, null, null, null], [0, 2, [-0.03929181302341488, -0.06735739375442551, 0.7250017881393432], [0.0, 0.0, 0.0, 1.0]], [1, 2, [-0.06929181302341489, -0.06735739375442551, 0.8], [0.0, 0.0, 0.0, 1.0]], [1, 2, [-0.06929181302341489, -0.03735739375442551, 0.8], [0.0, 0.0, 0.0, 1.0]], [1, 2, [-0.09929181302341489, -0.03735739375442551, 0.8], [0.0, 0.0, 0.0, 1.0]], [2, null, null, null], [0, 6, [0.14874757787435636, -0.2638164588714999, 0.7250017881393432], [0.0, 0.0, 0.0, 1.0]], [2, null, null, null], [2, null, null, null], [2, null, null, null], [0, 5, [-0.08419674219303189, 0.14032790365505315, 0.7250017881393432], [0.0, 0.0, 0.0, 1.0]], [2, null, null, null], [0, 7, [0.13752134558195206, -0.050518045315819125, 0.7250017881393432], [0.0, 0.0, 0.0, 1.0]], [1, 7, [0.13752134558195206, -0.020518045315819126, 0.8], [0.0, 0.0, 0.0, 1.0]], [2, null, null, null], [0, 4, [-0.10384264870473932, -0.2525902265790957, 0.7250017881393432], [0.0, 0.0, 0.0, 1.0]], [1, 4, [-0.10384264870473932, -0.2225902265790957, 0.8], [0.0, 0.0, 0.0, 1.0]], [2, null, null, null], [0, 3, [0.12348855521644676, 0.1740066005322659, 0.7250017881393432], [0.0, 0.0, 0.0, 1.0]], [2, null, null, null]], "scene_graph": {"left": [[2, 4], [5, 2], [7, 6], [3, 7]], "right": [[2, 5], [6, 7], [7, 3], [4, 2]], "front": [[2, 7], [5, 3], [4, 6]], "behind": [[6, 4], [7, 2], [3, 5]], "on": [], "under": [], "leftbehind": [[3, 2], [7, 4]], "leftfront": [[5, 7], [2, 6]], "rightbehind": [[6, 2], [7, 5]], "rightfront": [[4, 7], [2, 3]]}}