{"objects": {"2": ["teapot", "medium"], "3": ["cup", "medium"], "4": ["glass", "medium"], "5": ["bowl", "medium"], "6": ["can_drink", "medium"], "7": ["remote", "medium"]}, "action_order": [[0, 2, [-0.06455083568132444, -0.022452464584808502, 0.7250017881393432], [0.0, 0.0, 0.0, 1.0]], [0, 3, [0.15716725209365953, -0.039291813023414876, 0.7250017881393432], [0.0, 0.0, 0.0, 1.0]], [1, 3, [0.15716725209365953, -0.009291813023414877, 0.8], [0.0, 0.0, 0.0, 1.0]], [2, null, null, null], [0, 4, [0.17961971667846802, -0.23294432006738827, 0.7250017881393432], [0.0, 0.0, 0.0, 1.0]], [2, null, null, null], [1, 4, [0.179626705055059, -0.20295415368937467, 0.8], [0.0, 0.0, 0.0, 1.0]], [1, 4, [0.149626705055059, -0.20295415368937467, 0.8], [0.0, 0.0, 0.0, 1.0]], [2, null, null, null], [0, 5, [0.16839348438606377, 0.18803939089777122, 0.7250017881393432], [0.0, 0.0, 0.0, 1.0]], [2, null, null, null], [0, 6, [-0.04771148724271807, -0.2076852974094787, 0.7250017881393432], [0.0, 0.0, 0.0, 1.0]], [2, null, null, null], [2, null, null, null], [2, null, null, null], [0, 7, [0.17681315860536695, 0.404144362526553, 0.7250017881393432], [0.0, 0.0, 0.0, 1.0]], [1, 7, [0.17681315860536695, 0.37414436252655303, 0.8], [0.0, 0.0, 0.0, 1.0]], [2, null, null, null]], "scene_graph": {"left": [[2, 6], [3, 4], [5, 3], [7, 5]], "right": [[3, 5], [4, 3], [5, 7], [6, 2]], "front": [[2, 3], [6, 4]], "behind": [[3, 2], [4, 6]], "on": [], "under": [], "leftbehind": [[5, 2], [3, 6]], "leftfront": [[2, 4]], "rightbehind": [[4, 2]], "rightfront": [[6, 3], [2, 5]]}}