{"objects": {"7": ["remote", "medium"], "6": ["teapot", "medium"], "5": ["cup", "medium"], "4": ["can_drink", "medium"], "3": ["glass", "medium"], "2": ["bowl", "medium"]}, "action_order": [[0, 7, [0.17120004245916487, -0.05893771953512232, 0.7250017881393432], [0.0, 0.0, -0.7071067811865475, 0.7071067811865476]], [2, null, null, null], [0, 6, [-0.08700330026613295, -0.2497836685059946, 0.7250017881393432], [0.0, 0.0, 0.0, 1.0]], [0, 5, [0.09261641641233508, -0.27784924923700527, 0.7250017881393432], [0.0, 0.0, 0.0, 1.0]], [2, null, null, null], [1, 5, [0.0910524090741429, -0.24769721322738789, 0.8], [0.0, 0.0, 0.0, 1.0]], [2, null, null, null], [1, 6, [-0.11668671759649375, -0.250563351228433, 0.8], [0.0, 0.0, 0.0, 1.0]], [2, null, null, null], [0, 4, [-0.12910167136264888, -0.05332460338892019, 0.7250017881393432], [0.0, 0.0, 0.0, 1.0]], [0, 3, [0.06735739375442551, -0.06735739375442551, 0.7250017881393432], [0.0, 0.0, 0.0, 1.0]], [1, 7, [0.20177280016994492, -0.05868145715248708, 0.7952771737143113], [0.0, 0.0, 0.0, 1.0]], [1, 7, [0.20177280016994492, -0.08868145715248707, 0.8], [0.0, 0.0, 0.0, 1.0]], [2, null, null, null], [1, 3, [0.06542484587187045, -0.03830009685322858, 0.8], [0.0, 0.0, 0.0, 1.0]], [2, null, null, null], [1, 7, [0.23177246675167526, -0.0886813499337422, 0.7952774709179964], [0.0, 0.0, 0.0, 1.0]], [1, 7, [0.23177246675167526, -0.0586813499337422, 0.8], [0.0, 0.0, 0.0, 1.0]], [2, null, null, null], [0, 2, [-0.05051804531581913, 0.12068199714334571, 0.7250017881393432], [0.0, 0.0, 0.0, 1.0]], [2, null, null, null], [1, 4, [-0.09943567948522752, -0.053282809505993574, 0.8], [0.0, 0.0, 0.0, 1.0]], [2, null, null, null]], "scene_graph": {"left": [[4, 6], [2, 4], [2, 3], [3, 5]], "right": [[6, 4], [5, 3], [4, 2], [3, 2]], "front": [[6, 5], [5, 7], [4, 3], [3, 7], [2, 7]], "behind": [[7, 3], [7, 5], [7, 2], [5, 6], [3, 4]], "on": [], "under": [], "leftbehind": [[3, 6]], "leftfront": [], "rightbehind": [], "rightfront": [[6, 3]]}}