{"objects": {"2": ["book", "medium"], "5": ["remote", "medium"], "6": ["glass", "medium"], "3": ["can_drink", "medium"], "4": ["cup", "medium"]}, "action_order": [[0, 2, [-0.011226232292404251, -0.11787543907024464, 0.7250017881393432], [0.0, 0.0, 0.0, 1.0]], [2, null, null, null], [2, null, null, null], [2, null, null, null], [0, 5, [-0.023775794946746465, -0.11359546474556644, 0.776382303237915], [0.0, 0.0, 0.0, 1.0]], [2, null, null, null], [2, null, null, null], [0, 6, [-0.022452464584808502, 0.08419674219303189, 0.7250017881393432], [0.0, 0.0, 0.0, 1.0]], [0, 3, [-0.16278036823986167, 0.08700330026613295, 0.7250017881393432], [0.0, 0.0, 0.0, 1.0]], [2, null, null, null], [2, null, null, null], [2, null, null, null], [0, 4, [0.12068199714334571, 0.10384264870473935, 0.7250017881393432], [0.0, 0.0, 0.0, 1.0]], [2, null, null, null]], "scene_graph": {"left": [[6, 2], [3, 2], [3, 5], [4, 2], [4, 5]], "right": [[2, 4], [5, 4], [2, 6], [2, 3], [5, 3]], "front": [[6, 4], [3, 6]], "behind": [[6, 3], [4, 6]], "on": [[2, 5]], "under": [[5, 2]], "leftbehind": [], "leftfront": [], "rightbehind": [], "rightfront": []}}