{"objects": {"4": ["book", "medium"], "6": ["cup", "medium"], "5": ["can_drink", "medium"], "3": ["remote", "medium"], "2": ["glass", "medium"]}, "action_order": [[0, 4, [-0.011226232292404251, -0.11787543907024464, 0.7250017881393432], [0.0, 0.0, 0.0, 1.0]], [2, null, null, null], [0, 6, [-0.09822953255853721, 0.11787543907024464, 0.7250017881393432], [0.0, 0.0, 0.0, 1.0]], [2, null, null, null], [0, 5, [-0.2806558073101063, -0.12629511328954784, 0.7250017881393432], [0.0, 0.0, 0.0, 1.0]], [2, null, null, null], [0, 3, [-0.023775794946746465, -0.11359546474556644, 0.776382303237915], [0.0, 0.0, 0.0, 1.0]], [2, null, null, null], [0, 2, [0.07297050990062763, 0.10945576485094147, 0.7250017881393432], [0.0, 0.0, 0.0, 1.0]], [2, null, null, null]], "scene_graph": {"left": [[6, 4], [6, 3], [2, 4], [2, 3]], "right": [[4, 6], [3, 6], [4, 2], [3, 2]], "front": [[6, 2], [5, 4], [5, 3]], "behind": [[4, 5], [3, 5], [2, 6]], "on": [[4, 3]], "under": [[3, 4]], "leftbehind": [[6, 5]], "leftfront": [], "rightbehind": [], "rightfront": [[5, 6]]}}