{"objects": {"3": ["book", "medium"], "5": ["teapot", "medium"], "6": ["cup", "medium"], "4": ["remote", "medium"], "2": ["cup", "medium"]}, "action_order": [[0, 3, [0.011226232292404251, 0.08700330026613295, 0.7250017881393432], [0.0, 0.0, 0.0, 1.0]], [2, null, null, null], [2, null, null, null], [2, null, null, null], [2, null, null, null], [2, null, null, null], [1, 3, [0.01122612167844441, 0.057003195529903516, 0.775989727724232], [0.0, 0.0, 0.0, 1.0]], [2, null, null, null], [2, null, null, null], [2, null, null, null], [2, null, null, null], [2, null, null, null], [2, null, null, null], [0, 5, [-0.30030171382181375, -0.19645906511707442, 0.7250017881393432], [0.0, 0.0, 0.0, 1.0]], [2, null, null, null], [0, 6, [-0.1122623229240425, -0.18803939089777122, 0.7250017881393432], [0.0, 0.0, 0.0, 1.0]], [2, null, null, null], [2, null, null, null], [1, 6, [-0.11075930720760295, -0.1592244454823716, 0.8], [0.0, 0.0, 0.0, 1.0]], [2, null, null, null], [1, 6, [-0.0807549337013847, -0.159226404746775, 0.8], [0.0, 0.0, 0.0, 1.0]], [2, null, null, null], [2, null, null, null], [1, 5, [-0.2993668782783075, -0.16511583103776364, 0.8], [0.0, 0.0, 0.0, 1.0]], [2, null, null, null], [2, null, null, null], [2, null, null, null], [2, null, null, null], [1, 5, [-0.2993876422167387, -0.13512033213328706, 0.8], [0.0, 0.0, 0.0, 1.0]], [1, 5, [-0.2693876422167387, -0.13512033213328706, 0.8], [0.0, 0.0, 0.0, 1.0]], [2, null, null, null], [1, 3, [-0.018839829348104693, 0.05710228218731891, 0.775989359595474], [0.0, 0.0, 0.0, 1.0]], [2, null, null, null], [2, null, null, null], [2, null, null, null], [1, 5, [-0.26939007663506476, -0.16511845964213523, 0.8], [0.0, 0.0, 0.0, 1.0]], [2, null, null, null], [0, 4, [-0.03993895047635429, 0.05325193396847238, 0.7698845028877258], [0.0, 0.0, 0.0, 1.0]], [2, null, null, null], [0, 2, [0.07016395182752658, -0.1571672520936595, 0.7250017881393432], [0.0, 0.0, 0.0, 1.0]], [2, null, null, null]], "scene_graph": {"left": [[3, 2], [4, 2], [3, 5], [3, 6]], "right": [[5, 3], [6, 3], [2, 3], [2, 4]], "front": [[5, 6], [6, 2]], "behind": [[6, 5], [2, 6]], "on": [[3, 4]], "under": [[4, 3]], "leftbehind": [[4, 5]], "leftfront": [], "rightbehind": [], "rightfront": [[5, 4]]}}