{"objects": {"3": ["book", "medium"], "4": ["teapot", "medium"], "6": ["remote", "medium"], "5": ["cup", "medium"], "2": ["cup", "medium"]}, "action_order": [[0, 3, [0.011226232292404251, 0.08700330026613295, 0.7250017881393432], [0.0, 0.0, 0.0, 1.0]], [2, null, null, null], [2, null, null, null], [0, 4, [0.025259022657909566, -0.356432875283835, 0.7250017881393432], [0.0, 0.0, 0.0, 1.0]], [2, null, null, null], [0, 6, [-0.22171808777498397, 0.0757770679737287, 0.7250017881393432], [0.0, 0.0, -0.7071067811865475, 0.7071067811865476]], [2, null, null, null], [0, 5, [0.1122623229240425, -0.15997381016676054, 0.7250017881393432], [0.0, 0.0, 0.0, 1.0]], [2, null, null, null], [1, 3, [0.01122612167844441, 0.057003195529903516, 0.775989727724232], [0.0, 0.0, 0.0, 1.0]], [2, null, null, null], [1, 6, [-0.22173905506467217, 0.04578697009805027, 0.7805473396489543], [0.0, 0.0, 0.0, 1.0]], [2, null, null, null], [0, 2, [-0.08419674219303189, -0.18523283282467015, 0.7250017881393432], [0.0, 0.0, 0.0, 1.0]], [2, null, null, null], [1, 2, [-0.08436612509213916, -0.15567949246497637, 0.8], [0.0, 0.0, 0.0, 1.0]], [2, null, null, null]], "scene_graph": {"left": [[3, 2], [3, 5], [5, 4], [2, 4]], "right": [[4, 5], [4, 2], [5, 3], [2, 3]], "front": [[6, 3], [2, 5]], "behind": [[3, 6], [5, 2]], "on": [], "under": [], "leftbehind": [], "leftfront": [[6, 2], [6, 5]], "rightbehind": [[2, 6], [5, 6]], "rightfront": []}}