{"objects": {"6": ["book", "medium"], "2": ["teapot", "medium"], "5": ["cup", "medium"], "4": ["cup", "medium"], "3": ["remote", "medium"]}, "action_order": [[0, 6, [0.011226232292404251, 0.08700330026613295, 0.7250017881393432], [0.0, 0.0, 0.0, 1.0]], [2, null, null, null], [2, null, null, null], [0, 2, [0.025259022657909566, -0.356432875283835, 0.7250017881393432], [0.0, 0.0, 0.0, 1.0]], [2, null, null, null], [2, null, null, null], [0, 5, [0.1122623229240425, -0.15997381016676054, 0.7250017881393432], [0.0, 0.0, 0.0, 1.0]], [2, null, null, null], [1, 6, [0.01122612167844441, 0.057003195529903516, 0.775989727724232], [0.0, 0.0, 0.0, 1.0]], [2, null, null, null], [2, null, null, null], [0, 4, [-0.08419674219303189, -0.18523283282467015, 0.7250017881393432], [0.0, 0.0, 0.0, 1.0]], [2, null, null, null], [1, 4, [-0.08436612509213916, -0.15567949246497637, 0.8], [0.0, 0.0, 0.0, 1.0]], [2, null, null, null], [0, 3, [0.007925264982248822, 0.05811860986982469, 0.776382303237915], [0.0, 0.0, 0.0, 1.0]], [2, null, null, null]], "scene_graph": {"left": [[6, 4], [5, 2], [4, 2], [3, 4], [6, 5]], "right": [[2, 5], [2, 4], [5, 6], [4, 6], [4, 3]], "front": [[4, 5]], "behind": [[5, 4]], "on": [[6, 3]], "under": [[3, 6]], "leftbehind": [], "leftfront": [], "rightbehind": [], "rightfront": []}}