{"objects": {"2": ["book", "medium"], "5": ["remote", "medium"], "4": ["teapot", "medium"], "6": ["cup", "medium"], "3": ["cup", "medium"]}, "action_order": [[0, 2, [0.011226232292404251, 0.08700330026613295, 0.7250017881393432], [0.0, 0.0, 0.0, 1.0]], [2, null, null, null], [2, null, null, null], [2, null, null, null], [2, null, null, null], [2, null, null, null], [1, 2, [0.01122612167844441, 0.057003195529903516, 0.775989727724232], [0.0, 0.0, 0.0, 1.0]], [2, null, null, null], [2, null, null, null], [2, null, null, null], [2, null, null, null], [2, null, null, null], [0, 5, [0.0056131161462021255, 0.2806558073101063, 0.7250017881393432], [0.0, 0.0, 0.0, 1.0]], [2, null, null, null], [0, 4, [-0.30030171382181375, -0.19645906511707442, 0.7250017881393432], [0.0, 0.0, 0.0, 1.0]], [2, null, null, null], [0, 6, [-0.1122623229240425, -0.18803939089777122, 0.7250017881393432], [0.0, 0.0, 0.0, 1.0]], [2, null, null, null], [2, null, null, null], [1, 6, [-0.11075930720760295, -0.1592244454823716, 0.8], [0.0, 0.0, 0.0, 1.0]], [2, null, null, null], [1, 6, [-0.0807549337013847, -0.159226404746775, 0.8], [0.0, 0.0, 0.0, 1.0]], [2, null, null, null], [2, null, null, null], [1, 4, [-0.2993668782783075, -0.16511583103776364, 0.8], [0.0, 0.0, 0.0, 1.0]], [2, null, null, null], [0, 3, [0.08980985833923401, -0.16278036823986164, 0.7250017881393432], [0.0, 0.0, 0.0, 1.0]], [2, null, null, null], [1, 5, [0.005837474303314959, 0.2511504034059826, 0.7906237206719269], [0.0, 0.0, 0.0, 1.0]], [2, null, null, null], [1, 3, [0.0893216132453289, -0.13225910353871959, 0.8], [0.0, 0.0, 0.0, 1.0]], [2, null, null, null], [1, 4, [-0.2993876422167387, -0.13512033213328706, 0.8], [0.0, 0.0, 0.0, 1.0]], [1, 4, [-0.2693876422167387, -0.13512033213328706, 0.8], [0.0, 0.0, 0.0, 1.0]], [2, null, null, null], [1, 2, [-0.018839829348104693, 0.05710228218731891, 0.775989359595474], [0.0, 0.0, 0.0, 1.0]], [2, null, null, null], [1, 3, [0.05924252156213437, -0.13227400645110488, 0.8], [0.0, 0.0, 0.0, 1.0]], [2, null, null, null], [1, 5, [-0.024162428266451392, 0.2511423234290913, 0.7893510031600646], [0.0, 0.0, 0.0, 1.0]], [2, null, null, null], [1, 4, [-0.26939007663506476, -0.16511845964213523, 0.8], [0.0, 0.0, 0.0, 1.0]], [2, null, null, null]], "scene_graph": {"left": [[2, 3], [2, 6], [5, 2], [2, 4]], "right": [[2, 5], [4, 2], [6, 2], [3, 2]], "front": [[4, 6], [6, 3]], "behind": [[6, 4], [3, 6]], "on": [], "under": [], "leftbehind": [], "leftfront": [], "rightbehind": [], "rightfront": []}}