{"objects": {"2": ["plate", "medium"], "6": ["knife", "medium"], "5": ["fork", "medium"], "3": ["cup", "medium"], "4": ["can_drink", "medium"]}, "action_order": [[0, 2, [0.04771148724271807, -0.025259022657909563, 0.7250017881393432], [0.0, 0.0, 0.0, 1.0]], [2, null, null, null], [0, 6, [0.044904929169617004, 0.14032790365505315, 0.7250017881393432], [0.0, 0.0, 0.0, 1.0]], [2, null, null, null], [2, null, null, null], [2, null, null, null], [2, null, null, null], [2, null, null, null], [2, null, null, null], [2, null, null, null], [2, null, null, null], [2, null, null, null], [2, null, null, null], [2, null, null, null], [0, 5, [0.044904929169617004, -0.19645906511707442, 0.7250017881393432], [0.0, 0.0, 0.0, 1.0]], [2, null, null, null], [0, 3, [-0.12910167136264888, -0.27784924923700527, 0.7250017881393432], [0.0, 0.0, -1.0, 6.123233995736766e-17]], [2, null, null, null], [2, null, null, null], [0, 4, [-0.12910167136264888, -0.12910167136264888, 0.7250017881393432], [0.0, 0.0, 0.0, 1.0]], [2, null, null, null]], "scene_graph": {"left": [[2, 5], [6, 2], [4, 3]], "right": [[2, 6], [5, 2], [3, 4]], "front": [[3, 5], [4, 2]], "behind": [[2, 4], [5, 3]], "on": [], "under": [], "leftbehind": [[6, 4], [2, 3]], "leftfront": [[4, 5]], "rightbehind": [[5, 4]], "rightfront": [[3, 2], [4, 6]]}}