{"objects": {"4": ["plate", "medium"], "3": ["knife", "medium"], "2": ["can_drink", "medium"], "6": ["cup", "medium"], "5": ["fork", "medium"]}, "action_order": [[0, 4, [0.04771148724271807, -0.025259022657909563, 0.7250017881393432], [0.0, 0.0, 0.0, 1.0]], [2, null, null, null], [0, 3, [0.044904929169617004, 0.14032790365505315, 0.7250017881393432], [0.0, 0.0, 0.0, 1.0]], [2, null, null, null], [2, null, null, null], [2, null, null, null], [2, null, null, null], [2, null, null, null], [2, null, null, null], [2, null, null, null], [2, null, null, null], [2, null, null, null], [0, 2, [-0.14874757787435636, 0.0757770679737287, 0.7250017881393432], [0.0, 0.0, 0.0, 1.0]], [0, 6, [-0.1655869263129627, 0.19926562319017546, 0.7250017881393432], [0.0, 0.0, 0.0, 1.0]], [2, null, null, null], [1, 6, [-0.1651930572496198, 0.22925140055981388, 0.8], [0.0, 0.0, 0.0, 1.0]], [2, null, null, null], [0, 5, [0.044904929169617004, -0.19645906511707442, 0.7250017881393432], [0.0, 0.0, 0.0, 1.0]], [2, null, null, null]], "scene_graph": {"left": [[4, 5], [3, 4], [6, 2]], "right": [[4, 3], [2, 6], [5, 4]], "front": [[2, 4], [6, 3]], "behind": [[4, 2], [3, 6]], "on": [], "under": [], "leftbehind": [[3, 2]], "leftfront": [[6, 4], [2, 5]], "rightbehind": [[5, 2], [4, 6]], "rightfront": [[2, 3]]}}