{"objects": {"2": ["plate", "medium"], "3": ["knife", "medium"], "4": ["fork", "medium"], "5": ["cup", "medium"], "6": ["can_drink", "medium"]}, "action_order": [[0, 2, [0.04771148724271807, -0.025259022657909563, 0.7250017881393432], [0.0, 0.0, 0.0, 1.0]], [2, null, null, null], [0, 3, [0.044904929169617004, 0.14032790365505315, 0.7250017881393432], [0.0, 0.0, 0.0, 1.0]], [2, null, null, null], [0, 4, [0.0533246033889202, -0.19926562319017546, 0.7250017881393432], [0.0, 0.0, 0.0, 1.0]], [2, null, null, null], [2, null, null, null], [2, null, null, null], [0, 5, [0.036485254950313815, 0.2750426911639042, 0.7250017881393432], [0.0, 0.0, 0.0, 1.0]], [2, null, null, null], [2, null, null, null], [0, 6, [0.044904929169617004, 0.4294033851844626, 0.7250017881393432], [0.0, 0.0, 0.0, 1.0]], [2, null, null, null]], "scene_graph": {"left": [[2, 4], [3, 2], [5, 3], [6, 5]], "right": [[2, 3], [3, 5], [4, 2], [5, 6]], "front": [], "behind": [], "on": [], "under": [], "leftbehind": [], "leftfront": [], "rightbehind": [], "rightfront": []}}