{"objects": {"4": ["book", "medium"], "6": ["book", "medium"], "5": ["cup", "medium"], "2": ["can_drink", "medium"], "3": ["marker", "medium"]}, "action_order": [[2, null, null, null], [2, null, null, null], [2, null, null, null], [2, null, null, null], [2, null, null, null], [2, null, null, null], [0, 4, [-0.0028065580731010628, -0.17120004245916481, 0.7250017881393432], [0.0, 0.0, 0.0, 1.0]], [0, 6, [-0.0056131161462021255, 0.1431344617281542, 0.7250017881393432], [0.0, 0.0, 0.0, 1.0]], [2, null, null, null], [1, 6, [-0.005613519962273494, 0.11313459031444284, 0.7759766626337424], [0.0, 0.0, 0.0, 1.0]], [1, 6, [-0.005613519962273494, 0.08313459031444284, 0.8], [0.0, 0.0, 0.0, 1.0]], [2, null, null, null], [2, null, null, null], [0, 5, [-0.09261641641233508, 0.30591482996801583, 0.7250017881393432], [0.0, 0.0, 0.0, 1.0]], [2, null, null, null], [0, 2, [0.06455083568132444, 0.3087213880411169, 0.7250017881393432], [0.0, 0.0, 0.0, 1.0]], [2, null, null, null], [0, 3, [0.005283522988541014, 0.08717812931092674, 0.7763802766799927], [0.0, 0.0, 0.0, 1.0]], [2, null, null, null]], "scene_graph": {"left": [[6, 4], [5, 6], [5, 3], [2, 6], [2, 3], [3, 4]], "right": [[4, 6], [4, 3], [6, 5], [3, 5], [6, 2], [3, 2]], "front": [[5, 2]], "behind": [[2, 5]], "on": [[6, 3]], "under": [[3, 6]], "leftbehind": [], "leftfront": [], "rightbehind": [], "rightfront": []}}