{"objects": {"3": ["book", "medium"], "2": ["book", "medium"], "4": ["marker", "medium"], "5": ["cup", "medium"], "6": ["can_drink", "medium"]}, "action_order": [[0, 3, [-0.016839348438606377, -0.19365250704397335, 0.7250017881393432], [0.0, 0.0, 0.0, 1.0]], [0, 2, [-0.028065580731010627, 0.14594101980125526, 0.7250017881393432], [0.0, 0.0, 0.0, 1.0]], [2, null, null, null], [0, 4, [-0.022452464584808502, -0.022452464584808502, 0.7250017881393432], [0.0, 0.0, 0.0, 1.0]], [2, null, null, null], [2, null, null, null], [2, null, null, null], [0, 5, [0.06735739375442551, 0.37607878179554244, 0.7250017881393432], [0.0, 0.0, 0.0, 1.0]], [2, null, null, null], [2, null, null, null], [1, 5, [0.037181808274638795, 0.3761222883907773, 0.8], [0.0, 0.0, 0.0, 1.0]], [2, null, null, null], [2, null, null, null], [2, null, null, null], [2, null, null, null], [0, 6, [-0.08980985833923401, 0.35923943335693603, 0.7250017881393432], [0.0, 0.0, 0.0, 1.0]], [2, null, null, null]], "scene_graph": {"left": [[2, 4], [4, 3], [5, 2], [6, 2]], "right": [[3, 4], [2, 5], [2, 6], [4, 2]], "front": [[6, 5]], "behind": [[5, 6]], "on": [], "under": [], "leftbehind": [], "leftfront": [], "rightbehind": [], "rightfront": []}}