{"objects": {"5": ["book", "medium"], "4": ["marker", "medium"], "2": ["scissors", "medium"], "3": ["glue", "medium"], "6": ["stapler", "medium"]}, "action_order": [[0, 5, [0.1122623229240425, 0.10945576485094147, 0.7250017881393432], [0.0, 0.0, 0.0, 1.0]], [0, 4, [0.12910167136264888, 0.2890754815294095, 0.7250017881393432], [0.0, 0.0, 0.0, 1.0]], [2, null, null, null], [2, null, null, null], [0, 2, [0.13190822943574995, -0.08700330026613295, 0.7250017881393432], [0.0, 0.0, 0.0, 1.0]], [2, null, null, null], [1, 2, [0.16190822817636655, -0.08700329869775965, 0.7768169913744583], [0.0, 0.0, 0.0, 1.0]], [1, 2, [0.19190822817636655, -0.08700329869775965, 0.8], [0.0, 0.0, 0.0, 1.0]], [1, 2, [0.22190822817636655, -0.08700329869775965, 0.8], [0.0, 0.0, 0.0, 1.0]], [1, 2, [0.22190822817636655, -0.11700329869775965, 0.8], [0.0, 0.0, 0.0, 1.0]], [2, null, null, null], [0, 3, [0.033678696877212755, -0.16839348438606377, 0.7250017881393432], [0.0, 0.0, -0.7071067811865475, 0.7071067811865476]], [0, 6, [0.022452464584808502, -0.08700330026613295, 0.7250017881393432], [0.0, 0.0, -0.7071067811865475, 0.7071067811865476]], [2, null, null, null], [1, 2, [0.2519082092708156, -0.11700345315249502, 0.776827295154665], [0.0, 0.0, 0.0, 1.0]], [2, null, null, null], [1, 6, [0.02253603374442423, -0.05711481444268407, 0.7866398522287719], [0.0, 0.0, 0.0, 1.0]], [2, null, null, null], [1, 3, [0.03152186772146542, -0.14478130705059333, 0.8], [0.0, 0.0, 0.0, 1.0]], [2, null, null, null]], "scene_graph": {"left": [[5, 6], [5, 2], [4, 5], [6, 3]], "right": [[5, 4], [2, 5], [3, 6], [6, 5]], "front": [[3, 2], [6, 2]], "behind": [[2, 6], [2, 3]], "on": [], "under": [], "leftbehind": [], "leftfront": [], "rightbehind": [], "rightfront": []}}