{"objects": {"3": ["book", "medium"], "6": ["glue", "medium"], "5": ["stapler", "medium"], "4": ["scissors", "medium"], "2": ["marker", "medium"]}, "action_order": [[0, 3, [-0.016839348438606377, -0.0056131161462021255, 0.7250017881393432], [0.0, 0.0, 0.0, 1.0]], [0, 6, [-0.09822953255853721, -0.2076852974094787, 0.7250017881393432], [0.0, 0.0, -0.7071067811865475, 0.7071067811865476]], [0, 5, [0.06455083568132444, -0.19926562319017546, 0.7250017881393432], [0.0, 0.0, -0.7071067811865475, 0.7071067811865476]], [2, null, null, null], [0, 4, [-0.266623016944601, -0.011226232292404251, 0.7250017881393432], [0.0, 0.0, -0.7071067811865475, 0.7071067811865476]], [2, null, null, null], [1, 4, [-0.2666231231408605, -0.04122624023041744, 0.7768171712664762], [0.0, 0.0, 0.0, 1.0]], [2, null, null, null], [2, null, null, null], [0, 2, [-0.016839348438606377, 0.1740066005322659, 0.7250017881393432], [0.0, 0.0, 0.0, 1.0]], [2, null, null, null]], "scene_graph": {"left": [[3, 5], [2, 3], [3, 6]], "right": [[3, 2], [6, 3], [5, 3]], "front": [[6, 5], [4, 3]], "behind": [[3, 4], [5, 6]], "on": [], "under": [], "leftbehind": [[2, 4]], "leftfront": [[4, 6], [4, 5]], "rightbehind": [[6, 4], [5, 4]], "rightfront": [[4, 2]]}}