{"objects": {"4": ["book", "medium"], "2": ["glue", "medium"], "6": ["marker", "medium"], "5": ["stapler", "medium"], "3": ["scissors", "medium"]}, "action_order": [[0, 4, [0.1122623229240425, 0.10945576485094147, 0.7250017881393432], [0.0, 0.0, 0.0, 1.0]], [2, null, null, null], [2, null, null, null], [2, null, null, null], [2, null, null, null], [2, null, null, null], [2, null, null, null], [2, null, null, null], [2, null, null, null], [0, 2, [-0.10945576485094145, 0.09542297448543614, 0.7250017881393432], [0.0, 0.0, 0.0, 1.0]], [2, null, null, null], [0, 6, [0.1066492067778404, -0.042098371096515944, 0.7250017881393432], [0.0, 0.0, 0.0, 1.0]], [0, 5, [0.1122623229240425, -0.12348855521644676, 0.7250017881393432], [0.0, 0.0, -0.7071067811865475, 0.7071067811865476]], [0, 3, [0.1066492067778404, 0.2806558073101063, 0.7250017881393432], [0.0, 0.0, 0.0, 1.0]], [2, null, null, null], [1, 3, [0.1366492126288504, 0.2806558349807209, 0.7768172681378388], [0.0, 0.0, 0.0, 1.0]], [1, 3, [0.1366492126288504, 0.2806558349807209, 0.8], [0.0, 0.0, 0.25881904510252074, 0.9659258262890683]], [2, null, null, null], [1, 3, [0.16664933573943558, 0.2806555516746626, 0.7768072014667986], [0.0, 0.0, 0.0, 1.0]], [2, null, null, null], [1, 3, [0.13664932169629349, 0.2806554482475418, 0.7768050914192459], [0.0, 0.0, 0.0, 1.0]], [2, null, null, null]], "scene_graph": {"left": [[4, 6], [6, 5], [3, 4]], "right": [[4, 3], [6, 4], [5, 6]], "front": [[2, 4]], "behind": [[4, 2]], "on": [], "under": [], "leftbehind": [[3, 2]], "leftfront": [[2, 6], [2, 5]], "rightbehind": [[6, 2], [5, 2]], "rightfront": [[2, 3]]}}