{"objects": {"6": ["book", "medium"], "5": ["marker", "medium"], "4": ["scissors", "medium"], "3": ["stapler", "medium"], "2": ["glue", "medium"]}, "action_order": [[0, 6, [0.025259022657909566, -0.18242627475156906, 0.7250017881393432], [0.0, 0.0, 0.0, 1.0]], [2, null, null, null], [2, null, null, null], [2, null, null, null], [0, 5, [-0.18523283282467015, -0.19645906511707442, 0.7250017881393432], [0.0, 0.0, -0.7071067811865475, 0.7071067811865476]], [2, null, null, null], [0, 4, [-0.03929181302341488, 0.025259022657909563, 0.7250017881393432], [0.0, 0.0, 0.0, 1.0]], [2, null, null, null], [0, 3, [0.13471478750885102, -0.008419674219303189, 0.7250017881393432], [0.0, 0.0, -0.7071067811865475, 0.7071067811865476]], [2, null, null, null], [0, 2, [0.12910167136264888, 0.06735739375442551, 0.7250017881393432], [0.0, 0.0, -0.7071067811865475, 0.7071067811865476]], [2, null, null, null], [1, 4, [-0.03929183774472925, -0.004740960926691764, 0.7768281904660225], [0.0, 0.0, 0.0, 1.0]], [2, null, null, null], [1, 4, [-0.039291834693055736, 0.025259061632482857, 0.7768046224104714], [0.0, 0.0, 0.0, 1.0]], [2, null, null, null]], "scene_graph": {"left": [[4, 6], [3, 6], [2, 3], [4, 5]], "right": [[6, 3], [6, 4], [5, 4], [3, 2]], "front": [[5, 6], [4, 3], [4, 2]], "behind": [[6, 5], [3, 4], [2, 4]], "on": [], "under": [], "leftbehind": [[3, 5]], "leftfront": [], "rightbehind": [], "rightfront": [[5, 3]]}}