{"objects": {"2": ["book", "medium"], "3": ["scissors", "medium"], "4": ["marker", "medium"], "5": ["stapler", "medium"], "6": ["glue", "medium"]}, "action_order": [[0, 2, [0.025259022657909566, -0.18242627475156906, 0.7250017881393432], [0.0, 0.0, 0.0, 1.0]], [2, null, null, null], [2, null, null, null], [2, null, null, null], [2, null, null, null], [2, null, null, null], [2, null, null, null], [2, null, null, null], [2, null, null, null], [2, null, null, null], [0, 3, [-0.03929181302341488, -0.0028065580731010628, 0.7250017881393432], [0.0, 0.0, 0.0, 1.0]], [2, null, null, null], [0, 4, [-0.06735739375442551, 0.11506888099714357, 0.7250017881393432], [0.0, 0.0, 0.0, 1.0]], [2, null, null, null], [0, 5, [0.10945576485094145, 0.008419674219303189, 0.7250017881393432], [0.0, 0.0, -0.7071067811865475, 0.7071067811865476]], [2, null, null, null], [2, null, null, null], [1, 5, [0.13934434619050848, 0.008936231534101283, 0.786410832303383], [0.0, 0.0, 0.0, 1.0]], [2, null, null, null], [2, null, null, null], [0, 6, [0.13471478750885102, 0.11787543907024464, 0.7250017881393432], [0.0, 0.0, -0.7071067811865475, 0.7071067811865476]], [2, null, null, null]], "scene_graph": {"left": [[3, 2], [4, 3], [5, 2], [6, 5]], "right": [[2, 3], [2, 5], [3, 4], [5, 6]], "front": [[3, 5], [4, 6]], "behind": [[5, 3], [6, 4]], "on": [], "under": [], "leftbehind": [[6, 3]], "leftfront": [[4, 5]], "rightbehind": [[5, 4]], "rightfront": [[3, 6]]}}