{"objects": {"2": ["book", "medium"], "3": ["marker", "medium"], "4": ["book", "medium"], "5": ["scissors", "medium"], "6": ["stapler", "medium"], "7": ["glue", "medium"], "8": ["cup", "medium"]}, "action_order": [[0, 2, [0.014032790365505313, -0.1740066005322659, 0.7250017881393432], [0.0, 0.0, 0.0, 1.0]], [0, 3, [-0.0028065580731010628, 0.0, 0.7250017881393432], [0.0, 0.0, 0.0, 1.0]], [2, null, null, null], [2, null, null, null], [2, null, null, null], [2, null, null, null], [2, null, null, null], [0, 4, [0.014032790365505313, 0.16278036823986164, 0.7250017881393432], [0.0, 0.0, 0.0, 1.0]], [2, null, null, null], [2, null, null, null], [0, 5, [0.10384264870473932, 0.37888533986864353, 0.7250017881393432], [0.0, 0.0, 0.0, 1.0]], [2, null, null, null], [0, 6, [-0.1066492067778404, 0.35362631721073395, 0.7250017881393432], [0.0, 0.0, -0.7071067811865475, 0.7071067811865476]], [2, null, null, null], [0, 7, [-0.1122623229240425, 0.4518558497692712, 0.7250017881393432], [0.0, 0.0, -0.7071067811865475, 0.7071067811865476]], [2, null, null, null], [2, null, null, null], [2, null, null, null], [2, null, null, null], [0, 8, [-0.2638164588714999, 0.16839348438606377, 0.7250017881393432], [0.0, 0.0, 0.0, 1.0]], [2, null, null, null]], "scene_graph": {"left": [[3, 2], [4, 3], [5, 4], [6, 4], [7, 6]], "right": [[2, 3], [3, 4], [4, 6], [6, 7], [4, 5]], "front": [[6, 5], [7, 5], [8, 4]], "behind": [[4, 8], [5, 7], [5, 6]], "on": [], "under": [], "leftbehind": [[6, 8]], "leftfront": [[8, 3], [8, 2]], "rightbehind": [[2, 8], [3, 8]], "rightfront": [[8, 6]]}}