{"objects": {"4": ["book", "medium"], "8": ["book", "medium"], "7": ["cup", "medium"], "5": ["scissors", "medium"], "2": ["glue", "medium"], "3": ["stapler", "medium"], "6": ["marker", "medium"]}, "action_order": [[0, 4, [-0.17120004245916487, -0.1908459489708723, 0.7250017881393432], [0.0, -0.0, -0.7071067811865476, -0.7071067811865475]], [0, 8, [-0.19926562319017546, 0.17961971667846802, 0.7250017881393432], [0.0, -0.0, -0.7071067811865476, -0.7071067811865475]], [2, null, null, null], [1, 8, [-0.16926200129078425, 0.17962376263793559, 0.7759698782516967], [0.0, 0.0, 0.0, 1.0]], [2, null, null, null], [2, null, null, null], [2, null, null, null], [2, null, null, null], [2, null, null, null], [2, null, null, null], [2, null, null, null], [2, null, null, null], [2, null, null, null], [0, 7, [-0.1740066005322659, 0.46308208206167545, 0.7250017881393432], [0.0, 0.0, 0.0, 1.0]], [2, null, null, null], [2, null, null, null], [0, 5, [0.05051804531581913, -0.21610497162878187, 0.7250017881393432], [0.0, 0.0, -0.7071067811865475, 0.7071067811865476]], [2, null, null, null], [1, 5, [0.050517913901125436, -0.24610494603930153, 0.7768171443831402], [0.0, 0.0, 0.0, 1.0]], [2, null, null, null], [0, 2, [0.06174427760822338, -0.014032790365505313, 0.7250017881393432], [0.0, 0.0, 0.0, 1.0]], [2, null, null, null], [0, 3, [0.07016395182752658, 0.17120004245916481, 0.7250017881393432], [0.0, 0.0, 0.0, 1.0]], [2, null, null, null], [2, null, null, null], [2, null, null, null], [2, null, null, null], [2, null, null, null], [2, null, null, null], [2, null, null, null], [2, null, null, null], [2, null, null, null], [2, null, null, null], [2, null, null, null], [2, null, null, null], [2, null, null, null], [2, null, null, null], [2, null, null, null], [2, null, null, null], [2, null, null, null], [2, null, null, null], [0, 6, [-0.17040577268710735, 0.17306836288534339, 0.7698865294456482], [0.0, 0.0, -0.7071067811865475, 0.7071067811865476]], [2, null, null, null]], "scene_graph": {"left": [[8, 4], [7, 8], [7, 6], [2, 5], [3, 2]], "right": [[4, 8], [5, 2], [2, 3], [8, 7], [6, 7]], "front": [[4, 5], [4, 2], [8, 3]], "behind": [[5, 4], [2, 4], [3, 8]], "on": [[8, 6]], "under": [[6, 8]], "leftbehind": [], "leftfront": [[7, 3], [8, 5]], "rightbehind": [[5, 8], [3, 7]], "rightfront": []}}