{"objects": {"6": ["book", "medium"], "2": ["book", "medium"], "3": ["stapler", "medium"], "5": ["glue", "medium"], "8": ["marker", "medium"], "7": ["scissors", "medium"], "4": ["cup", "medium"]}, "action_order": [[0, 6, [0.08419674219303189, -0.1908459489708723, 0.7250017881393432], [0.0, 0.0, 0.0, 1.0]], [0, 2, [0.09261641641233508, 0.07297050990062763, 0.7250017881393432], [0.0, 0.0, 0.0, 1.0]], [0, 3, [-0.14313446172815422, -0.224524645848085, 0.7250017881393432], [0.0, 0.0, 0.0, 1.0]], [0, 5, [-0.15716725209365953, -0.14594101980125526, 0.7250017881393432], [0.0, 0.0, 0.0, 1.0]], [2, null, null, null], [1, 5, [-0.12165469904003356, -0.14900511845385564, 0.8], [0.0, 0.0, 0.0, 1.0]], [1, 5, [-0.12165469904003356, -0.11900511845385564, 0.8], [0.0, 0.0, 0.0, 1.0]], [2, null, null, null], [1, 5, [-0.1511934937590358, -0.11723417239357185, 0.8], [0.0, 0.0, 0.0, 1.0]], [2, null, null, null], [2, null, null, null], [2, null, null, null], [2, null, null, null], [0, 8, [0.08980985833923401, 0.23575087814048928, 0.7250017881393432], [0.0, 0.0, 0.0, 1.0]], [2, null, null, null], [2, null, null, null], [2, null, null, null], [1, 2, [0.09261662839318296, 0.04296955868001026, 0.775989759366058], [0.0, 0.0, 0.0, 1.0]], [2, null, null, null], [1, 8, [0.08989214079581459, 0.2012687674393884, 0.7839864293563712], [0.0, 0.0, 0.0, 1.0]], [2, null, null, null], [0, 7, [0.08419674219303189, 0.2750426911639042, 0.7250017881393432], [0.0, 0.0, 0.0, 1.0]], [1, 7, [0.08419674219303189, 0.2750426911639042, 0.8], [0.0, 0.0, 0.25881904510252074, 0.9659258262890683]], [2, null, null, null], [1, 7, [0.11419675402816531, 0.27504268073488475, 0.7768069832890325], [0.0, 0.0, 0.0, 1.0]], [2, null, null, null], [0, 4, [-0.14874757787435636, 0.042098371096515944, 0.7250017881393432], [0.0, 0.0, 0.0, 1.0]], [2, null, null, null], [1, 4, [-0.15030968902136932, 0.07225582403093608, 0.8], [0.0, 0.0, 0.0, 1.0]], [2, null, null, null], [1, 4, [-0.15031218477766128, 0.04226060711918758, 0.8], [0.0, 0.0, 0.0, 1.0]], [2, null, null, null]], "scene_graph": {"left": [[2, 6], [5, 3], [8, 2], [7, 8], [4, 5]], "right": [[6, 2], [2, 8], [3, 5], [5, 4], [8, 7]], "front": [[3, 6], [5, 6], [4, 2]], "behind": [[6, 3], [6, 5], [2, 4]], "on": [], "under": [], "leftbehind": [[8, 4], [7, 4], [2, 3]], "leftfront": [[4, 6]], "rightbehind": [[6, 4]], "rightfront": [[3, 2], [4, 8], [4, 7]]}}