{"objects": {"8": ["book", "medium"], "7": ["book", "medium"], "6": ["cup", "medium"], "5": ["marker", "medium"], "4": ["stapler", "medium"], "3": ["scissors", "medium"], "2": ["glue", "medium"]}, "action_order": [[0, 8, [-0.13752134558195206, -0.022452464584808502, 0.7250017881393432], [0.0, 0.0, -0.7071067811865475, 0.7071067811865476]], [0, 7, [0.12068199714334571, -0.019645906511707438, 0.7250017881393432], [0.0, 0.0, -0.7071067811865475, 0.7071067811865476]], [2, null, null, null], [0, 6, [-0.14313446172815422, 0.26100990079839886, 0.7250017881393432], [0.0, 0.0, 0.0, 1.0]], [2, null, null, null], [0, 5, [-0.13471478750885102, -0.2497836685059946, 0.7250017881393432], [0.0, 0.0, 0.0, 1.0]], [2, null, null, null], [0, 4, [-0.13752134558195206, -0.33678696877212755, 0.7250017881393432], [0.0, 0.0, -0.7071067811865475, 0.7071067811865476]], [2, null, null, null], [0, 3, [0.11506888099714357, 0.23013776199428715, 0.7250017881393432], [0.0, 0.0, 0.0, 1.0]], [2, null, null, null], [2, null, null, null], [0, 2, [0.1066492067778404, 0.35923943335693603, 0.7250017881393432], [0.0, 0.0, -0.7071067811865475, 0.7071067811865476]], [1, 3, [0.14506885641657258, 0.2301377061247071, 0.776827902161085], [0.0, 0.0, 0.0, 1.0]], [2, null, null, null], [2, null, null, null]], "scene_graph": {"left": [[8, 5], [6, 8], [5, 4], [3, 7], [2, 3]], "right": [[8, 6], [7, 3], [5, 8], [4, 5], [3, 2]], "front": [[8, 7], [6, 3], [6, 2]], "behind": [[7, 8], [3, 6], [2, 6]], "on": [], "under": [], "leftbehind": [[7, 5], [7, 4]], "leftfront": [[6, 7]], "rightbehind": [[7, 6]], "rightfront": [[5, 7], [4, 7]]}}