{"objects": {"5": ["book", "medium"], "4": ["book", "medium"], "6": ["cup", "medium"], "2": ["marker", "medium"], "3": ["scissors", "medium"], "8": ["stapler", "medium"], "7": ["glue", "medium"]}, "action_order": [[0, 5, [0.08419674219303189, -0.1908459489708723, 0.7250017881393432], [0.0, 0.0, 0.0, 1.0]], [0, 4, [0.09261641641233508, 0.07297050990062763, 0.7250017881393432], [0.0, 0.0, 0.0, 1.0]], [2, null, null, null], [2, null, null, null], [2, null, null, null], [2, null, null, null], [2, null, null, null], [2, null, null, null], [2, null, null, null], [2, null, null, null], [2, null, null, null], [1, 4, [0.09261662839318296, 0.04296955868001026, 0.775989759366058], [0.0, 0.0, 0.0, 1.0]], [2, null, null, null], [2, null, null, null], [2, null, null, null], [2, null, null, null], [0, 6, [-0.14874757787435636, 0.042098371096515944, 0.7250017881393432], [0.0, 0.0, 0.0, 1.0]], [2, null, null, null], [1, 6, [-0.15030968902136932, 0.07225582403093608, 0.8], [0.0, 0.0, 0.0, 1.0]], [2, null, null, null], [1, 6, [-0.15031218477766128, 0.04226060711918758, 0.8], [0.0, 0.0, 0.0, 1.0]], [2, null, null, null], [0, 2, [0.28346236538320735, -0.2020721812632765, 0.7250017881393432], [0.0, 0.0, -0.7071067811865475, 0.7071067811865476]], [2, null, null, null], [0, 3, [0.0757770679737287, -0.4097574786727552, 0.7250017881393432], [0.0, 0.0, 0.0, 1.0]], [2, null, null, null], [1, 3, [0.10577704610434757, -0.4097576025403682, 0.7768171698080122], [0.0, 0.0, 0.0, 1.0]], [2, null, null, null], [0, 8, [0.11506888099714357, 0.2048787393363776, 0.7250017881393432], [0.0, 0.0, -0.7071067811865475, 0.7071067811865476]], [0, 7, [0.11506888099714357, 0.2974951557487127, 0.7250017881393432], [0.0, 0.0, -0.7071067811865475, 0.7071067811865476]], [2, null, null, null], [1, 8, [0.11492010595828547, 0.23538162541107427, 0.7863941146882761], [0.0, 0.0, 0.0, 1.0]], [2, null, null, null]], "scene_graph": {"left": [[5, 3], [4, 5], [8, 4], [7, 8]], "right": [[5, 4], [4, 8], [3, 5], [8, 7]], "front": [[5, 2], [6, 4]], "behind": [[4, 6], [2, 5]], "on": [], "under": [], "leftbehind": [[2, 3], [8, 6], [7, 6]], "leftfront": [[6, 5], [4, 2]], "rightbehind": [[2, 4], [5, 6]], "rightfront": [[6, 8], [3, 2], [6, 7]]}}