{"objects": {"4": ["book", "medium"], "8": ["book", "medium"], "7": ["cup", "medium"], "6": ["scissors", "medium"], "5": ["stapler", "medium"], "3": ["glue", "medium"], "2": ["marker", "medium"]}, "action_order": [[0, 4, [0.0, -0.18523283282467015, 0.7250017881393432], [0.0, 0.0, 0.0, 1.0]], [0, 8, [0.0028065580731010628, 0.08139018411993082, 0.7250017881393432], [0.0, 0.0, 0.0, 1.0]], [2, null, null, null], [0, 7, [-0.1066492067778404, 0.31714106226042005, 0.7250017881393432], [0.0, 0.0, 0.0, 1.0]], [2, null, null, null], [0, 6, [0.05051804531581913, 0.3087213880411169, 0.7250017881393432], [0.0, 0.0, 0.0, 1.0]], [2, null, null, null], [1, 6, [0.08051803073043537, 0.30872126037193875, 0.776817502193225], [0.0, 0.0, 0.0, 1.0]], [1, 6, [0.08051803073043537, 0.2787212603719388, 0.8], [0.0, 0.0, 0.0, 1.0]], [2, null, null, null], [1, 6, [0.11051802935306916, 0.27872130077129054, 0.7768069937115503], [0.0, 0.0, 0.0, 1.0]], [2, null, null, null], [0, 5, [0.26100990079839886, 0.011226232292404251, 0.7250017881393432], [0.0, 0.0, 0.0, 1.0]], [2, null, null, null], [2, null, null, null], [0, 3, [0.25539678465219673, 0.1375213455819521, 0.7250017881393432], [0.0, 0.0, 0.0, 1.0]], [2, null, null, null], [0, 2, [-0.013312950991180262, 0.07987770594708157, 0.7698865294456482], [0.0, 0.0, 0.0, 1.0]], [2, null, null, null]], "scene_graph": {"left": [[7, 8], [7, 2], [6, 8], [3, 5], [8, 4]], "right": [[4, 8], [8, 6], [5, 3], [8, 7], [2, 7]], "front": [[7, 6], [8, 5], [8, 3]], "behind": [[6, 7], [5, 8], [3, 8]], "on": [[8, 2]], "under": [[2, 8]], "leftbehind": [[5, 4]], "leftfront": [[6, 3]], "rightbehind": [[3, 6]], "rightfront": [[4, 5]]}}