{"objects": {"7": ["book", "medium"], "5": ["book", "medium"], "8": ["stapler", "medium"], "6": ["marker", "medium"], "3": ["cup", "medium"], "4": ["scissors", "medium"], "2": ["glue", "medium"]}, "action_order": [[0, 7, [0.014032790365505313, -0.1740066005322659, 0.7250017881393432], [0.0, 0.0, 0.0, 1.0]], [2, null, null, null], [2, null, null, null], [2, null, null, null], [2, null, null, null], [2, null, null, null], [0, 5, [0.014032790365505313, 0.16278036823986164, 0.7250017881393432], [0.0, 0.0, 0.0, 1.0]], [2, null, null, null], [2, null, null, null], [2, null, null, null], [2, null, null, null], [2, null, null, null], [2, null, null, null], [2, null, null, null], [2, null, null, null], [2, null, null, null], [0, 8, [-0.09822953255853721, -0.0028065580731010628, 0.7250017881393432], [0.0, 0.0, -0.7071067811865475, 0.7071067811865476]], [0, 6, [0.07016395182752658, -0.0028065580731010628, 0.7250017881393432], [0.0, 0.0, 0.0, 1.0]], [2, null, null, null], [0, 3, [0.0028065580731010628, 0.4069509205996541, 0.7250017881393432], [0.0, 0.0, 0.0, 1.0]], [2, null, null, null], [0, 4, [0.11506888099714357, -0.41256403674585634, 0.7250017881393432], [0.0, 0.0, 0.0, 1.0]], [2, null, null, null], [0, 2, [-0.08419674219303189, -0.3816918979417446, 0.7250017881393432], [0.0, 0.0, -0.7071067811865475, 0.7071067811865476]], [2, null, null, null]], "scene_graph": {"left": [[7, 4], [5, 8], [5, 6], [8, 7], [6, 7], [3, 5], [7, 2]], "right": [[7, 8], [7, 6], [5, 3], [8, 5], [6, 5], [4, 7], [2, 7]], "front": [[8, 6], [2, 4]], "behind": [[6, 8], [4, 2]], "on": [], "under": [], "leftbehind": [], "leftfront": [], "rightbehind": [], "rightfront": []}}