{"objects": {"8": ["book", "medium"], "7": ["book", "medium"], "6": ["marker", "medium"], "5": ["cup", "medium"], "4": ["stapler", "medium"], "3": ["glue", "medium"], "2": ["scissors", "medium"]}, "action_order": [[0, 8, [-0.17120004245916487, -0.1908459489708723, 0.7250017881393432], [0.0, -0.0, -0.7071067811865476, -0.7071067811865475]], [0, 7, [-0.19926562319017546, 0.17961971667846802, 0.7250017881393432], [0.0, -0.0, -0.7071067811865476, -0.7071067811865475]], [2, null, null, null], [1, 7, [-0.16926200129078425, 0.17962376263793559, 0.7759698782516967], [0.0, 0.0, 0.0, 1.0]], [2, null, null, null], [0, 6, [-0.18523283282467015, 0.4294033851844626, 0.7250017881393432], [0.0, 0.0, 0.0, 1.0]], [2, null, null, null], [0, 5, [0.036485254950313815, -0.2890754815294095, 0.7250017881393432], [0.0, 0.0, 0.0, 1.0]], [2, null, null, null], [0, 4, [0.03087213880411169, -0.15436069402055844, 0.7250017881393432], [0.0, 0.0, 0.0, 1.0]], [2, null, null, null], [0, 3, [0.025259022657909566, 0.08139018411993082, 0.7250017881393432], [0.0, 0.0, -0.7071067811865475, 0.7071067811865476]], [2, null, null, null], [0, 2, [0.03087213880411169, 0.2497836685059946, 0.7250017881393432], [0.0, -0.0, -0.7071067811865476, -0.7071067811865475]], [2, null, null, null], [1, 2, [0.06087221418830699, 0.24978362747579838, 0.7768170435917987], [0.0, 0.0, 0.0, 1.0]], [1, 2, [0.06087221418830699, 0.2797836274757984, 0.8], [0.0, 0.0, 0.0, 1.0]], [2, null, null, null], [1, 4, [0.030367251328169975, -0.12416158301104252, 0.7866416545140293], [0.0, 0.0, 0.0, 1.0]], [2, null, null, null], [1, 5, [0.03802028959656075, -0.2600380779777306, 0.8], [0.0, 0.0, 0.0, 1.0]], [1, 5, [0.03802028959656075, -0.2600380779777306, 0.8], [0.0, 0.0, 0.0, 1.0]], [2, null, null, null]], "scene_graph": {"left": [[7, 8], [6, 7], [4, 5], [2, 3]], "right": [[8, 7], [5, 4], [3, 2], [7, 6]], "front": [[8, 4], [8, 5], [7, 3], [7, 2]], "behind": [[5, 8], [4, 8], [3, 7], [2, 7]], "on": [], "under": [], "leftbehind": [[3, 8]], "leftfront": [[6, 2], [7, 5], [7, 4]], "rightbehind": [[5, 7], [4, 7], [2, 6]], "rightfront": [[8, 3]]}}