{"objects": {"6": ["book", "medium"], "5": ["marker", "medium"], "4": ["stapler", "medium"], "3": ["cup", "medium"], "2": ["can_drink", "medium"]}, "action_order": [[0, 6, [-0.008419674219303189, -0.011226232292404251, 0.7250017881393432], [0.0, 0.0, 0.0, 1.0]], [2, null, null, null], [0, 5, [0.05051804531581913, -0.21049185548257973, 0.7250017881393432], [0.0, 0.0, 0.0, 1.0]], [2, null, null, null], [0, 4, [-0.11787543907024464, -0.21049185548257973, 0.7250017881393432], [0.0, 0.0, -0.7071067811865475, 0.7071067811865476]], [2, null, null, null], [0, 3, [-0.10103609063163826, 0.21610497162878187, 0.7250017881393432], [0.0, 0.0, 0.0, 1.0]], [2, null, null, null], [0, 2, [0.07016395182752658, 0.2020721812632765, 0.7250017881393432], [0.0, 0.0, 0.0, 1.0]], [2, null, null, null]], "scene_graph": {"left": [[6, 4], [3, 6], [2, 6], [6, 5]], "right": [[6, 3], [6, 2], [5, 6], [4, 6]], "front": [[4, 5], [3, 2]], "behind": [[5, 4], [2, 3]], "on": [], "under": [], "leftbehind": [], "leftfront": [], "rightbehind": [], "rightfront": []}}