{"objects": {"6": ["cup", "medium"], "5": ["can_drink", "medium"], "4": ["marker", "medium"], "3": ["stapler", "medium"], "2": ["glue", "medium"]}, "action_order": [[0, 6, [-0.1515541359474574, -0.12629511328954784, 0.7250017881393432], [0.0, 0.0, -1.0, 6.123233995736766e-17]], [0, 5, [-0.18242627475156908, 0.06735739375442551, 0.7250017881393432], [0.0, 0.0, 0.0, 1.0]], [0, 4, [-0.0533246033889202, -0.028065580731010627, 0.7250017881393432], [0.0, 0.0, -0.7071067811865475, 0.7071067811865476]], [2, null, null, null], [1, 5, [-0.1527531429687778, 0.0674036324811777, 0.8], [0.0, 0.0, 0.0, 1.0]], [2, null, null, null], [0, 3, [0.033678696877212755, -0.10384264870473935, 0.7250017881393432], [0.0, 0.0, 0.0, 1.0]], [0, 2, [0.025259022657909566, 0.06174427760822338, 0.7250017881393432], [0.0, 0.0, 0.0, 1.0]], [2, null, null, null]], "scene_graph": {"left": [[5, 6], [2, 3]], "right": [[6, 5], [3, 2]], "front": [[6, 4], [5, 4], [4, 2], [4, 3]], "behind": [[4, 6], [3, 4], [2, 4], [4, 5]], "on": [], "under": [], "leftbehind": [], "leftfront": [], "rightbehind": [], "rightfront": []}}