{"objects": {"7": ["can_drink", "medium"], "6": ["cup", "medium"], "5": ["marker", "medium"], "4": ["scissors", "medium"], "3": ["stapler", "medium"], "2": ["glue", "medium"]}, "action_order": [[0, 7, [-0.0757770679737287, -0.1571672520936595, 0.7250017881393432], [0.0, 0.0, 0.0, 1.0]], [0, 6, [-0.09822953255853721, 0.008419674219303189, 0.7250017881393432], [0.0, 0.0, 0.0, 1.0]], [2, null, null, null], [0, 5, [0.07297050990062763, -0.11787543907024464, 0.7250017881393432], [0.0, 0.0, 0.0, 1.0]], [0, 4, [0.08419674219303189, -0.25820334272529777, 0.7250017881393432], [0.0, 0.0, 0.0, 1.0]], [2, null, null, null], [1, 7, [-0.10623212043322905, -0.15747348709851136, 0.8], [0.0, 0.0, 0.0, 1.0]], [2, null, null, null], [1, 6, [-0.12776847345885411, 0.009108899140359712, 0.8], [0.0, 0.0, 0.0, 1.0]], [2, null, null, null], [1, 4, [0.11419673579723073, -0.25820334007609935, 0.7768280158641769], [0.0, 0.0, 0.0, 1.0]], [2, null, null, null], [0, 3, [0.0, 0.0028065580731010628, 0.7250017881393432], [0.0, 0.0, 0.0, 1.0]], [0, 2, [0.1066492067778404, -0.0028065580731010628, 0.7250017881393432], [0.0, 0.0, 0.0, 1.0]], [2, null, null, null]], "scene_graph": {"left": [[6, 7], [5, 4], [3, 5], [2, 5]], "right": [[7, 6], [5, 3], [5, 2], [4, 5]], "front": [[7, 4], [7, 5], [6, 3], [3, 2]], "behind": [[4, 7], [3, 6], [2, 3], [5, 7]], "on": [], "under": [], "leftbehind": [], "leftfront": [[6, 5]], "rightbehind": [[5, 6]], "rightfront": []}}