{"objects": {"2": ["can_drink", "medium"], "3": ["cup", "medium"], "4": ["marker", "medium"], "5": ["stapler", "medium"], "6": ["glue", "medium"], "7": ["scissors", "medium"]}, "action_order": [[0, 2, [-0.0028065580731010628, -0.34520664299143067, 0.7250017881393432], [0.0, 0.0, 0.0, 1.0]], [0, 3, [0.15716725209365953, -0.3844984560148456, 0.7250017881393432], [0.0, 0.0, 0.0, 1.0]], [1, 3, [0.15716725209365953, -0.35449845601484564, 0.8], [0.0, 0.0, 0.0, 1.0]], [1, 3, [0.15716725209365953, -0.3244984560148456, 0.8], [0.0, 0.0, 0.0, 1.0]], [2, null, null, null], [1, 3, [0.15703387212909384, -0.3398175218965933, 0.8], [0.0, 0.0, 0.0, 1.0]], [2, null, null, null], [0, 4, [0.1655869263129627, -0.2076852974094787, 0.7250017881393432], [0.0, 0.0, 0.0, 1.0]], [0, 5, [0.1908459489708723, -0.14874757787435636, 0.7250017881393432], [0.0, 0.0, 0.0, 1.0]], [1, 5, [0.1908459489708723, -0.11874757787435636, 0.8], [0.0, 0.0, 0.0, 1.0]], [1, 5, [0.1908459489708723, -0.08874757787435636, 0.8], [0.0, 0.0, 0.0, 1.0]], [2, null, null, null], [0, 6, [0.18523283282467015, 0.033678696877212755, 0.7250017881393432], [0.0, 0.0, 0.0, 1.0]], [2, null, null, null], [2, null, null, null], [0, 7, [0.06174427760822338, -0.033678696877212755, 0.7250017881393432], [0.0, 0.0, 0.0, 1.0]], [1, 7, [0.06174427760822338, -0.033678696877212755, 0.8], [0.0, 0.0, 0.25881904510252074, 0.9659258262890683]], [1, 7, [0.06174427760822338, -0.033678696877212755, 0.8], [0.0, 0.0, 0.25881904510252074, 0.9659258262890683]], [1, 7, [0.06174427760822338, -0.033678696877212755, 0.8], [0.0, 0.0, 0.25881904510252074, 0.9659258262890683]], [1, 7, [0.06174427760822338, -0.033678696877212755, 0.8], [0.0, 0.0, 0.25881904510252074, 0.9659258262890683]], [1, 7, [0.06174427760822338, -0.003678696877212756, 0.8], [0.0, 0.0, 0.0, 1.0]], [1, 7, [0.06174427760822338, 0.026321303122787243, 0.8], [0.0, 0.0, 0.0, 1.0]], [1, 7, [0.03174427760822338, 0.026321303122787243, 0.8], [0.0, 0.0, 0.0, 1.0]], [2, null, null, null]], "scene_graph": {"left": [[4, 3], [5, 4], [6, 5], [7, 4], [7, 2]], "right": [[2, 7], [3, 4], [4, 5], [4, 7], [5, 6]], "front": [[2, 3], [7, 6], [7, 5]], "behind": [[3, 2], [5, 7], [6, 7]], "on": [], "under": [], "leftbehind": [[4, 2]], "leftfront": [], "rightbehind": [], "rightfront": [[2, 4]]}}