{"objects": {"2": ["cup", "medium"], "7": ["marker", "medium"], "6": ["scissors", "medium"], "5": ["stapler", "medium"], "4": ["glue", "medium"], "3": ["can_drink", "medium"]}, "action_order": [[0, 2, [-0.08700330026613295, 0.21891152970188293, 0.7250017881393432], [0.0, 0.0, 0.0, 1.0]], [0, 7, [0.042098371096515944, 0.12068199714334571, 0.7250017881393432], [0.0, 0.0, -0.7071067811865475, 0.7071067811865476]], [0, 6, [0.15997381016676057, 0.13471478750885102, 0.7250017881393432], [0.0, 0.0, -0.7071067811865475, 0.7071067811865476]], [2, null, null, null], [1, 6, [0.15997375436725905, 0.10471483317985814, 0.7768172396118845], [0.0, 0.0, 0.0, 1.0]], [1, 6, [0.12997375436725905, 0.10471483317985814, 0.8], [0.0, 0.0, 0.0, 1.0]], [1, 6, [0.12997375436725905, 0.07471483317985814, 0.8], [0.0, 0.0, 0.0, 1.0]], [2, null, null, null], [1, 6, [0.12997375436725642, 0.10471483317985879, 0.7768070386619528], [0.0, 0.0, 0.0, 1.0]], [2, null, null, null], [0, 5, [0.044904929169617004, -0.09542297448543614, 0.7250017881393432], [0.0, 0.0, 0.0, 1.0]], [0, 4, [0.1515541359474574, -0.09542297448543614, 0.7250017881393432], [0.0, 0.0, 0.0, 1.0]], [2, null, null, null], [1, 2, [-0.08717891835117993, 0.18895563576297505, 0.8], [0.0, 0.0, 0.0, 1.0]], [1, 2, [-0.08717891835117993, 0.15895563576297506, 0.8], [0.0, 0.0, 0.0, 1.0]], [1, 2, [-0.08717891835117993, 0.12895563576297506, 0.8], [0.0, 0.0, 0.0, 1.0]], [1, 2, [-0.08717891835117993, 0.09895563576297506, 0.8], [0.0, 0.0, 0.0, 1.0]], [2, null, null, null], [0, 3, [-0.08700330026613295, -0.10384264870473935, 0.7250017881393432], [0.0, 0.0, 0.0, 1.0]], [2, null, null, null]], "scene_graph": {"left": [[2, 3], [7, 5], [6, 4]], "right": [[5, 7], [4, 6], [3, 2]], "front": [[2, 7], [7, 6], [5, 4], [3, 5]], "behind": [[7, 2], [6, 7], [5, 3], [4, 5]], "on": [], "under": [], "leftbehind": [[6, 5], [7, 3]], "leftfront": [[7, 4]], "rightbehind": [[4, 7]], "rightfront": [[3, 7], [5, 6]]}}