{"objects": {"6": ["can_drink", "medium"], "5": ["can_drink", "medium"], "4": ["cup", "medium"], "3": ["scissors", "medium"], "2": ["stapler", "medium"]}, "action_order": [[0, 6, [-0.09542297448543614, -0.24697711043289353, 0.7250017881393432], [0.0, 0.0, 0.0, 1.0]], [0, 5, [0.05613116146202125, -0.2553967846521967, 0.7250017881393432], [0.0, 0.0, 0.0, 1.0]], [2, null, null, null], [2, null, null, null], [0, 4, [-0.025259022657909566, -0.12068199714334571, 0.7250017881393432], [0.0, 0.0, 0.0, 1.0]], [2, null, null, null], [1, 4, [-0.02637798090651775, -0.08904442441820482, 0.8], [0.0, 0.0, 0.0, 1.0]], [2, null, null, null], [0, 3, [-0.09261641641233508, 0.09822953255853721, 0.7250017881393432], [0.0, -0.0, -0.7071067811865476, -0.7071067811865475]], [0, 2, [0.016839348438606377, 0.05613116146202125, 0.7250017881393432], [0.0, 0.0, 0.0, 1.0]], [2, null, null, null], [1, 3, [-0.06261634923888396, 0.09822949857108314, 0.7768170535011825], [0.0, 0.0, 0.0, 1.0]], [2, null, null, null], [1, 2, [0.04704198934557045, 0.056139713540584175, 0.7866412701875021], [0.0, 0.0, 0.0, 1.0]], [2, null, null, null]], "scene_graph": {"left": [[4, 6], [3, 4], [2, 5], [4, 5]], "right": [[6, 4], [5, 4], [5, 2], [4, 3]], "front": [[6, 5], [3, 2]], "behind": [[5, 6], [2, 3]], "on": [], "under": [], "leftbehind": [[2, 4]], "leftfront": [], "rightbehind": [], "rightfront": [[4, 2]]}}