{"objects": {"6": ["can_drink", "medium"], "5": ["cup", "medium"], "4": ["can_drink", "medium"], "3": ["stapler", "medium"], "2": ["scissors", "medium"]}, "action_order": [[0, 6, [0.1122623229240425, -0.17681315860536698, 0.7250017881393432], [0.0, 0.0, 0.0, 1.0]], [0, 5, [0.1122623229240425, -0.022452464584808502, 0.7250017881393432], [0.0, 0.0, 0.0, 1.0]], [0, 4, [0.12910167136264888, 0.1431344617281542, 0.7250017881393432], [0.0, 0.0, 0.0, 1.0]], [2, null, null, null], [0, 3, [-0.01964590651170744, -0.11787543907024464, 0.7250017881393432], [0.0, 0.0, 0.0, 1.0]], [0, 2, [-0.022452464584808502, 0.08700330026613295, 0.7250017881393432], [0.0, 0.0, -0.7071067811865475, 0.7071067811865476]], [2, null, null, null]], "scene_graph": {"left": [[5, 6], [4, 5], [2, 3]], "right": [[6, 5], [5, 4], [3, 2]], "front": [[3, 5], [3, 6], [2, 4], [2, 5]], "behind": [[6, 3], [5, 2], [4, 2], [5, 3]], "on": [], "under": [], "leftbehind": [[4, 3]], "leftfront": [[2, 6]], "rightbehind": [[6, 2]], "rightfront": [[3, 4]]}}