{"objects": {"3": ["soap_dish", "medium"], "2": ["soap", "medium"]}, "action_order": [[0, 3, [0.10384264870473932, -0.025259022657909563, 0.7250017881393432], [0.0, 0.0, 0.0, 1.0]], [0, 2, [0.09666120477411493, -0.025437159151082873, 0.8069478631019592], [0.0, 0.0, 0.0, 1.0]], [2, null, null, null]], "scene_graph": {"left": [], "right": [], "front": [], "behind": [], "on": [[3, 2]], "under": [[2, 3]], "leftbehind": [], "leftfront": [], "rightbehind": [], "rightfront": []}}