{"objects": {"4": ["soap_dish", "medium"], "2": ["soap", "medium"], "3": ["toothpaste", "medium"]}, "action_order": [[0, 4, [0.13190822943574995, 0.008419674219303189, 0.7250017881393432], [0.0, 0.0, 0.0, 1.0]], [1, 4, [0.10190822943574995, 0.008419674219303189, 0.8], [0.0, 0.0, 0.0, 1.0]], [0, 2, [0.10363723742453618, 0.01381829832327149, 0.8819801568984985], [0.0, 0.0, 0.0, 1.0]], [2, null, null, null], [2, null, null, null], [0, 3, [0.10103609063163826, -0.16278036823986164, 0.7250017881393432], [0.0, 0.0, 0.0, 1.0]], [2, null, null, null]], "scene_graph": {"left": [[4, 3], [2, 3]], "right": [[3, 4], [3, 2]], "front": [], "behind": [], "on": [[4, 2]], "under": [[2, 4]], "leftbehind": [], "leftfront": [], "rightbehind": [], "rightfront": []}}