{"objects": {"4": ["toothpaste", "medium"], "3": ["soap_dish", "medium"], "2": ["soap", "medium"]}, "action_order": [[0, 4, [0.11506888099714357, 0.16839348438606377, 0.7250017881393432], [0.0, 0.0, 0.0, 1.0]], [0, 3, [0.13190822943574995, 0.008419674219303189, 0.7250017881393432], [0.0, 0.0, 0.0, 1.0]], [1, 3, [0.10190822943574995, 0.008419674219303189, 0.8], [0.0, 0.0, 0.0, 1.0]], [0, 2, [0.10363723742453618, 0.01381829832327149, 0.8819801568984985], [0.0, 0.0, 0.0, 1.0]], [2, null, null, null], [2, null, null, null]], "scene_graph": {"left": [[4, 3], [4, 2]], "right": [[3, 4], [2, 4]], "front": [], "behind": [], "on": [[3, 2]], "under": [[2, 3]], "leftbehind": [], "leftfront": [], "rightbehind": [], "rightfront": []}}