{"objects": {"2": ["soap_dish", "medium"], "3": ["soap", "medium"], "4": ["cleanser", "medium"]}, "action_order": [[0, 2, [-0.0028065580731010623, -0.019645906511707435, 0.7250017881393432], [0.0, 0.0, 0.0, 1.0]], [2, null, null, null], [0, 3, [-0.005585558409831141, -0.01954945443440899, 0.7292976140975952], [0.0, 0.0, 0.0, 1.0]], [2, null, null, null], [2, null, null, null], [0, 4, [-0.15997381016676054, -0.019645906511707435, 0.7250017881393432], [0.0, 0.0, 0.0, 1.0]], [2, null, null, null], [2, null, null, null], [2, null, null, null]], "scene_graph": {"left": [], "right": [], "front": [[4, 2], [4, 3]], "behind": [[2, 4], [3, 4]], "on": [[2, 3]], "under": [[3, 2]], "leftbehind": [], "leftfront": [], "rightbehind": [], "rightfront": []}}