{"objects": {"4": ["soap_dish", "medium"], "3": ["soap", "medium"], "2": ["cleanser", "medium"]}, "action_order": [[0, 4, [-0.0028065580731010623, -0.019645906511707435, 0.7250017881393432], [0.0, 0.0, 0.0, 1.0]], [2, null, null, null], [0, 3, [-0.005585558409831141, -0.01954945443440899, 0.7292976140975952], [0.0, 0.0, 0.0, 1.0]], [0, 2, [0.0028065580731010623, 0.14032790365505313, 0.7250017881393432], [0.0, 0.0, 0.0, 1.0]], [2, null, null, null], [2, null, null, null]], "scene_graph": {"left": [[2, 4], [2, 3]], "right": [[4, 2], [3, 2]], "front": [], "behind": [], "on": [[4, 3]], "under": [[3, 4]], "leftbehind": [], "leftfront": [], "rightbehind": [], "rightfront": []}}