{"objects": {"4": ["soap_dish", "medium"], "3": ["soap", "medium"], "2": ["cleanser", "medium"]}, "action_order": [[0, 4, [0.0028065580731010623, -0.01122623229240425, 0.7250017881393432], [0.0, 0.0, 0.0, 1.0]], [2, null, null, null], [0, 3, [0.011171899136354132, -0.013964873920442667, 0.72923663854599], [0.0, 0.0, 0.0, 1.0]], [0, 2, [-0.005613116146202125, -0.18523283282467012, 0.7250017881393432], [0.0, 0.0, 0.0, 1.0]], [2, null, null, null]], "scene_graph": {"left": [[4, 2], [3, 2]], "right": [[2, 4], [2, 3]], "front": [], "behind": [], "on": [[4, 3]], "under": [[3, 4]], "leftbehind": [], "leftfront": [], "rightbehind": [], "rightfront": []}}