{"objects": {"4": ["cleanser", "medium"], "3": ["soap_dish", "medium"], "2": ["soap", "medium"]}, "action_order": [[0, 4, [0.10384264870473932, 0.22733120392118614, 0.7250017881393432], [0.0, 0.0, 0.0, 1.0]], [0, 3, [0.1122623229240425, 0.06455083568132444, 0.7250017881393432], [0.0, 0.0, 0.0, 1.0]], [0, 2, [0.1017582568819302, 0.05851099770710987, 0.8068728804588318], [0.0, 0.0, 0.0, 1.0]], [2, null, null, null], [2, null, null, null]], "scene_graph": {"left": [[4, 3], [4, 2]], "right": [[3, 4], [2, 4]], "front": [], "behind": [], "on": [[3, 2]], "under": [[2, 3]], "leftbehind": [], "leftfront": [], "rightbehind": [], "rightfront": []}}