{"objects": {"4": ["soap_dish", "medium"], "2": ["soap", "medium"], "3": ["cleanser", "medium"]}, "action_order": [[0, 4, [0.1122623229240425, 0.06455083568132444, 0.7250017881393432], [0.0, 0.0, 0.0, 1.0]], [0, 2, [0.1017582568819302, 0.05851099770710987, 0.8068728804588318], [0.0, 0.0, 0.0, 1.0]], [2, null, null, null], [2, null, null, null], [0, 3, [-0.03087213880411169, 0.07297050990062763, 0.7250017881393432], [0.0, 0.0, 0.0, 1.0]], [2, null, null, null], [1, 3, [-0.030805223628661563, 0.04308999447385546, 0.8], [0.0, 0.0, 0.0, 1.0]], [2, null, null, null]], "scene_graph": {"left": [], "right": [], "front": [[3, 4], [3, 2]], "behind": [[4, 3], [2, 3]], "on": [[4, 2]], "under": [[2, 4]], "leftbehind": [], "leftfront": [], "rightbehind": [], "rightfront": []}}