{"objects": {"3": ["soap_dish", "medium"], "2": ["soap", "medium"], "4": ["cleanser", "medium"], "5": ["toothpaste", "medium"]}, "action_order": [[2, null, null, null], [0, 3, [0.07016395182752658, 0.12068199714334571, 0.7250017881393432], [0.0, 0.0, 0.0, 1.0]], [0, 2, [0.0686769176829972, 0.12972306673455028, 0.8069872617721557], [0.0, 0.0, 0.0, 1.0]], [2, null, null, null], [2, null, null, null], [2, null, null, null], [2, null, null, null], [0, 4, [0.11787543907024464, -0.05893771953512232, 0.7250017881393432], [0.0, 0.0, 0.0, 1.0]], [1, 4, [0.11787543907024464, -0.05893771953512232, 0.8], [0.0, 0.0, -0.25881904510252074, 0.9659258262890683]], [1, 4, [0.11787543907024464, -0.05893771953512232, 0.8], [0.0, 0.0, -0.25881904510252074, 0.9659258262890683]], [1, 4, [0.11787543907024464, -0.05893771953512232, 0.8], [0.0, 0.0, -0.25881904510252074, 0.9659258262890683]], [2, null, null, null], [0, 5, [0.03929181302341488, -0.06455083568132444, 0.7250017881393432], [0.0, 0.0, -0.7071067811865475, 0.7071067811865476]], [2, null, null, null]], "scene_graph": {"left": [[3, 4], [2, 4], [3, 5], [2, 5]], "right": [[4, 3], [4, 2], [5, 3], [5, 2]], "front": [[5, 4]], "behind": [[4, 5]], "on": [[3, 2]], "under": [[2, 3]], "leftbehind": [], "leftfront": [], "rightbehind": [], "rightfront": []}}