{"objects": {"4": ["soap_dish", "medium"], "3": ["soap", "medium"], "2": ["cleanser", "medium"], "6": ["toothpaste", "medium"], "5": ["lotion", "medium"]}, "action_order": [[0, 4, [0.03929181302341487, -0.053324603388920186, 0.7250017881393432], [0.0, 0.0, 0.0, 1.0]], [2, null, null, null], [0, 3, [0.04189266596959837, -0.0558568879594645, 0.7292772889137268], [0.0, 0.0, 0.0, 1.0]], [2, null, null, null], [2, null, null, null], [2, null, null, null], [2, null, null, null], [2, null, null, null], [0, 2, [-0.12629511328954782, -0.14032790365505313, 0.7250017881393432], [0.0, 0.0, 0.0, 1.0]], [0, 6, [-0.12348855521644675, -0.05613116146202125, 0.7250017881393432], [0.0, 0.0, 0.0, 1.0]], [0, 5, [-0.11506888099714355, 0.01122623229240425, 0.7250017881393432], [0.0, 0.0, 0.0, 1.0]], [2, null, null, null]], "scene_graph": {"left": [[6, 2], [5, 6]], "right": [[2, 6], [6, 5]], "front": [[2, 4], [6, 4], [5, 4], [5, 3]], "behind": [[4, 6], [3, 5], [4, 2], [4, 5]], "on": [[4, 3]], "under": [[3, 4]], "leftbehind": [], "leftfront": [], "rightbehind": [], "rightfront": []}}