{"objects": {"4": ["soap_dish", "medium"], "5": ["soap", "medium"], "3": ["toothpaste", "medium"], "6": ["lotion", "medium"], "2": ["cleanser", "medium"]}, "action_order": [[0, 4, [0.03929181302341487, -0.053324603388920186, 0.7250017881393432], [0.0, 0.0, 0.0, 1.0]], [2, null, null, null], [0, 5, [0.04189266596959837, -0.0558568879594645, 0.7292772889137268], [0.0, 0.0, 0.0, 1.0]], [2, null, null, null], [2, null, null, null], [2, null, null, null], [2, null, null, null], [2, null, null, null], [2, null, null, null], [2, null, null, null], [2, null, null, null], [2, null, null, null], [0, 3, [0.044904929169617, -0.23013776199428715, 0.7250017881393432], [0.0, 0.0, 0.0, 1.0]], [0, 6, [0.03648525495031381, -0.3452066429914306, 0.7250017881393432], [0.0, 0.0, 0.0, 1.0]], [0, 2, [0.05893771953512231, -0.5079870112312923, 0.7250017881393432], [0.0, 0.0, 0.0, 1.0]], [2, null, null, null]], "scene_graph": {"left": [[4, 3], [5, 3], [3, 6], [6, 2]], "right": [[3, 4], [3, 5], [6, 3], [2, 6]], "front": [], "behind": [], "on": [[4, 5]], "under": [[5, 4]], "leftbehind": [], "leftfront": [], "rightbehind": [], "rightfront": []}}