{"objects": {"2": ["soap_dish", "medium"], "3": ["soap", "medium"], "4": ["cleanser", "medium"], "5": ["lotion", "medium"], "6": ["toothpaste", "medium"]}, "action_order": [[0, 2, [0.03929181302341487, -0.053324603388920186, 0.7250017881393432], [0.0, 0.0, 0.0, 1.0]], [2, null, null, null], [0, 3, [0.04189266596959837, -0.0558568879594645, 0.7292772889137268], [0.0, 0.0, 0.0, 1.0]], [2, null, null, null], [0, 4, [0.04771148724271806, 0.07577706797372868, 0.7250017881393432], [0.0, 0.0, 0.0, 1.0]], [0, 5, [0.05893771953512231, 0.20768529740947864, 0.7250017881393432], [0.0, 0.0, 0.0, 1.0]], [2, null, null, null], [2, null, null, null], [0, 6, [-0.025259022657909563, 0.15155413594745737, 0.7250017881393432], [0.0, 0.0, 0.0, 1.0]], [2, null, null, null]], "scene_graph": {"left": [[4, 2], [4, 3], [5, 4], [6, 2]], "right": [[2, 4], [3, 4], [4, 5], [2, 6]], "front": [[6, 5]], "behind": [[5, 6]], "on": [[2, 3]], "under": [[3, 2]], "leftbehind": [], "leftfront": [[6, 4]], "rightbehind": [[4, 6]], "rightfront": []}}