{"objects": {"2": ["soap_dish", "medium"], "6": ["soap", "medium"], "5": ["cleanser", "medium"], "3": ["toothpaste", "medium"], "4": ["lotion", "medium"]}, "action_order": [[0, 2, [0.03929181302341487, -0.053324603388920186, 0.7250017881393432], [0.0, 0.0, 0.0, 1.0]], [2, null, null, null], [0, 6, [0.04189266596959837, -0.0558568879594645, 0.7292772889137268], [0.0, 0.0, 0.0, 1.0]], [2, null, null, null], [2, null, null, null], [2, null, null, null], [2, null, null, null], [2, null, null, null], [2, null, null, null], [0, 5, [-0.10664920677784037, -0.061744277608223375, 0.7250017881393432], [0.0, 0.0, 0.0, 1.0]], [0, 3, [-0.10103609063163825, -0.16558692631296265, 0.7250017881393432], [0.0, 0.0, 0.0, 1.0]], [0, 4, [-0.09261641641233505, 0.028065580731010627, 0.7250017881393432], [0.0, 0.0, 0.0, 1.0]], [2, null, null, null]], "scene_graph": {"left": [[5, 3], [4, 5]], "right": [[5, 4], [3, 5]], "front": [[5, 2], [3, 2], [4, 2], [4, 6]], "behind": [[2, 5], [6, 4], [2, 3], [2, 4]], "on": [[2, 6]], "under": [[6, 2]], "leftbehind": [[6, 3]], "leftfront": [], "rightbehind": [], "rightfront": [[3, 6]]}}