{"objects": {"2": ["soap_dish", "medium"], "6": ["soap", "medium"], "3": ["cleanser", "medium"], "5": ["lotion", "medium"], "4": ["toothpaste", "medium"]}, "action_order": [[0, 2, [0.03929181302341487, -0.053324603388920186, 0.7250017881393432], [0.0, 0.0, 0.0, 1.0]], [2, null, null, null], [0, 6, [0.04189266596959837, -0.0558568879594645, 0.7292772889137268], [0.0, 0.0, 0.0, 1.0]], [2, null, null, null], [2, null, null, null], [2, null, null, null], [2, null, null, null], [2, null, null, null], [2, null, null, null], [2, null, null, null], [2, null, null, null], [0, 3, [-0.04209837109651594, -0.224524645848085, 0.7250017881393432], [0.0, 0.0, 0.0, 1.0]], [0, 5, [0.04771148724271806, -0.2469771104328935, 0.7250017881393432], [0.0, 0.0, 0.0, 1.0]], [0, 4, [0.134714787508851, -0.2553967846521967, 0.7250017881393432], [0.0, 0.0, 0.0, 1.0]], [2, null, null, null]], "scene_graph": {"left": [[2, 5], [6, 5], [2, 3], [2, 4]], "right": [[3, 2], [5, 2], [4, 2], [5, 6]], "front": [[3, 5], [5, 4]], "behind": [[5, 3], [4, 5]], "on": [[2, 6]], "under": [[6, 2]], "leftbehind": [[6, 3]], "leftfront": [], "rightbehind": [], "rightfront": [[3, 6]]}}