{"objects": {"2": ["soap_dish", "medium"], "6": ["soap", "medium"], "3": ["toothpaste", "medium"], "5": ["lotion", "medium"], "4": ["cleanser", "medium"]}, "action_order": [[0, 2, [0.03929181302341487, -0.053324603388920186, 0.7250017881393432], [0.0, 0.0, 0.0, 1.0]], [2, null, null, null], [0, 6, [0.04189266596959837, -0.0558568879594645, 0.7292772889137268], [0.0, 0.0, 0.0, 1.0]], [2, null, null, null], [2, null, null, null], [2, null, null, null], [2, null, null, null], [2, null, null, null], [2, null, null, null], [2, null, null, null], [2, null, null, null], [2, null, null, null], [0, 3, [0.044904929169617, -0.23013776199428715, 0.7250017881393432], [0.0, 0.0, 0.0, 1.0]], [0, 5, [0.03648525495031381, -0.3452066429914306, 0.7250017881393432], [0.0, 0.0, 0.0, 1.0]], [2, null, null, null], [0, 4, [-0.04209837109651594, -0.29749515574871266, 0.7250017881393432], [0.0, 0.0, 0.0, 1.0]], [2, null, null, null]], "scene_graph": {"left": [[2, 3], [6, 3], [3, 5], [2, 4]], "right": [[3, 2], [5, 3], [4, 2], [3, 6]], "front": [[4, 5], [4, 3]], "behind": [[3, 4], [5, 4]], "on": [[2, 6]], "under": [[6, 2]], "leftbehind": [], "leftfront": [], "rightbehind": [], "rightfront": []}}