{"objects": {"4": ["soap_dish", "medium"], "5": ["soap", "medium"], "3": ["toothpaste", "medium"], "6": ["lotion", "medium"], "2": ["cleanser", "medium"]}, "action_order": [[0, 4, [0.03929181302341487, -0.053324603388920186, 0.7250017881393432], [0.0, 0.0, 0.0, 1.0]], [2, null, null, null], [0, 5, [0.04189266596959837, -0.0558568879594645, 0.7292772889137268], [0.0, 0.0, 0.0, 1.0]], [2, null, null, null], [2, null, null, null], [2, null, null, null], [2, null, null, null], [2, null, null, null], [2, null, null, null], [0, 3, [-0.10103609063163825, -0.16558692631296265, 0.7250017881393432], [0.0, 0.0, 0.0, 1.0]], [2, null, null, null], [0, 6, [-0.09822953255853718, -0.07577706797372868, 0.7250017881393432], [0.0, 0.0, 0.0, 1.0]], [0, 2, [-0.10103609063163825, 0.0224524645848085, 0.7250017881393432], [0.0, 0.0, 0.0, 1.0]], [2, null, null, null]], "scene_graph": {"left": [[6, 3], [2, 6]], "right": [[3, 6], [6, 2]], "front": [[3, 4], [6, 4], [2, 4], [2, 5], [6, 5]], "behind": [[4, 6], [5, 6], [4, 3], [4, 2], [5, 2]], "on": [[4, 5]], "under": [[5, 4]], "leftbehind": [[5, 3]], "leftfront": [], "rightbehind": [], "rightfront": [[3, 5]]}}