{"objects": {"6": ["soap_dish", "medium"], "5": ["soap", "medium"], "4": ["cleanser", "medium"], "3": ["lotion", "medium"], "2": ["toothpaste", "medium"]}, "action_order": [[0, 6, [0.03929181302341487, -0.053324603388920186, 0.7250017881393432], [0.0, 0.0, 0.0, 1.0]], [2, null, null, null], [0, 5, [0.04189266596959837, -0.0558568879594645, 0.7292772889137268], [0.0, 0.0, 0.0, 1.0]], [2, null, null, null], [0, 4, [0.04771148724271806, 0.07577706797372868, 0.7250017881393432], [0.0, 0.0, 0.0, 1.0]], [0, 3, [0.05893771953512231, 0.20768529740947864, 0.7250017881393432], [0.0, 0.0, 0.0, 1.0]], [0, 2, [0.07016395182752656, 0.33398041069902645, 0.7250017881393432], [0.0, 0.0, 0.0, 1.0]], [2, null, null, null], [2, null, null, null]], "scene_graph": {"left": [[4, 6], [4, 5], [3, 4], [2, 3]], "right": [[6, 4], [5, 4], [4, 3], [3, 2]], "front": [], "behind": [], "on": [[6, 5]], "under": [[5, 6]], "leftbehind": [], "leftfront": [], "rightbehind": [], "rightfront": []}}