{"objects": {"5": ["soap_dish", "medium"], "6": ["soap", "medium"], "4": ["cleanser", "medium"], "3": ["toothpaste", "medium"], "2": ["lotion", "medium"]}, "action_order": [[0, 5, [0.03929181302341487, -0.053324603388920186, 0.7250017881393432], [0.0, 0.0, 0.0, 1.0]], [2, null, null, null], [0, 6, [0.04189266596959837, -0.0558568879594645, 0.7292772889137268], [0.0, 0.0, 0.0, 1.0]], [2, null, null, null], [2, null, null, null], [2, null, null, null], [2, null, null, null], [0, 4, [0.11787543907024461, 0.10103609063163825, 0.7250017881393432], [0.0, 0.0, 0.0, 1.0]], [0, 3, [0.03367869687721275, 0.09261641641233506, 0.7250017881393432], [0.0, 0.0, 0.0, 1.0]], [0, 2, [-0.056131161462021247, 0.089809858339234, 0.7250017881393432], [0.0, 0.0, 0.0, 1.0]], [2, null, null, null]], "scene_graph": {"left": [[4, 5], [3, 5], [2, 5], [3, 6]], "right": [[5, 3], [6, 3], [5, 4], [5, 2]], "front": [[3, 4], [2, 3]], "behind": [[4, 3], [3, 2]], "on": [[5, 6]], "under": [[6, 5]], "leftbehind": [[4, 6]], "leftfront": [[2, 6]], "rightbehind": [[6, 2]], "rightfront": [[6, 4]]}}