{"objects": {"7": ["soap_dish", "medium"], "4": ["soap", "medium"], "6": ["cleanser", "medium"], "5": ["lotion", "medium"], "3": ["shampoo", "medium"], "2": ["toothpaste", "medium"]}, "action_order": [[0, 7, [-0.12068199714334571, -0.18242627475156906, 0.7250017881393432], [0.0, 0.0, 0.0, 1.0]], [0, 4, [-0.13228072344898725, -0.18570178484184752, 0.8069029211997986], [0.0, 0.0, 0.0, 1.0]], [2, null, null, null], [2, null, null, null], [0, 6, [-0.11506888099714357, -0.04771148724271807, 0.7250017881393432], [0.0, 0.0, 0.0, 1.0]], [1, 6, [-0.11506888099714357, -0.017711487242718073, 0.8], [0.0, 0.0, 0.0, 1.0]], [2, null, null, null], [2, null, null, null], [0, 5, [-0.10945576485094145, 0.08980985833923401, 0.7250017881393432], [0.0, 0.0, 0.0, 1.0]], [2, null, null, null], [2, null, null, null], [0, 3, [-0.23013776199428715, 0.033678696877212755, 0.7250017881393432], [0.0, 0.0, 0.0, 1.0]], [0, 2, [-0.0028065580731010628, 0.025259022657909563, 0.7250017881393432], [0.0, 0.0, -0.7071067811865475, 0.7071067811865476]], [2, null, null, null]], "scene_graph": {"left": [[6, 7], [5, 6], [3, 7], [2, 7], [6, 4]], "right": [[7, 6], [4, 6], [6, 5], [7, 3], [7, 2]], "front": [[3, 6], [3, 5], [6, 2]], "behind": [[6, 3], [5, 3], [2, 6]], "on": [[7, 4]], "under": [[4, 7]], "leftbehind": [], "leftfront": [[5, 2]], "rightbehind": [[2, 5]], "rightfront": []}}