{"objects": {"7": ["soap_dish", "medium"], "6": ["soap", "medium"], "4": ["cleanser", "medium"], "2": ["toothpaste", "medium"], "5": ["shampoo", "medium"], "3": ["lotion", "medium"]}, "action_order": [[0, 7, [0.022452464584808502, 0.2750426911639042, 0.7250017881393432], [0.0, 0.0, 0.0, 1.0]], [0, 6, [0.02543661810605894, 0.28743378459846597, 0.8069647312164306], [0.0, 0.0, 0.0, 1.0]], [0, 4, [-0.025259022657909566, -0.07016395182752658, 0.7250017881393432], [0.0, 0.0, 0.0, 1.0]], [0, 2, [0.1066492067778404, -0.04771148724271807, 0.7250017881393432], [0.0, 0.0, -0.7071067811865475, 0.7071067811865476]], [2, null, null, null], [2, null, null, null], [1, 4, [-0.025198557927731378, -0.04003935686368516, 0.8], [0.0, 0.0, 0.0, 1.0]], [1, 4, [-0.025198557927731378, -0.04003935686368516, 0.8], [0.0, 0.0, 0.0, 1.0]], [2, null, null, null], [0, 5, [-0.016839348438606377, -0.18523283282467015, 0.7250017881393432], [0.0, 0.0, 0.0, 1.0]], [0, 3, [-0.03087213880411169, 0.08980985833923401, 0.7250017881393432], [0.0, 0.0, 0.0, 1.0]], [2, null, null, null], [2, null, null, null]], "scene_graph": {"left": [[7, 3], [6, 3], [4, 5], [3, 4]], "right": [[4, 3], [5, 4], [3, 7], [3, 6]], "front": [[4, 2]], "behind": [[2, 4]], "on": [[7, 6]], "under": [[6, 7]], "leftbehind": [[2, 5]], "leftfront": [[3, 2]], "rightbehind": [[2, 3]], "rightfront": [[5, 2]]}}