{"objects": {"4": ["soap_dish", "medium"], "7": ["soap", "medium"], "6": ["shampoo", "medium"], "5": ["cleanser", "medium"], "3": ["lotion", "medium"], "2": ["toothpaste", "medium"]}, "action_order": [[0, 4, [0.1122623229240425, -0.1515541359474574, 0.7250017881393432], [0.0, 0.0, 0.0, 1.0]], [0, 7, [0.12211510229054602, -0.1577320071252886, 0.8068391442298889], [0.0, 0.0, 0.0, 1.0]], [2, null, null, null], [0, 6, [-0.05613116146202125, -0.16278036823986164, 0.7250017881393432], [0.0, 0.0, 0.0, 1.0]], [0, 5, [0.14032790365505315, 0.09822953255853721, 0.7250017881393432], [0.0, 0.0, 0.0, 1.0]], [0, 3, [0.14594101980125526, 0.221718087774984, 0.7250017881393432], [0.0, 0.0, 0.0, 1.0]], [1, 5, [0.14032790365505315, 0.09822953255853721, 0.8], [0.0, 0.0, -0.25881904510252074, 0.9659258262890683]], [1, 5, [0.14032790365505315, 0.09822953255853721, 0.8], [0.0, 0.0, -0.25881904510252074, 0.9659258262890683]], [1, 5, [0.14032790365505315, 0.09822953255853721, 0.8], [0.0, 0.0, -0.25881904510252074, 0.9659258262890683]], [1, 5, [0.14032790365505315, 0.06822953255853721, 0.8], [0.0, 0.0, 0.0, 1.0]], [1, 5, [0.11032790365505316, 0.06822953255853721, 0.8], [0.0, 0.0, 0.0, 1.0]], [2, null, null, null], [2, null, null, null], [1, 3, [0.14639653538148595, 0.19323489280050318, 0.8], [0.0, 0.0, 0.0, 1.0]], [1, 3, [0.14639653538148595, 0.19323489280050318, 0.8], [0.0, 0.0, -0.25881904510252074, 0.9659258262890683]], [1, 3, [0.14639653538148595, 0.19323489280050318, 0.8], [0.0, 0.0, -0.25881904510252074, 0.9659258262890683]], [1, 3, [0.14639653538148595, 0.19323489280050318, 0.8], [0.0, 0.0, -0.25881904510252074, 0.9659258262890683]], [1, 3, [0.14639653538148595, 0.16323489280050318, 0.8], [0.0, 0.0, 0.0, 1.0]], [1, 3, [0.11639653538148595, 0.16323489280050318, 0.8], [0.0, 0.0, 0.0, 1.0]], [2, null, null, null], [0, 2, [0.12629511328954784, -0.022452464584808502, 0.7250017881393432], [0.0, 0.0, 0.0, 1.0]], [2, null, null, null]], "scene_graph": {"left": [[5, 2], [3, 5], [2, 4], [2, 7]], "right": [[4, 2], [7, 2], [5, 3], [2, 5]], "front": [[6, 4], [6, 7]], "behind": [[4, 6], [7, 6]], "on": [[4, 7]], "under": [[7, 4]], "leftbehind": [[2, 6]], "leftfront": [], "rightbehind": [], "rightfront": [[6, 2]]}}