{"objects": {"2": ["soap_dish", "medium"], "3": ["soap", "medium"], "4": ["shampoo", "medium"], "5": ["cleanser", "medium"], "6": ["lotion", "medium"], "7": ["toothpaste", "medium"]}, "action_order": [[0, 2, [-0.12068199714334571, -0.18242627475156906, 0.7250017881393432], [0.0, 0.0, 0.0, 1.0]], [0, 3, [-0.13228072344898725, -0.18570178484184752, 0.8069029211997986], [0.0, 0.0, 0.0, 1.0]], [2, null, null, null], [2, null, null, null], [0, 4, [-0.12910167136264888, -0.3648525495031381, 0.7250017881393432], [0.0, 0.0, 0.0, 1.0]], [0, 5, [-0.11506888099714357, -0.04771148724271807, 0.7250017881393432], [0.0, 0.0, 0.0, 1.0]], [1, 5, [-0.11506888099714357, -0.017711487242718073, 0.8], [0.0, 0.0, 0.0, 1.0]], [2, null, null, null], [1, 4, [-0.12910081447475813, -0.3342188721706474, 0.8], [0.0, 0.0, 0.0, 1.0]], [1, 4, [-0.09910081447475813, -0.3342188721706474, 0.8], [0.0, 0.0, 0.0, 1.0]], [2, null, null, null], [0, 6, [-0.10945576485094145, 0.08980985833923401, 0.7250017881393432], [0.0, 0.0, 0.0, 1.0]], [2, null, null, null], [0, 7, [0.05893771953512232, -0.19926562319017546, 0.7250017881393432], [0.0, 0.0, -0.7071067811865475, 0.7071067811865476]], [2, null, null, null]], "scene_graph": {"left": [[2, 4], [3, 4], [5, 2], [5, 3], [6, 5]], "right": [[4, 2], [4, 3], [5, 6], [2, 5], [3, 5]], "front": [[4, 7], [2, 7], [3, 7]], "behind": [[7, 2], [7, 4], [7, 3]], "on": [[2, 3]], "under": [[3, 2]], "leftbehind": [], "leftfront": [], "rightbehind": [], "rightfront": []}}