{"objects": {"2": ["soap_dish", "medium"], "3": ["soap", "medium"], "4": ["shampoo", "medium"], "5": ["cleanser", "medium"], "6": ["lotion", "medium"], "7": ["toothpaste", "medium"]}, "action_order": [[0, 2, [0.022452464584808502, 0.2750426911639042, 0.7250017881393432], [0.0, 0.0, 0.0, 1.0]], [0, 3, [0.02543661810605894, 0.28743378459846597, 0.8069647312164306], [0.0, 0.0, 0.0, 1.0]], [2, null, null, null], [2, null, null, null], [2, null, null, null], [2, null, null, null], [2, null, null, null], [0, 4, [-0.14032790365505315, 0.2750426911639042, 0.7250017881393432], [0.0, 0.0, 0.0, 1.0]], [0, 5, [-0.14594101980125526, 0.08419674219303189, 0.7250017881393432], [0.0, 0.0, 0.0, 1.0]], [2, null, null, null], [0, 6, [0.01964590651170744, 0.10664920677784039, 0.7250017881393432], [0.0, 0.0, 0.0, 1.0]], [0, 7, [-0.0533246033889202, -0.07297050990062763, 0.7250017881393432], [0.0, 0.0, 0.0, 1.0]], [2, null, null, null]], "scene_graph": {"left": [[3, 6], [4, 5], [5, 7], [2, 6], [6, 7]], "right": [[5, 4], [6, 2], [6, 3], [7, 5], [7, 6]], "front": [[4, 2], [4, 3], [5, 6]], "behind": [[2, 4], [6, 5], [3, 4]], "on": [[2, 3]], "under": [[3, 2]], "leftbehind": [], "leftfront": [], "rightbehind": [], "rightfront": []}}