{"objects": {"7": ["soap_dish", "medium"], "6": ["soap", "medium"], "5": ["shampoo", "medium"], "4": ["cleanser", "medium"], "3": ["lotion", "medium"], "2": ["toothpaste", "medium"]}, "action_order": [[0, 7, [-0.12068199714334571, -0.18242627475156906, 0.7250017881393432], [0.0, 0.0, 0.0, 1.0]], [0, 6, [-0.13228072344898725, -0.18570178484184752, 0.8069029211997986], [0.0, 0.0, 0.0, 1.0]], [0, 5, [0.028065580731010627, -0.2020721812632765, 0.7250017881393432], [0.0, 0.0, 0.0, 1.0]], [0, 4, [0.022452464584808502, -0.06455083568132444, 0.7250017881393432], [0.0, 0.0, 0.0, 1.0]], [0, 3, [0.028065580731010627, 0.06735739375442551, 0.7250017881393432], [0.0, 0.0, 0.0, 1.0]], [0, 2, [-0.14032790365505315, 0.0056131161462021255, 0.7250017881393432], [0.0, 0.0, 0.0, 1.0]], [1, 2, [-0.14032790365505315, 0.0056131161462021255, 0.8], [0.0, 0.0, -0.25881904510252074, 0.9659258262890683]], [1, 2, [-0.14032790365505315, 0.0056131161462021255, 0.8], [0.0, 0.0, -0.25881904510252074, 0.9659258262890683]], [1, 2, [-0.14032790365505315, 0.0056131161462021255, 0.8], [0.0, 0.0, -0.25881904510252074, 0.9659258262890683]], [2, null, null, null]], "scene_graph": {"left": [[4, 5], [3, 4], [2, 7], [2, 6]], "right": [[5, 4], [4, 3], [7, 2], [6, 2]], "front": [[7, 5], [6, 5], [7, 4]], "behind": [[5, 7], [5, 6], [4, 7]], "on": [[7, 6]], "under": [[6, 7]], "leftbehind": [[3, 2], [3, 7]], "leftfront": [[2, 4]], "rightbehind": [[4, 2]], "rightfront": [[2, 3], [7, 3]]}}