{"objects": {"7": ["soap_dish", "medium"], "6": ["soap", "medium"], "5": ["shampoo", "medium"], "4": ["cleanser", "medium"], "3": ["lotion", "medium"], "2": ["toothpaste", "medium"]}, "action_order": [[0, 7, [0.022452464584808502, 0.2750426911639042, 0.7250017881393432], [0.0, 0.0, 0.0, 1.0]], [0, 6, [0.02543661810605894, 0.28743378459846597, 0.8069647312164306], [0.0, 0.0, 0.0, 1.0]], [0, 5, [-0.01964590651170744, 0.0757770679737287, 0.7250017881393432], [0.0, 0.0, 0.0, 1.0]], [0, 4, [-0.025259022657909566, -0.07016395182752658, 0.7250017881393432], [0.0, 0.0, 0.0, 1.0]], [0, 3, [-0.028065580731010627, -0.24697711043289353, 0.7250017881393432], [0.0, 0.0, 0.0, 1.0]], [0, 2, [0.1066492067778404, -0.04771148724271807, 0.7250017881393432], [0.0, 0.0, -0.7071067811865475, 0.7071067811865476]], [2, null, null, null], [1, 3, [-0.027565661669322193, -0.2155183801524371, 0.8], [0.0, 0.0, 0.0, 1.0]], [2, null, null, null], [1, 4, [-0.025198557927731378, -0.04003935686368516, 0.8], [0.0, 0.0, 0.0, 1.0]], [1, 4, [-0.025198557927731378, -0.04003935686368516, 0.8], [0.0, 0.0, 0.0, 1.0]], [1, 3, [-0.027578626480691138, -0.1854685692733352, 0.8], [0.0, 0.0, 0.0, 1.0]], [2, null, null, null]], "scene_graph": {"left": [[7, 5], [6, 5], [5, 4], [4, 3]], "right": [[5, 7], [5, 6], [4, 5], [3, 4]], "front": [[4, 2]], "behind": [[2, 4]], "on": [[7, 6]], "under": [[6, 7]], "leftbehind": [[2, 3]], "leftfront": [[5, 2]], "rightbehind": [[2, 5]], "rightfront": [[3, 2]]}}