{"objects": {"5": ["soap_dish", "medium"], "4": ["soap", "medium"], "3": ["shampoo", "medium"], "2": ["cleanser", "medium"]}, "action_order": [[0, 5, [-0.0028065580731010628, -0.15436069402055844, 0.7250017881393432], [0.0, 0.0, 0.0, 1.0]], [0, 4, [-0.012720262932939224, -0.16281936554162207, 0.8068428993225097], [0.0, 0.0, 0.0, 1.0]], [0, 3, [-0.014032790365505313, 0.0056131161462021255, 0.7250017881393432], [0.0, 0.0, 0.0, 1.0]], [0, 2, [-0.014032790365505313, 0.13471478750885102, 0.7250017881393432], [0.0, 0.0, 0.0, 1.0]], [2, null, null, null]], "scene_graph": {"left": [[3, 5], [3, 4], [2, 3]], "right": [[5, 3], [4, 3], [3, 2]], "front": [], "behind": [], "on": [[5, 4]], "under": [[4, 5]], "leftbehind": [], "leftfront": [], "rightbehind": [], "rightfront": []}}