{"objects": {"4": ["soap_dish", "medium"], "5": ["soap", "medium"], "2": ["shampoo", "medium"], "3": ["cleanser", "medium"]}, "action_order": [[0, 4, [0.0, -0.028065580731010627, 0.7250017881393432], [0.0, 0.0, 0.0, 1.0]], [0, 5, [-0.005087479625713389, -0.030524877754280335, 0.8069404125213623], [0.0, 0.0, 0.0, 1.0]], [2, null, null, null], [0, 2, [0.0, -0.21049185548257973, 0.7250017881393432], [0.0, 0.0, 0.0, 1.0]], [0, 3, [-0.0028065580731010628, 0.14032790365505315, 0.7250017881393432], [0.0, 0.0, 0.0, 1.0]], [2, null, null, null]], "scene_graph": {"left": [[3, 4], [3, 5], [4, 2], [5, 2]], "right": [[4, 3], [5, 3], [2, 4], [2, 5]], "front": [], "behind": [], "on": [[4, 5]], "under": [[5, 4]], "leftbehind": [], "leftfront": [], "rightbehind": [], "rightfront": []}}