{"objects": {"5": ["soap_dish", "medium"], "4": ["soap", "medium"], "3": ["cleanser", "medium"], "2": ["shampoo", "medium"]}, "action_order": [[0, 5, [-0.03087213880411169, 0.224524645848085, 0.7250017881393432], [0.0, 0.0, 0.0, 1.0]], [0, 4, [-0.030523219059358904, 0.2340113461217516, 0.8069835066795349], [0.0, 0.0, 0.0, 1.0]], [0, 3, [-0.033678696877212755, 0.044904929169617004, 0.7250017881393432], [0.0, 0.0, 0.0, 1.0]], [0, 2, [-0.03929181302341488, -0.1122623229240425, 0.7250017881393432], [0.0, 0.0, 0.0, 1.0]], [2, null, null, null], [1, 3, [-0.03417099794119897, 0.015549372948395417, 0.8], [0.0, 0.0, 0.0, 1.0]], [2, null, null, null]], "scene_graph": {"left": [[5, 3], [4, 3], [3, 2]], "right": [[3, 5], [3, 4], [2, 3]], "front": [], "behind": [], "on": [[5, 4]], "under": [[4, 5]], "leftbehind": [], "leftfront": [], "rightbehind": [], "rightfront": []}}