{"objects": {"5": ["shampoo", "medium"], "4": ["cleanser", "medium"], "3": ["soap_dish", "medium"], "2": ["soap", "medium"]}, "action_order": [[0, 5, [-0.14313446172815422, -0.11787543907024464, 0.7250017881393432], [0.0, 0.0, 0.0, 1.0]], [0, 4, [-0.14032790365505315, 0.05893771953512232, 0.7250017881393432], [0.0, 0.0, 0.0, 1.0]], [0, 3, [0.0, -0.028065580731010627, 0.7250017881393432], [0.0, 0.0, 0.0, 1.0]], [0, 2, [-0.005087479625713389, -0.030524877754280335, 0.8069404125213623], [0.0, 0.0, 0.0, 1.0]], [2, null, null, null]], "scene_graph": {"left": [[4, 5]], "right": [[5, 4]], "front": [[5, 3], [5, 2], [4, 3], [4, 2]], "behind": [[3, 5], [2, 5], [3, 4], [2, 4]], "on": [[3, 2]], "under": [[2, 3]], "leftbehind": [], "leftfront": [], "rightbehind": [], "rightfront": []}}