{"objects": {"4": ["soap_dish", "medium"], "5": ["soap", "medium"], "3": ["toothpaste", "medium"], "2": ["shampoo", "medium"]}, "action_order": [[0, 4, [0.10384264870473932, -0.18523283282467015, 0.7250017881393432], [0.0, 0.0, 0.0, 1.0]], [0, 5, [0.09412415938972397, -0.16789714918166979, 0.806891655921936], [0.0, 0.0, 0.0, 1.0]], [2, null, null, null], [2, null, null, null], [2, null, null, null], [0, 3, [0.11506888099714357, -0.033678696877212755, 0.7250017881393432], [0.0, 0.0, 0.0, 1.0]], [2, null, null, null], [2, null, null, null], [2, null, null, null], [0, 2, [0.12068199714334571, 0.06735739375442551, 0.7250017881393432], [0.0, 0.0, 0.0, 1.0]], [2, null, null, null]], "scene_graph": {"left": [[3, 4], [3, 5], [2, 3]], "right": [[4, 3], [5, 3], [3, 2]], "front": [], "behind": [], "on": [[4, 5]], "under": [[5, 4]], "leftbehind": [], "leftfront": [], "rightbehind": [], "rightfront": []}}