{"objects": {"2": ["soap_dish", "medium"], "3": ["soap", "medium"], "4": ["shampoo", "medium"], "5": ["toothpaste", "medium"]}, "action_order": [[0, 2, [0.10384264870473932, -0.18523283282467015, 0.7250017881393432], [0.0, 0.0, 0.0, 1.0]], [0, 3, [0.09412415938972397, -0.16789714918166979, 0.806891655921936], [0.0, 0.0, 0.0, 1.0]], [2, null, null, null], [0, 4, [0.10945576485094145, -0.356432875283835, 0.7250017881393432], [0.0, 0.0, 0.0, 1.0]], [2, null, null, null], [2, null, null, null], [0, 5, [0.11506888099714357, -0.033678696877212755, 0.7250017881393432], [0.0, 0.0, 0.0, 1.0]], [2, null, null, null], [2, null, null, null], [2, null, null, null]], "scene_graph": {"left": [[2, 4], [3, 4], [5, 2], [5, 3]], "right": [[4, 2], [4, 3], [2, 5], [3, 5]], "front": [], "behind": [], "on": [[2, 3]], "under": [[3, 2]], "leftbehind": [], "leftfront": [], "rightbehind": [], "rightfront": []}}