{"objects": {"5": ["soap_dish", "medium"], "4": ["soap", "medium"], "2": ["toothpaste", "medium"], "3": ["shampoo", "medium"]}, "action_order": [[0, 5, [0.10384264870473932, -0.18523283282467015, 0.7250017881393432], [0.0, 0.0, 0.0, 1.0]], [0, 4, [0.09412415938972397, -0.16789714918166979, 0.806891655921936], [0.0, 0.0, 0.0, 1.0]], [2, null, null, null], [2, null, null, null], [2, null, null, null], [2, null, null, null], [2, null, null, null], [2, null, null, null], [2, null, null, null], [2, null, null, null], [2, null, null, null], [0, 2, [0.10384264870473932, -0.033678696877212755, 0.7250017881393432], [0.0, 0.0, 0.0, 1.0]], [2, null, null, null], [1, 2, [0.10479840290140363, -0.028842451490830666, 0.7888204269736684], [0.0, 0.0, 0.25881904510252074, 0.9659258262890683]], [2, null, null, null], [0, 3, [0.10945576485094145, 0.06174427760822338, 0.7250017881393432], [0.0, 0.0, 0.0, 1.0]], [2, null, null, null], [2, null, null, null]], "scene_graph": {"left": [[2, 5], [2, 4], [3, 2]], "right": [[5, 2], [4, 2], [2, 3]], "front": [], "behind": [], "on": [[5, 4]], "under": [[4, 5]], "leftbehind": [], "leftfront": [], "rightbehind": [], "rightfront": []}}