{"objects": {"3": ["soap_dish", "medium"], "2": ["soap", "medium"], "5": ["shampoo", "medium"], "4": ["toothpaste", "medium"]}, "action_order": [[0, 3, [0.10384264870473932, -0.18523283282467015, 0.7250017881393432], [0.0, 0.0, 0.0, 1.0]], [0, 2, [0.09412415938972397, -0.16789714918166979, 0.806891655921936], [0.0, 0.0, 0.0, 1.0]], [2, null, null, null], [2, null, null, null], [2, null, null, null], [2, null, null, null], [2, null, null, null], [2, null, null, null], [2, null, null, null], [0, 5, [-0.04771148724271807, -0.19365250704397335, 0.7250017881393432], [0.0, 0.0, 0.0, 1.0]], [2, null, null, null], [2, null, null, null], [0, 4, [0.10384264870473932, -0.033678696877212755, 0.7250017881393432], [0.0, 0.0, 0.0, 1.0]], [2, null, null, null], [1, 4, [0.10479840290140363, -0.028842451490830666, 0.7888204269736684], [0.0, 0.0, 0.25881904510252074, 0.9659258262890683]], [2, null, null, null]], "scene_graph": {"left": [[4, 3], [4, 2]], "right": [[2, 4], [3, 4]], "front": [[5, 3], [5, 2]], "behind": [[3, 5], [2, 5]], "on": [[3, 2]], "under": [[2, 3]], "leftbehind": [[4, 5]], "leftfront": [], "rightbehind": [], "rightfront": [[5, 4]]}}