{"objects": {"2": ["teapot", "medium"], "3": ["remote", "medium"], "4": ["cup", "medium"], "5": ["cup", "medium"], "6": ["bowl", "medium"]}, "action_order": [[0, 2, [0.07858362604682977, -0.025259022657909563, 0.7250017881393432], [0.0, 0.0, 0.0, 1.0]], [0, 3, [0.06735739375442551, -0.2553967846521967, 0.7250017881393432], [0.0, 0.0, 0.0, 1.0]], [0, 4, [-0.05051804531581913, 0.17961971667846802, 0.7250017881393432], [0.0, 0.0, 0.0, 1.0]], [0, 5, [0.16839348438606377, 0.18523283282467015, 0.7250017881393432], [0.0, 0.0, 0.0, 1.0]], [2, null, null, null], [2, null, null, null], [1, 4, [-0.020882310751452332, 0.17981954769156067, 0.8], [0.0, 0.0, 0.0, 1.0]], [1, 4, [0.009117689248547667, 0.17981954769156067, 0.8], [0.0, 0.0, 0.0, 1.0]], [2, null, null, null], [0, 6, [0.0757770679737287, 0.3676591075762392, 0.7250017881393432], [0.0, 0.0, 0.0, 1.0]], [2, null, null, null], [1, 5, [0.16839295354861591, 0.15523351192007448, 0.8], [0.0, 0.0, 0.0, 1.0]], [2, null, null, null]], "scene_graph": {"left": [[2, 3], [4, 2], [5, 2], [6, 4], [6, 5]], "right": [[2, 4], [2, 5], [3, 2], [4, 6], [5, 6]], "front": [[4, 5]], "behind": [[5, 4]], "on": [], "under": [], "leftbehind": [], "leftfront": [], "rightbehind": [], "rightfront": []}}