{"objects": {"6": ["teapot", "medium"], "5": ["remote", "medium"], "4": ["cup", "medium"], "3": ["cup", "medium"], "2": ["bowl", "medium"]}, "action_order": [[0, 6, [0.07858362604682977, -0.025259022657909563, 0.7250017881393432], [0.0, 0.0, 0.0, 1.0]], [0, 5, [0.06735739375442551, -0.2553967846521967, 0.7250017881393432], [0.0, 0.0, 0.0, 1.0]], [0, 4, [-0.05051804531581913, 0.17961971667846802, 0.7250017881393432], [0.0, 0.0, 0.0, 1.0]], [0, 3, [0.16839348438606377, 0.18523283282467015, 0.7250017881393432], [0.0, 0.0, 0.0, 1.0]], [2, null, null, null], [0, 2, [0.266623016944601, -0.06735739375442551, 0.7250017881393432], [0.0, 0.0, 0.0, 1.0]], [2, null, null, null], [1, 4, [-0.020882310751452332, 0.17981954769156067, 0.8], [0.0, 0.0, 0.0, 1.0]], [1, 4, [0.009117689248547667, 0.17981954769156067, 0.8], [0.0, 0.0, 0.0, 1.0]], [2, null, null, null]], "scene_graph": {"left": [[4, 6], [3, 6], [3, 2], [6, 5]], "right": [[6, 4], [6, 3], [5, 6], [2, 3]], "front": [[6, 2], [4, 3]], "behind": [[3, 4], [2, 6]], "on": [], "under": [], "leftbehind": [[2, 5]], "leftfront": [[4, 2]], "rightbehind": [[2, 4]], "rightfront": [[5, 2]]}}