{"objects": {"6": ["remote", "medium"], "5": ["teapot", "medium"], "4": ["bowl", "medium"], "3": ["cup", "medium"], "2": ["cup", "medium"]}, "action_order": [[0, 6, [-0.1515541359474574, -0.019645906511707438, 0.7250017881393432], [0.0, 0.0, 0.0, 1.0]], [1, 6, [-0.1515541359474574, -0.019645906511707438, 0.8], [0.0, 0.0, 0.25881904510252074, 0.9659258262890683]], [1, 6, [-0.1515541359474574, -0.019645906511707438, 0.8], [0.0, 0.0, 0.25881904510252074, 0.9659258262890683]], [1, 6, [-0.1515541359474574, -0.019645906511707438, 0.8], [0.0, 0.0, 0.25881904510252074, 0.9659258262890683]], [2, null, null, null], [0, 5, [0.025259022657909566, -0.019645906511707438, 0.7250017881393432], [0.0, 0.0, 0.0, 1.0]], [0, 4, [0.033678696877212755, -0.1908459489708723, 0.7250017881393432], [0.0, 0.0, 0.0, 1.0]], [0, 3, [-0.036485254950313815, 0.13190822943574995, 0.7250017881393432], [0.0, 0.0, 0.0, 1.0]], [0, 2, [0.10945576485094145, 0.11787543907024464, 0.7250017881393432], [0.0, 0.0, 0.0, 1.0]], [2, null, null, null]], "scene_graph": {"left": [[5, 4], [3, 5], [2, 4]], "right": [[5, 3], [4, 5], [4, 2]], "front": [[6, 3], [6, 5], [6, 4], [3, 2]], "behind": [[4, 6], [3, 6], [2, 3], [5, 6]], "on": [], "under": [], "leftbehind": [[2, 5]], "leftfront": [], "rightbehind": [], "rightfront": [[5, 2]]}}