{"objects": {"2": ["cup", "medium"], "3": ["cup", "medium"], "4": ["bowl", "medium"], "5": ["remote", "medium"], "6": ["teapot", "medium"]}, "action_order": [[0, 2, [-0.09542297448543614, 0.011226232292404251, 0.7250017881393432], [0.0, 0.0, 0.0, 1.0]], [0, 3, [0.07858362604682977, -0.0056131161462021255, 0.7250017881393432], [0.0, 0.0, 0.0, 1.0]], [2, null, null, null], [0, 4, [0.266623016944601, -0.008419674219303189, 0.7250017881393432], [0.0, 0.0, 0.0, 1.0]], [2, null, null, null], [1, 2, [-0.0953034699805585, -0.018860964310268635, 0.8], [0.0, 0.0, 0.0, 1.0]], [1, 2, [-0.0653034699805585, -0.018860964310268635, 0.8], [0.0, 0.0, 0.0, 1.0]], [2, null, null, null], [1, 4, [0.2668845410350046, 0.021865855919485658, 0.8], [0.0, 0.0, 0.0, 1.0]], [1, 4, [0.2668845410350046, -0.008134144080514341, 0.8], [0.0, 0.0, 0.0, 1.0]], [1, 4, [0.2368845410350046, -0.008134144080514341, 0.8], [0.0, 0.0, 0.0, 1.0]], [2, null, null, null], [1, 2, [-0.0652959165280464, 0.011116496332813995, 0.8], [0.0, 0.0, 0.0, 1.0]], [2, null, null, null], [2, null, null, null], [0, 5, [0.09822953255853721, -0.16839348438606377, 0.7250017881393432], [0.0, 0.0, 0.0, 1.0]], [0, 6, [0.09261641641233508, 0.19645906511707442, 0.7250017881393432], [0.0, 0.0, 0.0, 1.0]], [2, null, null, null]], "scene_graph": {"left": [[2, 5], [4, 5], [6, 3], [6, 4], [6, 2], [3, 5]], "right": [[2, 6], [3, 6], [4, 6], [5, 4], [5, 3], [5, 2]], "front": [[2, 3], [3, 4]], "behind": [[3, 2], [4, 3]], "on": [], "under": [], "leftbehind": [], "leftfront": [], "rightbehind": [], "rightfront": []}}