{"objects": {"6": ["cup", "medium"], "5": ["cup", "medium"], "4": ["bowl", "medium"], "3": ["remote", "medium"], "2": ["teapot", "medium"]}, "action_order": [[0, 6, [-0.09542297448543614, 0.011226232292404251, 0.7250017881393432], [0.0, 0.0, 0.0, 1.0]], [0, 5, [0.07858362604682977, -0.0056131161462021255, 0.7250017881393432], [0.0, 0.0, 0.0, 1.0]], [2, null, null, null], [0, 4, [0.266623016944601, -0.008419674219303189, 0.7250017881393432], [0.0, 0.0, 0.0, 1.0]], [2, null, null, null], [1, 6, [-0.0953034699805585, -0.018860964310268635, 0.8], [0.0, 0.0, 0.0, 1.0]], [1, 6, [-0.0653034699805585, -0.018860964310268635, 0.8], [0.0, 0.0, 0.0, 1.0]], [2, null, null, null], [1, 4, [0.2668845410350046, 0.021865855919485658, 0.8], [0.0, 0.0, 0.0, 1.0]], [1, 4, [0.2668845410350046, -0.008134144080514341, 0.8], [0.0, 0.0, 0.0, 1.0]], [1, 4, [0.2368845410350046, -0.008134144080514341, 0.8], [0.0, 0.0, 0.0, 1.0]], [2, null, null, null], [1, 6, [-0.0652959165280464, 0.011116496332813995, 0.8], [0.0, 0.0, 0.0, 1.0]], [2, null, null, null], [0, 3, [0.09822953255853721, 0.18523283282467015, 0.7250017881393432], [0.0, 0.0, 0.0, 1.0]], [0, 2, [0.10103609063163826, -0.23575087814048928, 0.7250017881393432], [0.0, 0.0, 0.0, 1.0]], [2, null, null, null]], "scene_graph": {"left": [[4, 2], [3, 5], [3, 4], [3, 6], [5, 2]], "right": [[6, 3], [5, 3], [4, 3], [2, 5], [2, 4]], "front": [[6, 5], [5, 4]], "behind": [[5, 6], [4, 5]], "on": [], "under": [], "leftbehind": [], "leftfront": [[6, 2]], "rightbehind": [[2, 6]], "rightfront": []}}