{"objects": {"6": ["cup", "medium"], "5": ["cup", "medium"], "4": ["teapot", "medium"], "3": ["bowl", "medium"], "2": ["remote", "medium"]}, "action_order": [[0, 6, [0.10103609063163826, -0.24136399428669142, 0.7250017881393432], [0.0, 0.0, 0.0, 1.0]], [0, 5, [0.11787543907024464, -0.09542297448543614, 0.7250017881393432], [0.0, 0.0, 0.0, 1.0]], [2, null, null, null], [1, 5, [0.11769973135688709, -0.06537942717235685, 0.8], [0.0, 0.0, 0.0, 1.0]], [1, 5, [0.08769973135688709, -0.06537942717235685, 0.8], [0.0, 0.0, 0.0, 1.0]], [2, null, null, null], [0, 4, [0.09822953255853721, 0.11506888099714357, 0.7250017881393432], [0.0, 0.0, 0.0, 1.0]], [2, null, null, null], [0, 3, [-0.0757770679737287, -0.09822953255853721, 0.7250017881393432], [0.0, 0.0, 0.0, 1.0]], [2, null, null, null], [0, 2, [0.1066492067778404, 0.28346236538320735, 0.7250017881393432], [0.0, 0.0, 0.0, 1.0]], [2, null, null, null], [1, 3, [-0.07583694854229257, -0.06786165609896766, 0.8], [0.0, 0.0, 0.0, 1.0]], [2, null, null, null]], "scene_graph": {"left": [[5, 6], [4, 5], [2, 4], [2, 3]], "right": [[6, 5], [5, 4], [4, 2], [3, 2]], "front": [[3, 5], [3, 6]], "behind": [[6, 3], [5, 3]], "on": [], "under": [], "leftbehind": [[4, 3]], "leftfront": [], "rightbehind": [], "rightfront": [[3, 4]]}}