{"objects": {"5": ["cup", "medium"], "6": ["cup", "medium"], "3": ["bowl", "medium"], "2": ["teapot", "medium"], "4": ["remote", "medium"]}, "action_order": [[2, null, null, null], [0, 5, [-0.036485254950313815, 0.13190822943574995, 0.7250017881393432], [0.0, 0.0, 0.0, 1.0]], [0, 6, [0.10945576485094145, 0.11787543907024464, 0.7250017881393432], [0.0, 0.0, 0.0, 1.0]], [2, null, null, null], [0, 3, [0.028065580731010627, -0.04771148724271807, 0.7250017881393432], [0.0, 0.0, 0.0, 1.0]], [0, 2, [0.03929181302341488, -0.24697711043289353, 0.7250017881393432], [0.0, 0.0, 0.0, 1.0]], [2, null, null, null], [0, 4, [0.033678696877212755, 0.2750426911639042, 0.7250017881393432], [0.0, 0.0, 0.0, 1.0]], [2, null, null, null]], "scene_graph": {"left": [[5, 3], [6, 3], [3, 2], [4, 5], [4, 6]], "right": [[5, 4], [6, 4], [3, 5], [3, 6], [2, 3]], "front": [[5, 6]], "behind": [[6, 5]], "on": [], "under": [], "leftbehind": [], "leftfront": [], "rightbehind": [], "rightfront": []}}