{"objects": {"5": ["remote", "medium"], "4": ["cup", "medium"], "2": ["cup", "medium"], "3": ["bowl", "medium"], "6": ["teapot", "medium"]}, "action_order": [[0, 5, [-0.1515541359474574, -0.019645906511707438, 0.7250017881393432], [0.0, 0.0, 0.0, 1.0]], [1, 5, [-0.1515541359474574, -0.019645906511707438, 0.8], [0.0, 0.0, 0.25881904510252074, 0.9659258262890683]], [1, 5, [-0.1515541359474574, -0.019645906511707438, 0.8], [0.0, 0.0, 0.25881904510252074, 0.9659258262890683]], [1, 5, [-0.1515541359474574, -0.019645906511707438, 0.8], [0.0, 0.0, 0.25881904510252074, 0.9659258262890683]], [2, null, null, null], [0, 4, [-0.036485254950313815, 0.13190822943574995, 0.7250017881393432], [0.0, 0.0, 0.0, 1.0]], [0, 2, [0.10945576485094145, 0.11787543907024464, 0.7250017881393432], [0.0, 0.0, 0.0, 1.0]], [2, null, null, null], [0, 3, [0.028065580731010627, -0.04771148724271807, 0.7250017881393432], [0.0, 0.0, 0.0, 1.0]], [0, 6, [0.03929181302341488, -0.24697711043289353, 0.7250017881393432], [0.0, 0.0, 0.0, 1.0]], [2, null, null, null]], "scene_graph": {"left": [[4, 3], [2, 3], [3, 6]], "right": [[3, 4], [3, 2], [6, 3]], "front": [[5, 4], [5, 3], [4, 2]], "behind": [[4, 5], [2, 4], [3, 5]], "on": [], "under": [], "leftbehind": [], "leftfront": [[5, 6]], "rightbehind": [[6, 5]], "rightfront": []}}