{"objects": {"4": ["book", "medium"], "5": ["book", "medium"], "2": ["cup", "medium"], "3": ["remote", "medium"], "6": ["bowl", "medium"], "7": ["can_drink", "medium"]}, "action_order": [[0, 4, [0.08980985833923401, -0.1740066005322659, 0.7250017881393432], [0.0, 0.0, 0.0, 1.0]], [0, 5, [0.08419674219303189, 0.14032790365505315, 0.7250017881393432], [0.0, 0.0, 0.0, 1.0]], [2, null, null, null], [1, 4, [0.08982899660189161, -0.14400488790468366, 0.7974755618672987], [0.0, 0.0, 0.0, 1.0]], [2, null, null, null], [0, 2, [-0.1740066005322659, 0.1740066005322659, 0.7250017881393432], [0.0, 0.0, 0.0, 1.0]], [0, 3, [0.09542297448543614, 0.34240008491832963, 0.7250017881393432], [0.0, 0.0, 0.0, 1.0]], [2, null, null, null], [2, null, null, null], [0, 6, [0.10384264870473932, -0.35923943335693603, 0.7250017881393432], [0.0, 0.0, 0.0, 1.0]], [1, 6, [0.13384264870473933, -0.35923943335693603, 0.8], [0.0, 0.0, 0.0, 1.0]], [2, null, null, null], [0, 7, [-0.022452464584808502, -0.37607878179554244, 0.7250017881393432], [0.0, 0.0, 0.0, 1.0]], [1, 6, [0.16380895959532507, -0.3589297179936248, 0.8], [0.0, 0.0, 0.0, 1.0]], [2, null, null, null], [1, 7, [0.007506880598532856, -0.3784702875857013, 0.8], [0.0, 0.0, 0.0, 1.0]], [1, 7, [0.007506880598532856, -0.3484702875857013, 0.8], [0.0, 0.0, 0.0, 1.0]], [2, null, null, null], [1, 2, [-0.17132447921082106, 0.1427412329951192, 0.8], [0.0, 0.0, 0.0, 1.0]], [2, null, null, null], [2, null, null, null]], "scene_graph": {"left": [[4, 6], [4, 7], [5, 4], [3, 5]], "right": [[4, 5], [5, 3], [6, 4], [7, 4]], "front": [[2, 5], [7, 6]], "behind": [[5, 2], [6, 7]], "on": [], "under": [], "leftbehind": [[3, 2]], "leftfront": [[2, 4]], "rightbehind": [[4, 2]], "rightfront": [[2, 3]]}}