{"objects": {"3": ["book", "medium"], "4": ["book", "medium"], "5": ["remote", "medium"], "2": ["can_drink", "medium"], "6": ["cup", "medium"], "7": ["bowl", "medium"]}, "action_order": [[0, 3, [-0.09261641641233508, -0.15436069402055844, 0.7250017881393432], [0.0, 0.0, 0.0, 1.0]], [0, 4, [-0.18523283282467015, 0.13471478750885102, 0.7250017881393432], [0.0, 0.0, 0.0, 1.0]], [2, null, null, null], [1, 4, [-0.15523315730205703, 0.13471100778463946, 0.7759720691486987], [0.0, 0.0, 0.0, 1.0]], [1, 4, [-0.12523315730205703, 0.13471100778463946, 0.8], [0.0, 0.0, 0.0, 1.0]], [2, null, null, null], [1, 4, [-0.0952972609776731, 0.13461184434689397, 0.7758954606570424], [0.0, 0.0, 0.0, 1.0]], [2, null, null, null], [2, null, null, null], [2, null, null, null], [2, null, null, null], [2, null, null, null], [2, null, null, null], [2, null, null, null], [2, null, null, null], [0, 5, [-0.10650360792944209, 0.13845469030827473, 0.7698865294456482], [0.0, 0.0, 0.0, 1.0]], [2, null, null, null], [0, 2, [-0.17961971667846802, -0.3844984560148456, 0.7250017881393432], [0.0, 0.0, 0.0, 1.0]], [0, 6, [-0.022452464584808502, -0.37888533986864353, 0.7250017881393432], [0.0, 0.0, 0.0, 1.0]], [0, 7, [-0.10103609063163826, 0.35923943335693603, 0.7250017881393432], [0.0, 0.0, 0.0, 1.0]], [2, null, null, null]], "scene_graph": {"left": [[3, 6], [3, 2], [7, 4], [7, 5], [4, 3]], "right": [[3, 4], [4, 7], [5, 7], [2, 3], [6, 3]], "front": [[2, 6]], "behind": [[6, 2]], "on": [[4, 5]], "under": [[5, 4]], "leftbehind": [], "leftfront": [], "rightbehind": [], "rightfront": []}}