{"objects": {"7": ["book", "medium"], "6": ["book", "medium"], "5": ["can_drink", "medium"], "4": ["cup", "medium"], "3": ["bowl", "medium"], "2": ["remote", "medium"]}, "action_order": [[0, 7, [-0.09261641641233508, -0.15436069402055844, 0.7250017881393432], [0.0, 0.0, 0.0, 1.0]], [0, 6, [-0.18523283282467015, 0.13471478750885102, 0.7250017881393432], [0.0, 0.0, 0.0, 1.0]], [2, null, null, null], [1, 6, [-0.15523315730205703, 0.13471100778463946, 0.7759720691486987], [0.0, 0.0, 0.0, 1.0]], [1, 6, [-0.12523315730205703, 0.13471100778463946, 0.8], [0.0, 0.0, 0.0, 1.0]], [2, null, null, null], [1, 6, [-0.0952972609776731, 0.13461184434689397, 0.7758954606570424], [0.0, 0.0, 0.0, 1.0]], [2, null, null, null], [0, 5, [-0.18523283282467015, 0.35362631721073395, 0.7250017881393432], [0.0, 0.0, 0.0, 1.0]], [0, 4, [-0.025259022657909566, 0.3676591075762392, 0.7250017881393432], [0.0, 0.0, 0.0, 1.0]], [2, null, null, null], [0, 3, [0.17961971667846802, 0.14594101980125526, 0.7250017881393432], [0.0, 0.0, 0.0, 1.0]], [2, null, null, null], [0, 2, [-0.09542297448543614, -0.34520664299143067, 0.7250017881393432], [0.0, 0.0, 0.0, 1.0]], [2, null, null, null]], "scene_graph": {"left": [[7, 2], [6, 7], [5, 6], [4, 6]], "right": [[7, 6], [6, 4], [2, 7], [6, 5]], "front": [[6, 3], [5, 4]], "behind": [[4, 5], [3, 6]], "on": [], "under": [], "leftbehind": [[3, 7]], "leftfront": [[4, 3]], "rightbehind": [[3, 4]], "rightfront": [[7, 3]]}}