{"objects": {"7": ["book", "medium"], "6": ["book", "medium"], "5": ["can_drink", "medium"], "4": ["cup", "medium"], "3": ["bowl", "medium"], "2": ["remote", "medium"]}, "action_order": [[0, 7, [-0.09261641641233508, -0.15436069402055844, 0.7250017881393432], [0.0, 0.0, 0.0, 1.0]], [0, 6, [-0.18523283282467015, 0.13471478750885102, 0.7250017881393432], [0.0, 0.0, 0.0, 1.0]], [2, null, null, null], [1, 6, [-0.15523315730205703, 0.13471100778463946, 0.7759720691486987], [0.0, 0.0, 0.0, 1.0]], [1, 6, [-0.12523315730205703, 0.13471100778463946, 0.8], [0.0, 0.0, 0.0, 1.0]], [2, null, null, null], [1, 6, [-0.0952972609776731, 0.13461184434689397, 0.7758954606570424], [0.0, 0.0, 0.0, 1.0]], [2, null, null, null], [0, 5, [-0.18523283282467015, 0.35362631721073395, 0.7250017881393432], [0.0, 0.0, 0.0, 1.0]], [0, 4, [-0.025259022657909566, 0.3676591075762392, 0.7250017881393432], [0.0, 0.0, 0.0, 1.0]], [0, 3, [0.19645906511707442, -0.011226232292404251, 0.7250017881393432], [0.0, 0.0, 0.0, 1.0]], [0, 2, [0.20207218126327653, 0.1908459489708723, 0.7250017881393432], [0.0, 0.0, 0.0, 1.0]], [2, null, null, null]], "scene_graph": {"left": [[5, 6], [4, 6], [2, 3], [6, 7]], "right": [[7, 6], [6, 4], [3, 2], [6, 5]], "front": [[7, 3], [6, 2], [6, 3], [5, 4]], "behind": [[4, 5], [3, 7], [3, 6], [2, 6]], "on": [], "under": [], "leftbehind": [[2, 7]], "leftfront": [[5, 2], [4, 2]], "rightbehind": [[2, 4], [2, 5]], "rightfront": [[7, 2]]}}