{"objects": {"2": ["book", "medium"], "3": ["book", "medium"], "7": ["bowl", "medium"], "6": ["can_drink", "medium"], "5": ["remote", "medium"], "4": ["cup", "medium"]}, "action_order": [[0, 2, [0.08980985833923401, -0.1740066005322659, 0.7250017881393432], [0.0, 0.0, 0.0, 1.0]], [0, 3, [0.08419674219303189, 0.14032790365505315, 0.7250017881393432], [0.0, 0.0, 0.0, 1.0]], [2, null, null, null], [1, 2, [0.08982899660189161, -0.14400488790468366, 0.7974755618672987], [0.0, 0.0, 0.0, 1.0]], [2, null, null, null], [2, null, null, null], [2, null, null, null], [0, 7, [0.10384264870473932, -0.35923943335693603, 0.7250017881393432], [0.0, 0.0, 0.0, 1.0]], [1, 7, [0.13384264870473933, -0.35923943335693603, 0.8], [0.0, 0.0, 0.0, 1.0]], [2, null, null, null], [0, 6, [-0.022452464584808502, -0.37607878179554244, 0.7250017881393432], [0.0, 0.0, 0.0, 1.0]], [1, 7, [0.16380895959532507, -0.3589297179936248, 0.8], [0.0, 0.0, 0.0, 1.0]], [2, null, null, null], [1, 6, [0.007506880598532856, -0.3784702875857013, 0.8], [0.0, 0.0, 0.0, 1.0]], [1, 6, [0.007506880598532856, -0.3484702875857013, 0.8], [0.0, 0.0, 0.0, 1.0]], [2, null, null, null], [2, null, null, null], [2, null, null, null], [0, 5, [0.3283672945528244, -0.016839348438606377, 0.7250017881393432], [0.0, 0.0, -0.7071067811865475, 0.7071067811865476]], [0, 4, [0.08139018411993083, 0.34240008491832963, 0.7250017881393432], [0.0, 0.0, 0.0, 1.0]], [2, null, null, null]], "scene_graph": {"left": [[2, 7], [2, 6], [3, 2], [4, 3]], "right": [[3, 4], [7, 2], [6, 2], [2, 3]], "front": [[2, 5], [3, 5], [6, 7]], "behind": [[7, 6], [5, 3], [5, 2]], "on": [], "under": [], "leftbehind": [[5, 7]], "leftfront": [[4, 5]], "rightbehind": [[5, 4]], "rightfront": [[7, 5]]}}