{"objects": {"7": ["book", "medium"], "6": ["book", "medium"], "5": ["bowl", "medium"], "4": ["can_drink", "medium"], "3": ["cup", "medium"], "2": ["remote", "medium"]}, "action_order": [[0, 7, [0.08980985833923401, -0.1740066005322659, 0.7250017881393432], [0.0, 0.0, 0.0, 1.0]], [0, 6, [0.08419674219303189, 0.14032790365505315, 0.7250017881393432], [0.0, 0.0, 0.0, 1.0]], [2, null, null, null], [1, 7, [0.08982899660189161, -0.14400488790468366, 0.7974755618672987], [0.0, 0.0, 0.0, 1.0]], [2, null, null, null], [0, 5, [-0.16839348438606377, -0.16558692631296268, 0.7250017881393432], [0.0, 0.0, 0.0, 1.0]], [0, 4, [-0.17120004245916487, 0.05613116146202125, 0.7250017881393432], [0.0, 0.0, 0.0, 1.0]], [0, 3, [-0.1740066005322659, 0.1740066005322659, 0.7250017881393432], [0.0, 0.0, 0.0, 1.0]], [0, 2, [0.09542297448543614, 0.34240008491832963, 0.7250017881393432], [0.0, 0.0, 0.0, 1.0]], [2, null, null, null], [1, 5, [-0.1681345464338224, -0.13530262447673805, 0.8], [0.0, 0.0, 0.0, 1.0]], [2, null, null, null]], "scene_graph": {"left": [[4, 5], [3, 4], [2, 6], [6, 7], [6, 5]], "right": [[7, 6], [6, 2], [5, 4], [5, 6], [4, 3]], "front": [[5, 7], [4, 6], [3, 6]], "behind": [[7, 5], [6, 3], [6, 4]], "on": [], "under": [], "leftbehind": [[2, 3], [2, 4]], "leftfront": [[4, 7]], "rightbehind": [[7, 4]], "rightfront": [[3, 2], [4, 2]]}}