{"objects": {"2": ["book", "medium"], "4": ["book", "medium"], "5": ["bowl", "medium"], "3": ["can_drink", "medium"], "6": ["cup", "medium"], "7": ["remote", "medium"]}, "action_order": [[0, 2, [-0.09261641641233508, -0.15436069402055844, 0.7250017881393432], [0.0, 0.0, 0.0, 1.0]], [0, 4, [-0.18523283282467015, 0.13471478750885102, 0.7250017881393432], [0.0, 0.0, 0.0, 1.0]], [2, null, null, null], [1, 4, [-0.15523315730205703, 0.13471100778463946, 0.7759720691486987], [0.0, 0.0, 0.0, 1.0]], [1, 4, [-0.12523315730205703, 0.13471100778463946, 0.8], [0.0, 0.0, 0.0, 1.0]], [2, null, null, null], [1, 4, [-0.0952972609776731, 0.13461184434689397, 0.7758954606570424], [0.0, 0.0, 0.0, 1.0]], [2, null, null, null], [2, null, null, null], [0, 5, [0.17961971667846802, 0.14594101980125526, 0.7250017881393432], [0.0, 0.0, 0.0, 1.0]], [2, null, null, null], [2, null, null, null], [0, 3, [0.16839348438606377, -0.24136399428669142, 0.7250017881393432], [0.0, 0.0, 0.0, 1.0]], [0, 6, [0.18242627475156908, -0.1122623229240425, 0.7250017881393432], [0.0, 0.0, 0.0, 1.0]], [2, null, null, null], [1, 6, [0.1828815130721362, -0.0815805889849119, 0.8], [0.0, 0.0, 0.0, 1.0]], [1, 6, [0.1528815130721362, -0.0815805889849119, 0.8], [0.0, 0.0, 0.0, 1.0]], [2, null, null, null], [1, 6, [0.18288525306643563, -0.08157881043670853, 0.8], [0.0, 0.0, 0.0, 1.0]], [2, null, null, null], [0, 7, [-0.09542297448543614, 0.314334504187319, 0.7250017881393432], [0.0, 0.0, 0.0, 1.0]], [2, null, null, null]], "scene_graph": {"left": [[4, 2], [5, 6], [6, 3], [7, 4]], "right": [[2, 4], [4, 7], [3, 6], [6, 5]], "front": [[2, 3], [2, 6], [4, 5]], "behind": [[5, 4], [3, 2], [6, 2]], "on": [], "under": [], "leftbehind": [], "leftfront": [[7, 5], [4, 3]], "rightbehind": [[5, 7], [3, 4]], "rightfront": []}}