{"objects": {"5": ["book", "medium"], "7": ["book", "medium"], "6": ["cup", "medium"], "4": ["can_drink", "medium"], "3": ["bowl", "medium"], "2": ["remote", "medium"]}, "action_order": [[0, 5, [0.08980985833923401, -0.1740066005322659, 0.7250017881393432], [0.0, 0.0, 0.0, 1.0]], [0, 7, [0.08419674219303189, 0.14032790365505315, 0.7250017881393432], [0.0, 0.0, 0.0, 1.0]], [2, null, null, null], [1, 5, [0.08982899660189161, -0.14400488790468366, 0.7974755618672987], [0.0, 0.0, 0.0, 1.0]], [2, null, null, null], [2, null, null, null], [2, null, null, null], [2, null, null, null], [2, null, null, null], [2, null, null, null], [2, null, null, null], [2, null, null, null], [2, null, null, null], [0, 6, [0.18242627475156908, 0.34240008491832963, 0.7250017881393432], [0.0, 0.0, 0.0, 1.0]], [0, 4, [0.033678696877212755, 0.3395935268452286, 0.7250017881393432], [0.0, 0.0, 0.0, 1.0]], [0, 3, [-0.17681315860536695, 0.12629511328954784, 0.7250017881393432], [0.0, 0.0, 0.0, 1.0]], [0, 2, [0.07434578899687067, -0.14338116449396485, 0.7721884608268738], [0.0, 0.0, 0.0, 1.0]], [2, null, null, null], [1, 6, [0.18203451664141662, 0.3683457146816683, 0.8], [0.0, 0.0, 0.0, 1.0]], [1, 6, [0.15203451664141662, 0.3683457146816683, 0.8], [0.0, 0.0, 0.0, 1.0]], [1, 6, [0.15203451664141662, 0.3683457146816683, 0.8], [0.0, 0.0, 0.0, 1.0]], [2, null, null, null]], "scene_graph": {"left": [[6, 7], [4, 7], [7, 5]], "right": [[5, 7], [7, 4], [7, 6]], "front": [[4, 6], [3, 7]], "behind": [[7, 3], [6, 4]], "on": [[5, 2]], "under": [[2, 5]], "leftbehind": [[6, 3], [4, 3]], "leftfront": [[3, 5]], "rightbehind": [[5, 3]], "rightfront": [[3, 4], [3, 6]]}}