{"objects": {"2": ["book", "medium"], "3": ["book", "medium"], "4": ["can_drink", "medium"], "5": ["cup", "medium"], "6": ["bowl", "medium"], "7": ["remote", "medium"]}, "action_order": [[0, 2, [-0.09261641641233508, -0.15436069402055844, 0.7250017881393432], [0.0, 0.0, 0.0, 1.0]], [0, 3, [-0.18523283282467015, 0.13471478750885102, 0.7250017881393432], [0.0, 0.0, 0.0, 1.0]], [2, null, null, null], [1, 3, [-0.15523315730205703, 0.13471100778463946, 0.7759720691486987], [0.0, 0.0, 0.0, 1.0]], [1, 3, [-0.12523315730205703, 0.13471100778463946, 0.8], [0.0, 0.0, 0.0, 1.0]], [2, null, null, null], [1, 3, [-0.0952972609776731, 0.13461184434689397, 0.7758954606570424], [0.0, 0.0, 0.0, 1.0]], [2, null, null, null], [0, 4, [-0.18523283282467015, 0.35362631721073395, 0.7250017881393432], [0.0, 0.0, 0.0, 1.0]], [0, 5, [-0.025259022657909566, 0.3676591075762392, 0.7250017881393432], [0.0, 0.0, 0.0, 1.0]], [2, null, null, null], [0, 6, [0.17961971667846802, 0.14594101980125526, 0.7250017881393432], [0.0, 0.0, 0.0, 1.0]], [0, 7, [0.16839348438606377, -0.16278036823986164, 0.7250017881393432], [0.0, 0.0, -0.7071067811865475, 0.7071067811865476]], [2, null, null, null]], "scene_graph": {"left": [[4, 3], [5, 3], [3, 2], [6, 7]], "right": [[2, 3], [3, 5], [3, 4], [7, 6]], "front": [[2, 7], [3, 6], [4, 5]], "behind": [[5, 4], [6, 3], [7, 2]], "on": [], "under": [], "leftbehind": [[6, 2]], "leftfront": [[5, 6], [3, 7]], "rightbehind": [[6, 5], [7, 3]], "rightfront": [[2, 6]]}}