{"objects": {"6": ["cup", "medium"], "4": ["cup", "medium"], "5": ["can_drink", "medium"], "3": ["remote", "medium"], "2": ["teapot", "medium"]}, "action_order": [[2, null, null, null], [0, 6, [0.07577706797372868, 0.05613116146202125, 0.7250017881393432], [0.0, 0.0, 0.0, 1.0]], [2, null, null, null], [2, null, null, null], [0, 4, [-0.07577706797372868, 0.05613116146202125, 0.7250017881393432], [0.0, 0.0, 0.0, 1.0]], [2, null, null, null], [2, null, null, null], [2, null, null, null], [2, null, null, null], [0, 5, [-0.22452464584808499, 0.044904929169617, 0.7250017881393432], [0.0, 0.0, 0.0, 1.0]], [2, null, null, null], [0, 3, [0.005613116146202125, -0.1122623229240425, 0.7250017881393432], [0.0, 0.0, 0.0, 1.0]], [0, 2, [0.01122623229240425, 0.20768529740947864, 0.7250017881393432], [0.0, 0.0, 0.0, 1.0]], [2, null, null, null]], "scene_graph": {"left": [[6, 3], [2, 6], [4, 3]], "right": [[6, 2], [3, 6], [3, 4]], "front": [[4, 6], [5, 4]], "behind": [[6, 4], [4, 5]], "on": [], "under": [], "leftbehind": [[2, 4], [2, 5]], "leftfront": [[5, 3]], "rightbehind": [[3, 5]], "rightfront": [[4, 2], [5, 2]]}}