{"objects": {"4": ["cup", "medium"], "5": ["cup", "medium"], "3": ["can_drink", "medium"], "2": ["teapot", "medium"], "6": ["remote", "medium"]}, "action_order": [[2, null, null, null], [0, 4, [0.07577706797372868, 0.05613116146202125, 0.7250017881393432], [0.0, 0.0, 0.0, 1.0]], [2, null, null, null], [2, null, null, null], [0, 5, [-0.07577706797372868, 0.05613116146202125, 0.7250017881393432], [0.0, 0.0, 0.0, 1.0]], [2, null, null, null], [2, null, null, null], [0, 3, [-0.08700330026613294, -0.13190822943574992, 0.7250017881393432], [0.0, 0.0, 0.0, 1.0]], [0, 2, [0.1038426487047393, -0.14032790365505313, 0.7250017881393432], [0.0, 0.0, 0.0, 1.0]], [2, null, null, null], [0, 6, [0.008419674219303187, 0.23013776199428715, 0.7250017881393432], [0.0, 0.0, 0.0, 1.0]], [2, null, null, null]], "scene_graph": {"left": [[4, 2], [5, 3], [6, 4], [6, 5]], "right": [[4, 6], [5, 6], [3, 5], [2, 4]], "front": [[5, 4], [3, 2]], "behind": [[4, 5], [2, 3]], "on": [], "under": [], "leftbehind": [[4, 3]], "leftfront": [[5, 2]], "rightbehind": [[2, 5]], "rightfront": [[3, 4]]}}