{"objects": {"6": ["cup", "medium"], "2": ["cup", "medium"], "3": ["teapot", "medium"], "4": ["can_drink", "medium"], "5": ["remote", "medium"]}, "action_order": [[2, null, null, null], [0, 6, [0.0673573937544255, -0.08700330026613294, 0.7250017881393432], [0.0, 0.0, 0.0, 1.0]], [0, 2, [0.07577706797372868, 0.05613116146202125, 0.7250017881393432], [0.0, 0.0, 0.0, 1.0]], [0, 3, [-0.08419674219303187, -0.08419674219303187, 0.7250017881393432], [0.0, 0.0, 0.0, 1.0]], [0, 4, [-0.09261641641233505, 0.05613116146202125, 0.7250017881393432], [0.0, 0.0, 0.0, 1.0]], [2, null, null, null], [0, 5, [-0.005613116146202125, 0.21329841355568074, 0.7250017881393432], [0.0, 0.0, 0.0, 1.0]], [2, null, null, null]], "scene_graph": {"left": [[2, 6], [4, 3], [5, 2], [5, 4]], "right": [[6, 2], [2, 5], [3, 4], [4, 5]], "front": [[3, 6], [4, 2]], "behind": [[6, 3], [2, 4]], "on": [], "under": [], "leftbehind": [[2, 3]], "leftfront": [[4, 6]], "rightbehind": [[6, 4]], "rightfront": [[3, 2]]}}