{"objects": {"6": ["cup", "medium"], "2": ["cup", "medium"], "4": ["remote", "medium"], "3": ["can_drink", "medium"], "5": ["teapot", "medium"]}, "action_order": [[2, null, null, null], [0, 6, [0.07577706797372868, 0.05613116146202125, 0.7250017881393432], [0.0, 0.0, 0.0, 1.0]], [2, null, null, null], [2, null, null, null], [0, 2, [-0.07577706797372868, 0.05613116146202125, 0.7250017881393432], [0.0, 0.0, 0.0, 1.0]], [2, null, null, null], [0, 4, [-0.019645906511707435, -0.28065580731010625, 0.7250017881393432], [0.0, 0.0, 0.0, 1.0]], [2, null, null, null], [0, 3, [-0.08700330026613294, -0.13190822943574992, 0.7250017881393432], [0.0, 0.0, 0.0, 1.0]], [0, 5, [0.1038426487047393, -0.14032790365505313, 0.7250017881393432], [0.0, 0.0, 0.0, 1.0]], [2, null, null, null]], "scene_graph": {"left": [[6, 5], [2, 3], [3, 4], [5, 4]], "right": [[4, 5], [4, 3], [3, 2], [5, 6]], "front": [[2, 6], [3, 5]], "behind": [[6, 2], [5, 3]], "on": [], "under": [], "leftbehind": [[6, 3]], "leftfront": [[2, 5]], "rightbehind": [[5, 2]], "rightfront": [[3, 6]]}}