{"objects": {"5": ["cup", "medium"], "2": ["teapot", "medium"], "3": ["cup", "medium"], "6": ["can_drink", "medium"], "4": ["remote", "medium"]}, "action_order": [[2, null, null, null], [0, 5, [0.07577706797372868, 0.05613116146202125, 0.7250017881393432], [0.0, 0.0, 0.0, 1.0]], [0, 2, [-0.08419674219303187, -0.08419674219303187, 0.7250017881393432], [0.0, 0.0, 0.0, 1.0]], [2, null, null, null], [2, null, null, null], [0, 3, [-0.07577706797372868, 0.05613116146202125, 0.7250017881393432], [0.0, 0.0, 0.0, 1.0]], [0, 6, [0.07577706797372868, -0.1122623229240425, 0.7250017881393432], [0.0, 0.0, 0.0, 1.0]], [2, null, null, null], [0, 4, [-0.019645906511707435, -0.28065580731010625, 0.7250017881393432], [0.0, 0.0, 0.0, 1.0]], [2, null, null, null]], "scene_graph": {"left": [[5, 6], [5, 2], [3, 2], [6, 4], [2, 4]], "right": [[2, 3], [2, 5], [6, 5], [4, 2], [4, 6]], "front": [[2, 6], [3, 5]], "behind": [[5, 3], [6, 2]], "on": [], "under": [], "leftbehind": [], "leftfront": [[3, 6]], "rightbehind": [[6, 3]], "rightfront": []}}