{"objects": {"6": ["remote", "medium"], "5": ["cup", "medium"], "4": ["cup", "medium"], "3": ["teapot", "medium"], "2": ["can_drink", "medium"]}, "action_order": [[0, 6, [0.056131161462021247, -0.20487873933637754, 0.7250017881393432], [0.0, 0.0, 0.0, 1.0]], [2, null, null, null], [0, 5, [0.0673573937544255, -0.08700330026613294, 0.7250017881393432], [0.0, 0.0, 0.0, 1.0]], [0, 4, [0.07577706797372868, 0.05613116146202125, 0.7250017881393432], [0.0, 0.0, 0.0, 1.0]], [0, 3, [-0.08419674219303187, -0.08419674219303187, 0.7250017881393432], [0.0, 0.0, 0.0, 1.0]], [0, 2, [-0.09261641641233505, 0.05613116146202125, 0.7250017881393432], [0.0, 0.0, 0.0, 1.0]], [2, null, null, null]], "scene_graph": {"left": [[5, 6], [4, 5], [4, 3], [3, 6], [2, 3]], "right": [[6, 3], [6, 5], [5, 4], [3, 2], [3, 4]], "front": [[3, 5], [2, 4]], "behind": [[5, 3], [4, 2]], "on": [], "under": [], "leftbehind": [], "leftfront": [[2, 5]], "rightbehind": [[5, 2]], "rightfront": []}}