{"objects": {"4": ["cup", "medium"], "6": ["teapot", "medium"], "5": ["remote", "medium"], "3": ["cup", "medium"], "2": ["can_drink", "medium"]}, "action_order": [[2, null, null, null], [0, 4, [0.07577706797372868, 0.05613116146202125, 0.7250017881393432], [0.0, 0.0, 0.0, 1.0]], [0, 6, [-0.08419674219303187, -0.08419674219303187, 0.7250017881393432], [0.0, 0.0, 0.0, 1.0]], [2, null, null, null], [0, 5, [-0.005613116146202125, 0.21329841355568074, 0.7250017881393432], [0.0, 0.0, 0.0, 1.0]], [2, null, null, null], [0, 3, [-0.07577706797372868, 0.05613116146202125, 0.7250017881393432], [0.0, 0.0, 0.0, 1.0]], [0, 2, [0.07577706797372868, -0.1122623229240425, 0.7250017881393432], [0.0, 0.0, 0.0, 1.0]], [2, null, null, null]], "scene_graph": {"left": [[4, 2], [5, 3], [5, 4], [3, 6]], "right": [[4, 5], [6, 3], [3, 5], [2, 4]], "front": [[6, 2], [3, 4]], "behind": [[4, 3], [2, 6]], "on": [], "under": [], "leftbehind": [[4, 6]], "leftfront": [[3, 2]], "rightbehind": [[2, 3]], "rightfront": [[6, 4]]}}