{"objects": {"2": ["cup", "medium"], "3": ["cup", "medium"], "6": ["remote", "medium"], "5": ["can_drink", "medium"], "4": ["teapot", "medium"]}, "action_order": [[2, null, null, null], [0, 2, [0.07577706797372868, 0.05613116146202125, 0.7250017881393432], [0.0, 0.0, 0.0, 1.0]], [2, null, null, null], [2, null, null, null], [0, 3, [-0.07577706797372868, 0.05613116146202125, 0.7250017881393432], [0.0, 0.0, 0.0, 1.0]], [2, null, null, null], [2, null, null, null], [2, null, null, null], [0, 6, [0.008419674219303187, 0.23013776199428715, 0.7250017881393432], [0.0, 0.0, 0.0, 1.0]], [2, null, null, null], [0, 5, [-0.22452464584808499, 0.044904929169617, 0.7250017881393432], [0.0, 0.0, 0.0, 1.0]], [0, 4, [0.008419674219303187, -0.12629511328954782, 0.7250017881393432], [0.0, 0.0, 0.0, 1.0]], [2, null, null, null]], "scene_graph": {"left": [[2, 4], [3, 4], [6, 3], [6, 2]], "right": [[2, 6], [4, 2], [4, 3], [3, 6]], "front": [[3, 2], [5, 3]], "behind": [[2, 3], [3, 5]], "on": [], "under": [], "leftbehind": [[6, 5]], "leftfront": [[5, 4]], "rightbehind": [[4, 5]], "rightfront": [[5, 6]]}}