{"objects": {"6": ["remote", "medium"], "5": ["cup", "medium"], "4": ["teapot", "medium"], "3": ["glass", "medium"], "2": ["can_drink", "medium"]}, "action_order": [[0, 6, [0.17681315860536695, -0.019645906511707438, 0.7250017881393432], [0.0, 0.0, -0.7071067811865475, 0.7071067811865476]], [2, null, null, null], [0, 5, [0.03929181302341488, 0.08980985833923401, 0.7250017881393432], [0.0, 0.0, 0.0, 1.0]], [0, 4, [-0.12068199714334571, 0.0757770679737287, 0.7250017881393432], [0.0, 0.0, 0.0, 1.0]], [0, 3, [0.04771148724271807, -0.1122623229240425, 0.7250017881393432], [0.0, 0.0, 0.0, 1.0]], [0, 2, [-0.10103609063163826, -0.1431344617281542, 0.7250017881393432], [0.0, 0.0, 0.0, 1.0]], [2, null, null, null], [1, 2, [-0.10109586252708692, -0.11555634175425494, 0.8], [0.0, 0.0, 0.0, 1.0]], [2, null, null, null]], "scene_graph": {"left": [[5, 3], [4, 2], [4, 3]], "right": [[3, 5], [2, 4], [3, 4]], "front": [[5, 6], [4, 5], [3, 6], [2, 3]], "behind": [[6, 3], [6, 5], [5, 4], [3, 2]], "on": [], "under": [], "leftbehind": [[5, 2]], "leftfront": [], "rightbehind": [], "rightfront": [[2, 5]]}}