{"objects": {"7": ["remote", "medium"], "6": ["bowl", "medium"], "5": ["teapot", "medium"], "4": ["cup", "medium"], "3": ["can_drink", "medium"], "2": ["glass", "medium"]}, "action_order": [[0, 7, [0.028065580731010623, -0.019645906511707435, 0.7250017881393432], [0.0, 0.0, 0.0, 1.0]], [0, 6, [0.04209837109651594, -0.21329841355568074, 0.7250017881393432], [0.0, 0.0, 0.0, 1.0]], [0, 5, [-0.056131161462021247, -0.5192132435236965, 0.7250017881393432], [0.0, 0.0, 0.0, 1.0]], [0, 4, [0.14313446172815417, -0.5556984984740103, 0.7250017881393432], [0.0, 0.0, 0.0, 1.0]], [2, null, null, null], [1, 4, [0.14273127678701378, -0.5297414333673468, 0.8], [0.0, 0.0, 0.0, 1.0]], [1, 4, [0.14273127678701378, -0.4997414333673468, 0.8], [0.0, 0.0, 0.0, 1.0]], [2, null, null, null], [0, 3, [-0.13752134558195203, -0.23855743621359035, 0.7250017881393432], [0.0, 0.0, 0.0, 1.0]], [0, 2, [-0.13752134558195203, -0.10103609063163825, 0.7250017881393432], [0.0, 0.0, 0.0, 1.0]], [2, null, null, null], [1, 5, [-0.056140227488088786, -0.4891807726364884, 0.8], [0.0, 0.0, 0.0, 1.0]], [1, 5, [-0.056140227488088786, -0.4591807726364884, 0.8], [0.0, 0.0, 0.0, 1.0]], [2, null, null, null], [1, 4, [0.14273107895593476, -0.46974332334306945, 0.8], [0.0, 0.0, 0.0, 1.0]], [1, 4, [0.14273107895593476, -0.4397433233430694, 0.8], [0.0, 0.0, 0.0, 1.0]], [2, null, null, null]], "scene_graph": {"left": [[7, 6], [3, 5], [2, 3], [6, 5], [6, 4]], "right": [[6, 7], [5, 6], [5, 3], [4, 6], [3, 2]], "front": [[5, 4], [3, 6], [2, 6]], "behind": [[6, 3], [6, 2], [4, 5]], "on": [], "under": [], "leftbehind": [[7, 2], [7, 3]], "leftfront": [[3, 4]], "rightbehind": [[4, 3]], "rightfront": [[2, 7], [3, 7]]}}