{"objects": {"2": ["teapot", "medium"], "3": ["cup", "medium"], "4": ["can_drink", "medium"], "5": ["glass", "medium"], "6": ["bowl", "medium"], "7": ["remote", "medium"]}, "action_order": [[0, 2, [-0.10945576485094145, -0.16278036823986158, 0.7250017881393432], [0.0, 0.0, 0.0, 1.0]], [0, 3, [-0.11787543907024461, -0.028065580731010627, 0.7250017881393432], [0.0, 0.0, 0.0, 1.0]], [2, null, null, null], [0, 4, [0.15997381016676054, -0.18803939089777116, 0.7250017881393432], [0.0, 0.0, 0.0, 1.0]], [0, 5, [0.16558692631296268, -0.07858362604682974, 0.7250017881393432], [0.0, 0.0, 0.0, 1.0]], [2, null, null, null], [0, 6, [0.030872138804111687, -0.07577706797372868, 0.7250017881393432], [0.0, 0.0, 0.0, 1.0]], [2, null, null, null], [2, null, null, null], [1, 2, [-0.14280254147737753, -0.1679707397953004, 0.8], [0.0, 0.0, 0.0, 1.0]], [1, 2, [-0.14280254147737753, -0.1979707397953004, 0.8], [0.0, 0.0, 0.0, 1.0]], [1, 2, [-0.14280254147737753, -0.1979707397953004, 0.8], [0.0, 0.0, 0.0, 1.0]], [1, 2, [-0.17280254147737753, -0.1979707397953004, 0.8], [0.0, 0.0, 0.0, 1.0]], [1, 2, [-0.14280254147737753, -0.1979707397953004, 0.8], [0.0, 0.0, 0.0, 1.0]], [1, 3, [-0.14837815479299643, -0.027551835779751423, 0.8], [0.0, 0.0, 0.0, 1.0]], [1, 3, [-0.14837815479299643, 0.0024481642202485755, 0.8], [0.0, 0.0, 0.0, 1.0]], [1, 3, [-0.14837815479299643, 0.03244816422024857, 0.8], [0.0, 0.0, 0.0, 1.0]], [1, 3, [-0.14837815479299643, 0.002448164220248572, 0.8], [0.0, 0.0, 0.0, 1.0]], [1, 3, [-0.14837815479299643, 0.002448164220248572, 0.8], [0.0, 0.0, 0.0, 1.0]], [1, 5, [0.19582149941844396, -0.08134276125059166, 0.8], [0.0, 0.0, 0.0, 1.0]], [1, 5, [0.19582149941844396, -0.05134276125059166, 0.8], [0.0, 0.0, 0.0, 1.0]], [1, 4, [0.1896324384291677, -0.18834397324196098, 0.8], [0.0, 0.0, 0.0, 1.0]], [1, 4, [0.1896324384291677, -0.21834397324196098, 0.8], [0.0, 0.0, 0.0, 1.0]], [2, null, null, null], [1, 6, [0.030818365813653915, -0.10540920359114178, 0.8], [0.0, 0.0, 0.0, 1.0]], [2, null, null, null], [2, null, null, null], [0, 7, [0.03648525495031381, -0.36765910757623915, 0.7250017881393432], [0.0, 0.0, 0.0, 1.0]], [2, null, null, null]], "scene_graph": {"left": [[2, 7], [3, 2], [4, 7], [5, 4], [6, 7]], "right": [[2, 3], [4, 5], [7, 4], [7, 2], [7, 6]], "front": [[3, 6], [6, 5], [6, 4]], "behind": [[4, 6], [5, 6], [6, 3]], "on": [], "under": [], "leftbehind": [[5, 2], [6, 2]], "leftfront": [], "rightbehind": [], "rightfront": [[2, 6], [2, 5]]}}