{"objects": {"7": ["teapot", "medium"], "6": ["cup", "medium"], "5": ["glass", "medium"], "4": ["bowl", "medium"], "3": ["can_drink", "medium"], "2": ["remote", "medium"]}, "action_order": [[0, 7, [-0.06455083568132444, -0.022452464584808502, 0.7250017881393432], [0.0, 0.0, 0.0, 1.0]], [0, 6, [0.15716725209365953, -0.039291813023414876, 0.7250017881393432], [0.0, 0.0, 0.0, 1.0]], [1, 6, [0.15716725209365953, -0.009291813023414877, 0.8], [0.0, 0.0, 0.0, 1.0]], [2, null, null, null], [0, 5, [0.17961971667846802, -0.23294432006738827, 0.7250017881393432], [0.0, 0.0, 0.0, 1.0]], [2, null, null, null], [1, 5, [0.179626705055059, -0.20295415368937467, 0.8], [0.0, 0.0, 0.0, 1.0]], [1, 5, [0.149626705055059, -0.20295415368937467, 0.8], [0.0, 0.0, 0.0, 1.0]], [2, null, null, null], [0, 4, [0.16839348438606377, 0.18803939089777122, 0.7250017881393432], [0.0, 0.0, 0.0, 1.0]], [2, null, null, null], [0, 3, [-0.04771148724271807, -0.2076852974094787, 0.7250017881393432], [0.0, 0.0, 0.0, 1.0]], [2, null, null, null], [2, null, null, null], [2, null, null, null], [2, null, null, null], [0, 2, [-0.26100990079839886, -0.05332460338892019, 0.7250017881393432], [0.0, 0.0, 0.0, 1.0]], [1, 2, [-0.26100990079839886, -0.05332460338892019, 0.8], [0.0, 0.0, 0.25881904510252074, 0.9659258262890683]], [1, 2, [-0.26100990079839886, -0.05332460338892019, 0.8], [0.0, 0.0, 0.25881904510252074, 0.9659258262890683]], [1, 2, [-0.26100990079839886, -0.05332460338892019, 0.8], [0.0, 0.0, 0.25881904510252074, 0.9659258262890683]], [1, 2, [-0.23100990079839887, -0.05332460338892019, 0.8], [0.0, 0.0, 0.0, 1.0]], [2, null, null, null], [1, 6, [0.15982877587748834, -0.04073962971692338, 0.8], [0.0, 0.0, 0.0, 1.0]], [2, null, null, null], [1, 4, [0.1681179388259058, 0.15794580155568505, 0.8], [0.0, 0.0, 0.0, 1.0]], [2, null, null, null]], "scene_graph": {"left": [[7, 3], [6, 5], [4, 6]], "right": [[6, 4], [5, 6], [3, 7]], "front": [[7, 6], [3, 5], [2, 7]], "behind": [[7, 2], [6, 7], [5, 3]], "on": [], "under": [], "leftbehind": [[4, 7]], "leftfront": [[2, 3], [7, 5]], "rightbehind": [[5, 7], [3, 2]], "rightfront": [[7, 4]]}}