{"objects": {"5": ["bowl", "medium"], "6": ["teapot", "medium"], "4": ["cup", "medium"], "7": ["remote", "medium"], "3": ["glass", "medium"], "2": ["can_drink", "medium"]}, "action_order": [[0, 5, [0.04209837109651594, -0.21329841355568074, 0.7250017881393432], [0.0, 0.0, 0.0, 1.0]], [0, 6, [-0.056131161462021247, -0.5192132435236965, 0.7250017881393432], [0.0, 0.0, 0.0, 1.0]], [0, 4, [0.14313446172815417, -0.5556984984740103, 0.7250017881393432], [0.0, 0.0, 0.0, 1.0]], [2, null, null, null], [1, 4, [0.14273127678701378, -0.5297414333673468, 0.8], [0.0, 0.0, 0.0, 1.0]], [1, 4, [0.14273127678701378, -0.4997414333673468, 0.8], [0.0, 0.0, 0.0, 1.0]], [2, null, null, null], [2, null, null, null], [1, 6, [-0.056140227488088786, -0.4891807726364884, 0.8], [0.0, 0.0, 0.0, 1.0]], [1, 6, [-0.056140227488088786, -0.4591807726364884, 0.8], [0.0, 0.0, 0.0, 1.0]], [2, null, null, null], [1, 4, [0.14273107895593476, -0.46974332334306945, 0.8], [0.0, 0.0, 0.0, 1.0]], [1, 4, [0.14273107895593476, -0.4397433233430694, 0.8], [0.0, 0.0, 0.0, 1.0]], [2, null, null, null], [0, 7, [-0.1038426487047393, -0.224524645848085, 0.7250017881393432], [0.0, 0.0, -0.7071067811865475, 0.7071067811865476]], [2, null, null, null], [2, null, null, null], [0, 3, [0.04209837109651594, -0.04771148724271805, 0.7250017881393432], [0.0, 0.0, 0.0, 1.0]], [0, 2, [0.07016395182752656, 0.08419674219303187, 0.7250017881393432], [0.0, 0.0, 0.0, 1.0]], [2, null, null, null], [1, 2, [0.04011690347798491, 0.08183070068577233, 0.8], [0.0, 0.0, 0.0, 1.0]], [2, null, null, null]], "scene_graph": {"left": [[5, 4], [7, 6], [3, 5], [2, 3], [5, 6]], "right": [[5, 3], [6, 7], [6, 5], [4, 5], [3, 2]], "front": [[6, 4], [7, 5], [7, 3]], "behind": [[5, 7], [4, 6], [3, 7]], "on": [], "under": [], "leftbehind": [[2, 7]], "leftfront": [[7, 4]], "rightbehind": [[4, 7]], "rightfront": [[7, 2]]}}