{"objects": {"7": ["teapot", "medium"], "6": ["cup", "medium"], "5": ["glass", "medium"], "4": ["can_drink", "medium"], "3": ["bowl", "medium"], "2": ["remote", "medium"]}, "action_order": [[0, 7, [0.028065580731010623, -0.36765910757623915, 0.7250017881393432], [0.0, 0.0, 0.0, 1.0]], [0, 6, [0.028065580731010623, -0.14594101980125526, 0.7250017881393432], [0.0, 0.0, 0.0, 1.0]], [0, 5, [0.028065580731010623, 0.044904929169617, 0.7250017881393432], [0.0, 0.0, 0.0, 1.0]], [0, 4, [0.025259022657909563, 0.2104918554825797, 0.7250017881393432], [0.0, 0.0, 0.0, 1.0]], [0, 3, [0.21329841355568074, -0.07858362604682974, 0.7250017881393432], [0.0, 0.0, 0.0, 1.0]], [0, 2, [-0.13752134558195203, -0.08419674219303187, 0.7250017881393432], [0.0, 0.0, -0.7071067811865475, 0.7071067811865476]], [2, null, null, null]], "scene_graph": {"left": [[6, 7], [5, 6], [4, 5], [3, 7]], "right": [[7, 6], [7, 3], [6, 5], [5, 4]], "front": [[6, 3], [2, 5], [2, 6], [5, 3]], "behind": [[5, 2], [3, 6], [3, 5], [6, 2]], "on": [], "under": [], "leftbehind": [[4, 2]], "leftfront": [[4, 3], [2, 7]], "rightbehind": [[7, 2], [3, 4]], "rightfront": [[2, 4]]}}