{"objects": {"7": ["teapot", "medium"], "6": ["cup", "medium"], "5": ["can_drink", "medium"], "4": ["glass", "medium"], "3": ["bowl", "medium"], "2": ["remote", "medium"]}, "action_order": [[0, 7, [0.11787543907024461, -0.224524645848085, 0.7250017881393432], [0.0, 0.0, 0.0, 1.0]], [0, 6, [-0.16558692631296268, -0.24978366850599457, 0.7250017881393432], [0.0, 0.0, 0.0, 1.0]], [2, null, null, null], [0, 5, [0.12068199714334568, -0.016839348438606374, 0.7250017881393432], [0.0, 0.0, 0.0, 1.0]], [0, 4, [-0.14874757787435633, -0.03367869687721275, 0.7250017881393432], [0.0, 0.0, 0.0, 1.0]], [2, null, null, null], [0, 3, [-0.008419674219303187, 0.10664920677784037, 0.7250017881393432], [0.0, 0.0, 0.0, 1.0]], [0, 2, [0.008419674219303187, 0.32836729455282426, 0.7250017881393432], [0.0, 0.0, 0.0, 1.0]], [2, null, null, null]], "scene_graph": {"left": [[5, 7], [4, 6], [2, 3]], "right": [[7, 5], [6, 4], [3, 2]], "front": [[6, 7], [4, 5]], "behind": [[7, 6], [5, 4]], "on": [], "under": [], "leftbehind": [[3, 4], [3, 6]], "leftfront": [[3, 5], [2, 5], [4, 7]], "rightbehind": [[7, 4], [5, 3], [5, 2]], "rightfront": [[6, 3], [4, 3]]}}