{"objects": {"7": ["teapot", "medium"], "6": ["cup", "medium"], "5": ["glass", "medium"], "4": ["bowl", "medium"], "3": ["can_drink", "medium"], "2": ["remote", "medium"]}, "action_order": [[0, 7, [0.09542297448543614, -0.27223613309080313, 0.7250017881393432], [0.0, 0.0, 0.0, 1.0]], [0, 6, [-0.07858362604682977, -0.12068199714334571, 0.7250017881393432], [0.0, 0.0, 0.0, 1.0]], [1, 6, [-0.07858362604682977, -0.09068199714334571, 0.8], [0.0, 0.0, 0.0, 1.0]], [1, 6, [-0.07858362604682977, -0.06068199714334571, 0.8], [0.0, 0.0, 0.0, 1.0]], [0, 5, [0.0757770679737287, -0.10945576485094147, 0.7250017881393432], [0.0, 0.0, 0.0, 1.0]], [1, 5, [0.0757770679737287, -0.07945576485094147, 0.8], [0.0, 0.0, 0.0, 1.0]], [1, 5, [0.0757770679737287, -0.04945576485094147, 0.8], [0.0, 0.0, 0.0, 1.0]], [1, 5, [0.0757770679737287, -0.07945576485094147, 0.8], [0.0, 0.0, 0.0, 1.0]], [1, 5, [0.0757770679737287, -0.10945576485094147, 0.8], [0.0, 0.0, 0.0, 1.0]], [1, 5, [0.0757770679737287, -0.07945576485094147, 0.8], [0.0, 0.0, 0.0, 1.0]], [0, 4, [0.28907548152940943, -0.10664920677784039, 0.7250017881393432], [0.0, 0.0, 0.0, 1.0]], [1, 4, [0.28907548152940943, -0.07664920677784039, 0.8], [0.0, 0.0, 0.0, 1.0]], [1, 4, [0.28907548152940943, -0.04664920677784039, 0.8], [0.0, 0.0, 0.0, 1.0]], [1, 4, [0.28907548152940943, -0.07664920677784039, 0.8], [0.0, 0.0, 0.0, 1.0]], [1, 4, [0.2590754815294094, -0.07664920677784039, 0.8], [0.0, 0.0, 0.0, 1.0]], [2, null, null, null], [0, 3, [-0.08980985833923401, 0.12068199714334571, 0.7250017881393432], [0.0, 0.0, 0.0, 1.0]], [2, null, null, null], [0, 2, [0.1740066005322659, 0.09542297448543614, 0.7250017881393432], [0.0, 0.0, 0.0, 1.0]], [2, null, null, null]], "scene_graph": {"left": [[5, 7], [4, 7], [3, 6], [2, 4], [2, 5]], "right": [[7, 4], [7, 5], [6, 3], [4, 2], [5, 2]], "front": [[6, 5], [5, 4], [3, 2]], "behind": [[5, 6], [4, 5], [2, 3]], "on": [], "under": [], "leftbehind": [], "leftfront": [[6, 7], [3, 5]], "rightbehind": [[7, 6], [5, 3]], "rightfront": []}}