{"objects": {"2": ["bowl", "medium"], "3": ["teapot", "medium"], "4": ["remote", "medium"], "5": ["cup", "medium"], "6": ["can_drink", "medium"], "7": ["glass", "medium"]}, "action_order": [[2, null, null, null], [2, null, null, null], [2, null, null, null], [2, null, null, null], [2, null, null, null], [2, null, null, null], [2, null, null, null], [2, null, null, null], [2, null, null, null], [2, null, null, null], [2, null, null, null], [2, null, null, null], [0, 2, [0.14032790365505315, -0.05893771953512232, 0.7250017881393432], [0.0, 0.0, 0.0, 1.0]], [0, 3, [-0.03929181302341488, -0.06735739375442551, 0.7250017881393432], [0.0, 0.0, 0.0, 1.0]], [1, 3, [-0.06929181302341489, -0.06735739375442551, 0.8], [0.0, 0.0, 0.0, 1.0]], [1, 3, [-0.06929181302341489, -0.03735739375442551, 0.8], [0.0, 0.0, 0.0, 1.0]], [1, 3, [-0.09929181302341489, -0.03735739375442551, 0.8], [0.0, 0.0, 0.0, 1.0]], [2, null, null, null], [0, 4, [0.14874757787435636, -0.2638164588714999, 0.7250017881393432], [0.0, 0.0, 0.0, 1.0]], [2, null, null, null], [0, 5, [0.14313446172815422, 0.1431344617281542, 0.7250017881393432], [0.0, 0.0, 0.0, 1.0]], [2, null, null, null], [0, 6, [0.15716725209365953, 0.30030171382181375, 0.7250017881393432], [0.0, 0.0, 0.0, 1.0]], [2, null, null, null], [0, 7, [-0.08419674219303189, 0.14032790365505315, 0.7250017881393432], [0.0, 0.0, 0.0, 1.0]], [2, null, null, null]], "scene_graph": {"left": [[2, 4], [5, 2], [6, 5], [7, 3]], "right": [[2, 5], [3, 7], [4, 2], [5, 6]], "front": [[3, 2], [7, 5]], "behind": [[2, 3], [5, 7]], "on": [], "under": [], "leftbehind": [[6, 7], [5, 3]], "leftfront": [[7, 2], [3, 4]], "rightbehind": [[4, 3], [2, 7]], "rightfront": [[3, 5], [7, 6]]}}