{"objects": {"2": ["glass", "medium"], "7": ["can_drink", "medium"], "6": ["bowl", "medium"], "3": ["cup", "medium"], "4": ["teapot", "medium"], "5": ["remote", "medium"]}, "action_order": [[0, 2, [0.028065580731010623, 0.044904929169617, 0.7250017881393432], [0.0, 0.0, 0.0, 1.0]], [0, 7, [0.025259022657909563, 0.2104918554825797, 0.7250017881393432], [0.0, 0.0, 0.0, 1.0]], [0, 6, [0.21329841355568074, -0.07858362604682974, 0.7250017881393432], [0.0, 0.0, 0.0, 1.0]], [2, null, null, null], [0, 3, [0.23575087814048923, 0.12348855521644675, 0.7250017881393432], [0.0, 0.0, 0.0, 1.0]], [0, 4, [0.24978366850599457, 0.36485254950313806, 0.7250017881393432], [0.0, 0.0, 0.0, 1.0]], [0, 5, [0.134714787508851, -0.30030171382181364, 0.7250017881393432], [0.0, 0.0, 0.0, 1.0]], [2, null, null, null]], "scene_graph": {"left": [[7, 2], [6, 5], [3, 6], [4, 3], [2, 5]], "right": [[2, 7], [6, 3], [3, 4], [5, 6], [5, 2]], "front": [[2, 3], [2, 6], [7, 3]], "behind": [[6, 2], [3, 2], [3, 7]], "on": [], "under": [], "leftbehind": [[4, 7], [4, 2]], "leftfront": [], "rightbehind": [], "rightfront": [[7, 4], [2, 4]]}}