{"objects": {"7": ["teapot", "medium"], "6": ["cup", "medium"], "5": ["can_drink", "medium"], "4": ["glass", "medium"], "3": ["bowl", "medium"], "2": ["remote", "medium"]}, "action_order": [[0, 7, [-0.10945576485094145, -0.16278036823986158, 0.7250017881393432], [0.0, 0.0, 0.0, 1.0]], [0, 6, [-0.11787543907024461, -0.028065580731010627, 0.7250017881393432], [0.0, 0.0, 0.0, 1.0]], [2, null, null, null], [0, 5, [0.15997381016676054, -0.18803939089777116, 0.7250017881393432], [0.0, 0.0, 0.0, 1.0]], [0, 4, [0.16558692631296268, -0.07858362604682974, 0.7250017881393432], [0.0, 0.0, 0.0, 1.0]], [2, null, null, null], [0, 3, [0.030872138804111687, -0.07577706797372868, 0.7250017881393432], [0.0, 0.0, 0.0, 1.0]], [2, null, null, null], [0, 2, [0.044904929169617, 0.10384264870473932, 0.7250017881393432], [0.0, 0.0, 0.0, 1.0]], [2, null, null, null], [1, 7, [-0.14280254147737753, -0.1679707397953004, 0.8], [0.0, 0.0, 0.0, 1.0]], [1, 7, [-0.14280254147737753, -0.1979707397953004, 0.8], [0.0, 0.0, 0.0, 1.0]], [1, 7, [-0.14280254147737753, -0.1979707397953004, 0.8], [0.0, 0.0, 0.0, 1.0]], [1, 7, [-0.17280254147737753, -0.1979707397953004, 0.8], [0.0, 0.0, 0.0, 1.0]], [1, 7, [-0.14280254147737753, -0.1979707397953004, 0.8], [0.0, 0.0, 0.0, 1.0]], [1, 6, [-0.14837815479299643, -0.027551835779751423, 0.8], [0.0, 0.0, 0.0, 1.0]], [1, 6, [-0.14837815479299643, 0.0024481642202485755, 0.8], [0.0, 0.0, 0.0, 1.0]], [1, 6, [-0.14837815479299643, 0.03244816422024857, 0.8], [0.0, 0.0, 0.0, 1.0]], [1, 6, [-0.14837815479299643, 0.002448164220248572, 0.8], [0.0, 0.0, 0.0, 1.0]], [1, 6, [-0.14837815479299643, 0.002448164220248572, 0.8], [0.0, 0.0, 0.0, 1.0]], [1, 4, [0.19582149941844396, -0.08134276125059166, 0.8], [0.0, 0.0, 0.0, 1.0]], [1, 4, [0.19582149941844396, -0.05134276125059166, 0.8], [0.0, 0.0, 0.0, 1.0]], [1, 5, [0.1896324384291677, -0.18834397324196098, 0.8], [0.0, 0.0, 0.0, 1.0]], [1, 5, [0.1896324384291677, -0.21834397324196098, 0.8], [0.0, 0.0, 0.0, 1.0]], [2, null, null, null], [1, 3, [0.030818365813653915, -0.10540920359114178, 0.8], [0.0, 0.0, 0.0, 1.0]], [2, null, null, null], [2, null, null, null]], "scene_graph": {"left": [[6, 7], [4, 5], [2, 4], [2, 3]], "right": [[7, 6], [5, 4], [4, 2], [3, 2]], "front": [[7, 3], [6, 3], [3, 4], [3, 5]], "behind": [[5, 3], [4, 3], [3, 7], [3, 6]], "on": [], "under": [], "leftbehind": [[2, 6]], "leftfront": [], "rightbehind": [], "rightfront": [[6, 2]]}}