{"objects": {"3": ["teapot", "medium"], "2": ["cup", "medium"], "4": ["glass", "medium"], "5": ["bowl", "medium"], "6": ["remote", "medium"], "7": ["can_drink", "medium"]}, "action_order": [[0, 3, [0.09542297448543614, -0.27223613309080313, 0.7250017881393432], [0.0, 0.0, 0.0, 1.0]], [0, 2, [-0.07858362604682977, -0.12068199714334571, 0.7250017881393432], [0.0, 0.0, 0.0, 1.0]], [1, 2, [-0.07858362604682977, -0.09068199714334571, 0.8], [0.0, 0.0, 0.0, 1.0]], [1, 2, [-0.07858362604682977, -0.06068199714334571, 0.8], [0.0, 0.0, 0.0, 1.0]], [0, 4, [0.0757770679737287, -0.10945576485094147, 0.7250017881393432], [0.0, 0.0, 0.0, 1.0]], [1, 4, [0.0757770679737287, -0.07945576485094147, 0.8], [0.0, 0.0, 0.0, 1.0]], [1, 4, [0.0757770679737287, -0.04945576485094147, 0.8], [0.0, 0.0, 0.0, 1.0]], [1, 4, [0.0757770679737287, -0.07945576485094147, 0.8], [0.0, 0.0, 0.0, 1.0]], [1, 4, [0.0757770679737287, -0.10945576485094147, 0.8], [0.0, 0.0, 0.0, 1.0]], [1, 4, [0.0757770679737287, -0.07945576485094147, 0.8], [0.0, 0.0, 0.0, 1.0]], [0, 5, [0.28907548152940943, -0.10664920677784039, 0.7250017881393432], [0.0, 0.0, 0.0, 1.0]], [1, 5, [0.28907548152940943, -0.07664920677784039, 0.8], [0.0, 0.0, 0.0, 1.0]], [1, 5, [0.28907548152940943, -0.04664920677784039, 0.8], [0.0, 0.0, 0.0, 1.0]], [1, 5, [0.28907548152940943, -0.07664920677784039, 0.8], [0.0, 0.0, 0.0, 1.0]], [1, 5, [0.2590754815294094, -0.07664920677784039, 0.8], [0.0, 0.0, 0.0, 1.0]], [2, null, null, null], [2, null, null, null], [0, 6, [0.1740066005322659, 0.09542297448543614, 0.7250017881393432], [0.0, 0.0, 0.0, 1.0]], [2, null, null, null], [0, 7, [0.1740066005322659, 0.224524645848085, 0.7250017881393432], [0.0, 0.0, 0.0, 1.0]], [2, null, null, null]], "scene_graph": {"left": [[4, 3], [5, 3], [6, 5], [6, 4], [7, 6]], "right": [[3, 4], [3, 5], [5, 6], [6, 7], [4, 6]], "front": [[2, 4], [4, 5]], "behind": [[4, 2], [5, 4]], "on": [], "under": [], "leftbehind": [[6, 2]], "leftfront": [[2, 3]], "rightbehind": [[3, 2]], "rightfront": [[2, 6]]}}