{"objects": {"7": ["remote", "medium"], "6": ["bowl", "medium"], "5": ["teapot", "medium"], "4": ["cup", "medium"], "3": ["glass", "medium"], "2": ["can_drink", "medium"]}, "action_order": [[0, 7, [0.028065580731010623, -0.21329841355568074, 0.7250017881393432], [0.0, 0.0, 0.0, 1.0]], [0, 6, [0.03367869687721275, -0.0673573937544255, 0.7250017881393432], [0.0, 0.0, 0.0, 1.0]], [2, null, null, null], [0, 5, [-0.03648525495031381, -0.3929181302341488, 0.7250017881393432], [0.0, 0.0, 0.0, 1.0]], [0, 4, [0.14874757787435633, -0.4209837109651594, 0.7250017881393432], [0.0, 0.0, 0.0, 1.0]], [2, null, null, null], [0, 3, [0.03929181302341487, 0.14032790365505313, 0.7250017881393432], [0.0, 0.0, 0.0, 1.0]], [0, 2, [-0.12068199714334568, 0.13752134558195203, 0.7250017881393432], [0.0, 0.0, 0.0, 1.0]], [2, null, null, null]], "scene_graph": {"left": [[7, 5], [7, 4], [6, 7], [3, 6], [2, 7]], "right": [[7, 6], [6, 3], [5, 7], [4, 7], [7, 2]], "front": [[5, 4], [2, 3]], "behind": [[4, 5], [3, 2]], "on": [], "under": [], "leftbehind": [], "leftfront": [[2, 6]], "rightbehind": [[6, 2]], "rightfront": []}}