{"objects": {"7": ["teapot", "medium"], "6": ["cup", "medium"], "5": ["can_drink", "medium"], "4": ["glass", "medium"], "3": ["bowl", "medium"], "2": ["remote", "medium"]}, "action_order": [[0, 7, [-0.03367869687721275, -0.179619716678468, 0.7250017881393432], [0.0, 0.0, 0.0, 1.0]], [0, 6, [0.19084594897087223, -0.2020721812632765, 0.7250017881393432], [0.0, 0.0, 0.0, 1.0]], [2, null, null, null], [0, 5, [-0.008419674219303187, 0.01122623229240425, 0.7250017881393432], [0.0, 0.0, 0.0, 1.0]], [0, 4, [0.17681315860536692, -0.005613116146202125, 0.7250017881393432], [0.0, 0.0, 0.0, 1.0]], [2, null, null, null], [0, 3, [0.1038426487047393, 0.14594101980125526, 0.7250017881393432], [0.0, 0.0, 0.0, 1.0]], [2, null, null, null], [0, 2, [0.11226232292404249, 0.31994762033352103, 0.7250017881393432], [0.0, 0.0, 0.0, 1.0]], [2, null, null, null]], "scene_graph": {"left": [[5, 7], [4, 6], [3, 4], [3, 5], [2, 3]], "right": [[7, 5], [6, 4], [5, 3], [4, 3], [3, 2]], "front": [[7, 6], [5, 4]], "behind": [[6, 7], [4, 5]], "on": [], "under": [], "leftbehind": [[4, 7]], "leftfront": [[5, 6]], "rightbehind": [[6, 5]], "rightfront": [[7, 4]]}}