{"objects": {"2": ["teapot", "medium"], "3": ["cup", "medium"], "4": ["can_drink", "medium"], "5": ["glass", "medium"], "6": ["bowl", "medium"], "7": ["remote", "medium"]}, "action_order": [[0, 2, [0.11787543907024461, -0.224524645848085, 0.7250017881393432], [0.0, 0.0, 0.0, 1.0]], [0, 3, [-0.16558692631296268, -0.24978366850599457, 0.7250017881393432], [0.0, 0.0, 0.0, 1.0]], [2, null, null, null], [0, 4, [0.12068199714334568, -0.016839348438606374, 0.7250017881393432], [0.0, 0.0, 0.0, 1.0]], [0, 5, [-0.14874757787435633, -0.03367869687721275, 0.7250017881393432], [0.0, 0.0, 0.0, 1.0]], [2, null, null, null], [0, 6, [-0.008419674219303187, 0.10664920677784037, 0.7250017881393432], [0.0, 0.0, 0.0, 1.0]], [2, null, null, null], [0, 7, [-0.025259022657909563, -0.44343617554996784, 0.7250017881393432], [0.0, 0.0, 0.0, 1.0]], [2, null, null, null]], "scene_graph": {"left": [[2, 7], [4, 2], [5, 3], [6, 2]], "right": [[2, 4], [3, 5], [7, 2], [2, 6]], "front": [[3, 2], [5, 4]], "behind": [[2, 3], [4, 5]], "on": [], "under": [], "leftbehind": [[6, 5]], "leftfront": [[3, 7], [6, 4]], "rightbehind": [[4, 6], [7, 3]], "rightfront": [[5, 6]]}}