{"objects": {"2": ["bowl", "medium"], "3": ["teapot", "medium"], "7": ["cup", "medium"], "4": ["remote", "medium"], "5": ["can_drink", "medium"], "6": ["glass", "medium"]}, "action_order": [[0, 2, [0.04209837109651594, -0.21329841355568074, 0.7250017881393432], [0.0, 0.0, 0.0, 1.0]], [0, 3, [-0.056131161462021247, -0.5192132435236965, 0.7250017881393432], [0.0, 0.0, 0.0, 1.0]], [0, 7, [0.14313446172815417, -0.5556984984740103, 0.7250017881393432], [0.0, 0.0, 0.0, 1.0]], [2, null, null, null], [1, 7, [0.14273127678701378, -0.5297414333673468, 0.8], [0.0, 0.0, 0.0, 1.0]], [1, 7, [0.14273127678701378, -0.4997414333673468, 0.8], [0.0, 0.0, 0.0, 1.0]], [2, null, null, null], [2, null, null, null], [1, 3, [-0.056140227488088786, -0.4891807726364884, 0.8], [0.0, 0.0, 0.0, 1.0]], [1, 3, [-0.056140227488088786, -0.4591807726364884, 0.8], [0.0, 0.0, 0.0, 1.0]], [2, null, null, null], [1, 7, [0.14273107895593476, -0.46974332334306945, 0.8], [0.0, 0.0, 0.0, 1.0]], [1, 7, [0.14273107895593476, -0.4397433233430694, 0.8], [0.0, 0.0, 0.0, 1.0]], [2, null, null, null], [0, 4, [-0.1038426487047393, -0.224524645848085, 0.7250017881393432], [0.0, 0.0, -0.7071067811865475, 0.7071067811865476]], [2, null, null, null], [0, 5, [-0.056131161462021247, -0.036485254950313815, 0.7250017881393432], [0.0, 0.0, 0.0, 1.0]], [0, 6, [0.08700330026613294, -0.03367869687721275, 0.7250017881393432], [0.0, 0.0, 0.0, 1.0]], [2, null, null, null]], "scene_graph": {"left": [[4, 3], [5, 4], [5, 2], [6, 2], [2, 3], [2, 7]], "right": [[2, 6], [2, 5], [3, 4], [3, 2], [7, 2], [4, 5]], "front": [[3, 7], [4, 2], [5, 6]], "behind": [[2, 4], [7, 3], [6, 5]], "on": [], "under": [], "leftbehind": [[6, 4]], "leftfront": [[4, 7]], "rightbehind": [[7, 4]], "rightfront": [[4, 6]]}}