{"objects": {"4": ["cup", "medium"], "3": ["can_drink", "medium"], "2": ["remote", "medium"]}, "action_order": [[0, 4, [0.14313446172815422, 0.022452464584808502, 0.7250017881393432], [0.0, 0.0, 0.0, 1.0]], [2, null, null, null], [0, 3, [0.1515541359474574, -0.12910167136264888, 0.7250017881393432], [0.0, 0.0, 0.0, 1.0]], [2, null, null, null], [1, 3, [0.12122726773024783, -0.12905543263589728, 0.8], [0.0, 0.0, 0.0, 1.0]], [2, null, null, null], [1, 3, [0.15122499174548282, -0.12906073454575753, 0.8], [0.0, 0.0, 0.0, 1.0]], [2, null, null, null], [0, 2, [0.01964590651170744, -0.06735739375442551, 0.7250017881393432], [0.0, 0.0, 0.0, 1.0]], [1, 2, [0.01964590651170744, -0.06735739375442551, 0.8], [0.0, 0.0, 0.25881904510252074, 0.9659258262890683]], [1, 2, [0.01964590651170744, -0.06735739375442551, 0.8], [0.0, 0.0, 0.25881904510252074, 0.9659258262890683]], [1, 2, [0.01964590651170744, -0.06735739375442551, 0.8], [0.0, 0.0, 0.25881904510252074, 0.9659258262890683]], [2, null, null, null]], "scene_graph": {"left": [[4, 3]], "right": [[3, 4]], "front": [[2, 4], [2, 3]], "behind": [[4, 2], [3, 2]], "on": [], "under": [], "leftbehind": [], "leftfront": [], "rightbehind": [], "rightfront": []}}