{"objects": {"4": ["can_drink", "medium"], "3": ["remote", "medium"], "2": ["cup", "medium"]}, "action_order": [[0, 4, [0.13190822943574995, -0.2076852974094787, 0.7250017881393432], [0.0, 0.0, 0.0, 1.0]], [0, 3, [0.15997381016676057, -0.10664920677784039, 0.7250017881393432], [0.0, 0.0, 0.0, 1.0]], [0, 2, [0.1515541359474574, -0.022452464584808502, 0.7250017881393432], [0.0, 0.0, 0.0, 1.0]], [1, 2, [0.1515541359474574, 0.007547535415191497, 0.8], [0.0, 0.0, 0.0, 1.0]], [2, null, null, null], [1, 2, [0.15155394674281486, 0.03754738826907137, 0.8], [0.0, 0.0, 0.0, 1.0]], [2, null, null, null]], "scene_graph": {"left": [[3, 4], [2, 3]], "right": [[4, 3], [3, 2]], "front": [], "behind": [], "on": [], "under": [], "leftbehind": [], "leftfront": [], "rightbehind": [], "rightfront": []}}