{"objects": {"4": ["cup", "medium"], "3": ["remote", "medium"], "2": ["can_drink", "medium"]}, "action_order": [[0, 4, [0.07016395182752658, 0.221718087774984, 0.7250017881393432], [0.0, 0.0, 0.0, 1.0]], [2, null, null, null], [0, 3, [0.07016395182752658, -0.14032790365505315, 0.7250017881393432], [0.0, 0.0, 0.0, 1.0]], [0, 2, [-0.16278036823986167, 0.21891152970188293, 0.7250017881393432], [0.0, 0.0, 0.0, 1.0]], [2, null, null, null]], "scene_graph": {"left": [[4, 3]], "right": [[3, 4]], "front": [[2, 4]], "behind": [[4, 2]], "on": [], "under": [], "leftbehind": [], "leftfront": [], "rightbehind": [], "rightfront": []}}