{"objects": {"3": ["remote", "medium"], "2": ["cup", "medium"], "4": ["can_drink", "medium"]}, "action_order": [[2, null, null, null], [2, null, null, null], [0, 3, [-0.16278036823986167, -0.0028065580731010628, 0.7250017881393432], [0.0, 0.0, 0.0, 1.0]], [1, 3, [-0.16278036823986167, -0.0028065580731010628, 0.8], [0.0, 0.0, 0.25881904510252074, 0.9659258262890683]], [1, 3, [-0.16278036823986167, -0.0028065580731010628, 0.8], [0.0, 0.0, 0.25881904510252074, 0.9659258262890683]], [1, 3, [-0.16278036823986167, -0.0028065580731010628, 0.8], [0.0, 0.0, 0.25881904510252074, 0.9659258262890683]], [2, null, null, null], [2, null, null, null], [0, 2, [0.06455083568132444, -0.008419674219303189, 0.7250017881393432], [0.0, 0.0, 0.0, 1.0]], [0, 4, [-0.16839348438606377, 0.3031082718949148, 0.7250017881393432], [0.0, 0.0, 0.0, 1.0]], [2, null, null, null], [2, null, null, null]], "scene_graph": {"left": [[4, 3]], "right": [[3, 4]], "front": [[3, 2]], "behind": [[2, 3]], "on": [], "under": [], "leftbehind": [], "leftfront": [], "rightbehind": [], "rightfront": []}}