{"objects": {"4": ["remote", "medium"], "3": ["can_drink", "medium"], "2": ["cup", "medium"]}, "action_order": [[0, 4, [0.0757770679737287, -0.11506888099714357, 0.7250017881393432], [0.0, 0.0, 0.0, 1.0]], [0, 3, [-0.014032790365505313, 0.019645906511707438, 0.7250017881393432], [0.0, 0.0, 0.0, 1.0]], [0, 2, [0.14313446172815422, 0.022452464584808502, 0.7250017881393432], [0.0, 0.0, 0.0, 1.0]], [2, null, null, null]], "scene_graph": {"left": [[3, 4], [2, 4]], "right": [[4, 2], [4, 3]], "front": [[3, 2]], "behind": [[2, 3]], "on": [], "under": [], "leftbehind": [], "leftfront": [], "rightbehind": [], "rightfront": []}}