{"objects": {"3": ["cup", "medium"], "2": ["can_drink", "medium"], "4": ["remote", "medium"]}, "action_order": [[0, 3, [0.07016395182752658, 0.221718087774984, 0.7250017881393432], [0.0, 0.0, 0.0, 1.0]], [2, null, null, null], [2, null, null, null], [0, 2, [0.08700330026613295, -0.17681315860536698, 0.7250017881393432], [0.0, 0.0, 0.0, 1.0]], [0, 4, [-0.16278036823986167, -0.0028065580731010628, 0.7250017881393432], [0.0, 0.0, 0.0, 1.0]], [1, 4, [-0.16278036823986167, -0.0028065580731010628, 0.8], [0.0, 0.0, 0.25881904510252074, 0.9659258262890683]], [1, 4, [-0.16278036823986167, -0.0028065580731010628, 0.8], [0.0, 0.0, 0.25881904510252074, 0.9659258262890683]], [1, 4, [-0.16278036823986167, -0.0028065580731010628, 0.8], [0.0, 0.0, 0.25881904510252074, 0.9659258262890683]], [2, null, null, null]], "scene_graph": {"left": [], "right": [], "front": [], "behind": [], "on": [], "under": [], "leftbehind": [[3, 4]], "leftfront": [[4, 2]], "rightbehind": [[2, 4]], "rightfront": [[4, 3]]}}