{"objects": {"4": ["can_drink", "medium"], "3": ["remote", "medium"], "2": ["cup", "medium"]}, "action_order": [[0, 4, [0.05613116146202125, -0.044904929169617004, 0.7250017881393432], [0.0, 0.0, 0.0, 1.0]], [0, 3, [0.08700330026613295, -0.3283672945528244, 0.7250017881393432], [0.0, 0.0, 0.0, 1.0]], [0, 2, [0.07016395182752658, 0.221718087774984, 0.7250017881393432], [0.0, 0.0, 0.0, 1.0]], [2, null, null, null]], "scene_graph": {"left": [[4, 3], [2, 4]], "right": [[4, 2], [3, 4]], "front": [], "behind": [], "on": [], "under": [], "leftbehind": [], "leftfront": [], "rightbehind": [], "rightfront": []}}