{"objects": {"4": ["cup", "medium"], "3": ["can_drink", "medium"], "2": ["remote", "medium"]}, "action_order": [[0, 4, [0.13471478750885102, -0.2553967846521967, 0.7250017881393432], [0.0, 0.0, 0.0, 1.0]], [2, null, null, null], [1, 4, [0.13793623256191972, -0.25481049293659497, 0.8], [0.0, 0.0, 0.25881904510252074, 0.9659258262890683]], [1, 4, [0.13793623256191972, -0.25481049293659497, 0.8], [0.0, 0.0, 0.25881904510252074, 0.9659258262890683]], [1, 4, [0.13793623256191972, -0.25481049293659497, 0.8], [0.0, 0.0, 0.25881904510252074, 0.9659258262890683]], [1, 4, [0.13793623256191972, -0.25481049293659497, 0.8], [0.0, 0.0, 0.25881904510252074, 0.9659258262890683]], [1, 4, [0.13793623256191972, -0.25481049293659497, 0.8], [0.0, 0.0, 0.25881904510252074, 0.9659258262890683]], [1, 4, [0.13793623256191972, -0.25481049293659497, 0.8], [0.0, 0.0, 0.25881904510252074, 0.9659258262890683]], [2, null, null, null], [0, 3, [0.14874757787435636, -0.11787543907024464, 0.7250017881393432], [0.0, 0.0, 0.0, 1.0]], [1, 3, [0.11874757787435636, -0.11787543907024464, 0.8], [0.0, 0.0, 0.0, 1.0]], [2, null, null, null], [0, 2, [0.14032790365505315, -0.016839348438606377, 0.7250017881393432], [0.0, 0.0, 0.0, 1.0]], [2, null, null, null]], "scene_graph": {"left": [[3, 4], [2, 3]], "right": [[4, 3], [3, 2]], "front": [], "behind": [], "on": [], "under": [], "leftbehind": [], "leftfront": [], "rightbehind": [], "rightfront": []}}