{"objects": {"3": ["book", "medium"], "4": ["cup", "medium"], "5": ["can_drink", "medium"], "2": ["remote", "medium"]}, "action_order": [[0, 3, [0.03929181302341488, -0.13471478750885102, 0.7250017881393432], [0.0, 0.0, 0.0, 1.0]], [2, null, null, null], [2, null, null, null], [2, null, null, null], [2, null, null, null], [2, null, null, null], [0, 4, [0.03087213880411169, 0.044904929169617004, 0.7250017881393432], [0.0, 0.0, 0.0, 1.0]], [0, 5, [0.03087213880411169, 0.21891152970188293, 0.7250017881393432], [0.0, 0.0, 0.0, 1.0]], [2, null, null, null], [1, 4, [0.033544524060723814, 0.07363939046690743, 0.8], [0.0, 0.0, 0.0, 1.0]], [2, null, null, null], [0, 2, [0.06174427760822338, -0.3508197591376329, 0.7250017881393432], [0.0, 0.0, 0.0, 1.0]], [2, null, null, null]], "scene_graph": {"left": [[3, 2], [4, 3], [5, 4]], "right": [[3, 4], [4, 5], [2, 3]], "front": [], "behind": [], "on": [], "under": [], "leftbehind": [], "leftfront": [], "rightbehind": [], "rightfront": []}}