{"objects": {"2": ["book", "medium"], "3": ["remote", "medium"], "5": ["cup", "medium"], "4": ["can_drink", "medium"]}, "action_order": [[0, 2, [0.03929181302341488, -0.13471478750885102, 0.7250017881393432], [0.0, 0.0, 0.0, 1.0]], [2, null, null, null], [2, null, null, null], [2, null, null, null], [2, null, null, null], [0, 3, [-0.20768529740947864, -0.1515541359474574, 0.7250017881393432], [0.0, 0.0, -0.7071067811865475, 0.7071067811865476]], [2, null, null, null], [0, 5, [0.03087213880411169, 0.044904929169617004, 0.7250017881393432], [0.0, 0.0, 0.0, 1.0]], [0, 4, [0.03087213880411169, 0.21891152970188293, 0.7250017881393432], [0.0, 0.0, 0.0, 1.0]], [2, null, null, null]], "scene_graph": {"left": [[5, 2], [4, 5]], "right": [[2, 5], [5, 4]], "front": [[3, 2]], "behind": [[2, 3]], "on": [], "under": [], "leftbehind": [[5, 3]], "leftfront": [], "rightbehind": [], "rightfront": [[3, 5]]}}