{"objects": {"2": ["book", "medium"], "3": ["can_drink", "medium"], "4": ["cup", "medium"], "5": ["remote", "medium"]}, "action_order": [[0, 2, [0.0, 0.15997381016676054, 0.7250017881393432], [0.0, 0.0, 0.0, 1.0]], [0, 3, [-0.07858362604682977, -0.1375213455819521, 0.7250017881393432], [0.0, 0.0, 0.0, 1.0]], [0, 4, [0.10103609063163826, -0.14594101980125526, 0.7250017881393432], [0.0, 0.0, 0.0, 1.0]], [2, null, null, null], [1, 2, [8.622052541511585e-07, 0.12997329294154933, 0.7759762107844728], [0.0, 0.0, 0.0, 1.0]], [2, null, null, null], [1, 2, [-6.994080425241995e-05, 0.10007781959406659, 0.7759077340262143], [0.0, 0.0, 0.0, 1.0]], [2, null, null, null], [0, 5, [0.008419674219303189, 0.3031082718949148, 0.7250017881393432], [0.0, 0.0, 0.0, 1.0]], [1, 4, [0.07088745482423943, -0.14646404822537581, 0.8], [0.0, 0.0, 0.0, 1.0]], [2, null, null, null], [2, null, null, null], [2, null, null, null]], "scene_graph": {"left": [[2, 4], [2, 3], [5, 2]], "right": [[2, 5], [3, 2], [4, 2]], "front": [[3, 4]], "behind": [[4, 3]], "on": [], "under": [], "leftbehind": [], "leftfront": [], "rightbehind": [], "rightfront": []}}