{"objects": {"4": ["book", "medium"], "3": ["remote", "medium"], "5": ["cup", "medium"], "2": ["can_drink", "medium"]}, "action_order": [[0, 4, [0.016839348438606377, -0.11506888099714357, 0.7250017881393432], [0.0, 0.0, 0.0, 1.0]], [2, null, null, null], [1, 4, [0.04683666658956453, -0.11506377966850463, 0.7759786202257443], [0.0, 0.0, 0.0, 1.0]], [2, null, null, null], [2, null, null, null], [2, null, null, null], [0, 3, [-0.21049185548257973, -0.12068199714334571, 0.7250017881393432], [0.0, 0.0, -0.7071067811865475, 0.7071067811865476]], [2, null, null, null], [2, null, null, null], [2, null, null, null], [0, 5, [0.03929181302341488, 0.11506888099714357, 0.7250017881393432], [0.0, 0.0, 0.0, 1.0]], [2, null, null, null], [2, null, null, null], [2, null, null, null], [0, 2, [0.042098371096515944, 0.26662301694460094, 0.7250017881393432], [0.0, 0.0, 0.0, 1.0]], [2, null, null, null]], "scene_graph": {"left": [[5, 4], [2, 5]], "right": [[4, 5], [5, 2]], "front": [[3, 4]], "behind": [[4, 3]], "on": [], "under": [], "leftbehind": [[5, 3]], "leftfront": [], "rightbehind": [], "rightfront": [[3, 5]]}}