{"objects": {"2": ["book", "medium"], "5": ["cup", "medium"], "4": ["can_drink", "medium"], "3": ["remote", "medium"]}, "action_order": [[0, 2, [0.03929181302341488, -0.13471478750885102, 0.7250017881393432], [0.0, 0.0, 0.0, 1.0]], [2, null, null, null], [2, null, null, null], [2, null, null, null], [2, null, null, null], [2, null, null, null], [0, 5, [0.03087213880411169, 0.044904929169617004, 0.7250017881393432], [0.0, 0.0, 0.0, 1.0]], [0, 4, [0.03087213880411169, 0.21891152970188293, 0.7250017881393432], [0.0, 0.0, 0.0, 1.0]], [2, null, null, null], [1, 5, [0.033544524060723814, 0.07363939046690743, 0.8], [0.0, 0.0, 0.0, 1.0]], [2, null, null, null], [2, null, null, null], [0, 3, [0.0424833079982118, -0.14072595774407662, 0.7721884608268738], [0.0, 0.0, 0.0, 1.0]], [2, null, null, null]], "scene_graph": {"left": [[5, 2], [5, 3], [4, 5]], "right": [[2, 5], [5, 4], [3, 5]], "front": [], "behind": [], "on": [[2, 3]], "under": [[3, 2]], "leftbehind": [], "leftfront": [], "rightbehind": [], "rightfront": []}}