{"objects": {"5": ["book", "medium"], "4": ["can_drink", "medium"], "3": ["cup", "medium"], "2": ["remote", "medium"]}, "action_order": [[0, 5, [0.0, 0.15997381016676054, 0.7250017881393432], [0.0, 0.0, 0.0, 1.0]], [0, 4, [-0.07858362604682977, -0.1375213455819521, 0.7250017881393432], [0.0, 0.0, 0.0, 1.0]], [0, 3, [0.10103609063163826, -0.14594101980125526, 0.7250017881393432], [0.0, 0.0, 0.0, 1.0]], [0, 2, [0.28907548152940943, 0.011226232292404251, 0.7250017881393432], [0.0, 0.0, -0.7071067811865475, 0.7071067811865476]], [2, null, null, null], [1, 5, [8.622052541511585e-07, 0.12997329294154933, 0.7759762107844728], [0.0, 0.0, 0.0, 1.0]], [2, null, null, null]], "scene_graph": {"left": [[5, 3], [5, 4]], "right": [[4, 5], [3, 5]], "front": [[5, 2], [4, 3], [3, 2]], "behind": [[3, 4], [2, 5], [2, 3]], "on": [], "under": [], "leftbehind": [], "leftfront": [], "rightbehind": [], "rightfront": []}}