{"objects": {"4": ["book", "medium"], "2": ["cup", "medium"], "3": ["can_drink", "medium"], "5": ["remote", "medium"]}, "action_order": [[0, 4, [0.03929181302341488, -0.13471478750885102, 0.7250017881393432], [0.0, 0.0, 0.0, 1.0]], [2, null, null, null], [2, null, null, null], [0, 2, [0.10945576485094145, 0.07858362604682975, 0.7250017881393432], [0.0, 0.0, 0.0, 1.0]], [0, 3, [-0.028065580731010627, 0.05332460338892019, 0.7250017881393432], [0.0, 0.0, 0.0, 1.0]], [1, 2, [0.07945576485094145, 0.07858362604682975, 0.8], [0.0, 0.0, 0.0, 1.0]], [2, null, null, null], [2, null, null, null], [0, 5, [-0.20768529740947864, -0.1515541359474574, 0.7250017881393432], [0.0, 0.0, -0.7071067811865475, 0.7071067811865476]], [2, null, null, null]], "scene_graph": {"left": [[2, 4], [3, 4]], "right": [[4, 2], [4, 3]], "front": [[3, 2], [5, 4]], "behind": [[4, 5], [2, 3]], "on": [], "under": [], "leftbehind": [[2, 5], [3, 5]], "leftfront": [], "rightbehind": [], "rightfront": [[5, 3], [5, 2]]}}