{"objects": {"5": ["book", "medium"], "6": ["cup", "medium"], "2": ["glass", "medium"], "3": ["can_drink", "medium"], "4": ["remote", "medium"]}, "action_order": [[0, 5, [0.044904929169617, 0.008419674219303187, 0.7250017881393432], [0.0, 0.0, 0.0, 1.0]], [2, null, null, null], [2, null, null, null], [2, null, null, null], [2, null, null, null], [2, null, null, null], [2, null, null, null], [2, null, null, null], [2, null, null, null], [2, null, null, null], [2, null, null, null], [0, 6, [0.12068199714334568, 0.1936525070439733, 0.7250017881393432], [0.0, 0.0, 0.0, 1.0]], [2, null, null, null], [2, null, null, null], [0, 2, [-0.0224524645848085, 0.18523283282467012, 0.7250017881393432], [0.0, 0.0, 0.0, 1.0]], [0, 3, [0.053324603388920186, 0.3227541784066222, 0.7250017881393432], [0.0, 0.0, 0.0, 1.0]], [2, null, null, null], [0, 4, [0.050518045315819125, -0.17400660053226588, 0.7250017881393432], [0.0, 0.0, 0.0, 1.0]], [2, null, null, null]], "scene_graph": {"left": [[5, 4], [6, 5], [2, 5], [3, 6], [3, 2]], "right": [[5, 6], [5, 2], [6, 3], [2, 3], [4, 5]], "front": [[2, 6]], "behind": [[6, 2]], "on": [], "under": [], "leftbehind": [], "leftfront": [], "rightbehind": [], "rightfront": []}}