{"objects": {"6": ["book", "medium"], "5": ["cup", "medium"], "3": ["glass", "medium"], "4": ["can_drink", "medium"], "2": ["remote", "medium"]}, "action_order": [[0, 6, [-0.03087213880411169, 0.022452464584808502, 0.7250017881393432], [0.0, 0.0, 0.0, 1.0]], [2, null, null, null], [0, 5, [-0.11787543907024464, 0.23013776199428715, 0.7250017881393432], [0.0, 0.0, 0.0, 1.0]], [2, null, null, null], [0, 3, [0.03929181302341488, 0.21329841355568077, 0.7250017881393432], [0.0, 0.0, 0.0, 1.0]], [2, null, null, null], [0, 4, [-0.2750426911639041, 0.028065580731010627, 0.7250017881393432], [0.0, 0.0, 0.0, 1.0]], [0, 2, [-0.03929181302341488, -0.17961971667846802, 0.7250017881393432], [0.0, 0.0, 0.0, 1.0]], [2, null, null, null]], "scene_graph": {"left": [[5, 6], [3, 6], [6, 2]], "right": [[6, 5], [6, 3], [2, 6]], "front": [[5, 3], [4, 6]], "behind": [[6, 4], [3, 5]], "on": [], "under": [], "leftbehind": [[5, 4], [3, 4]], "leftfront": [[4, 2]], "rightbehind": [[2, 4]], "rightfront": [[4, 5], [4, 3]]}}