{"objects": {"6": ["book", "medium"], "5": ["remote", "medium"], "4": ["can_drink", "medium"], "3": ["cup", "medium"], "2": ["glass", "medium"]}, "action_order": [[0, 6, [0.044904929169617, 0.008419674219303187, 0.7250017881393432], [0.0, 0.0, 0.0, 1.0]], [2, null, null, null], [0, 5, [0.05841512892605453, 0.013276165665012395, 0.7721802353858948], [0.0, 0.0, 0.0, 1.0]], [0, 4, [-0.1852328328246701, 0.019645906511707435, 0.7250017881393432], [0.0, 0.0, 0.0, 1.0]], [0, 3, [-0.028065580731010623, 0.1908459489708722, 0.7250017881393432], [0.0, 0.0, 0.0, 1.0]], [0, 2, [0.11787543907024461, 0.1964590651170744, 0.7250017881393432], [0.0, 0.0, 0.0, 1.0]], [2, null, null, null], [2, null, null, null]], "scene_graph": {"left": [[3, 6], [3, 5], [2, 6], [2, 5]], "right": [[6, 3], [5, 3], [6, 2], [5, 2]], "front": [[4, 6], [4, 5], [3, 2]], "behind": [[2, 3], [6, 4], [5, 4]], "on": [[6, 5]], "under": [[5, 6]], "leftbehind": [[3, 4]], "leftfront": [], "rightbehind": [], "rightfront": [[4, 3]]}}