{"objects": {"6": ["book", "medium"], "2": ["can_drink", "medium"], "3": ["cup", "medium"], "4": ["glass", "medium"], "5": ["remote", "medium"]}, "action_order": [[0, 6, [0.044904929169617, 0.008419674219303187, 0.7250017881393432], [0.0, 0.0, 0.0, 1.0]], [2, null, null, null], [0, 2, [-0.1852328328246701, 0.019645906511707435, 0.7250017881393432], [0.0, 0.0, 0.0, 1.0]], [2, null, null, null], [2, null, null, null], [2, null, null, null], [2, null, null, null], [0, 3, [-0.04771148724271806, -0.18803939089777116, 0.7250017881393432], [0.0, 0.0, 0.0, 1.0]], [0, 4, [0.12068199714334568, -0.22733120392118608, 0.7250017881393432], [0.0, 0.0, 0.0, 1.0]], [2, null, null, null], [0, 5, [0.053324603388920186, 0.18242627475156903, 0.7250017881393432], [0.0, 0.0, 0.0, 1.0]], [2, null, null, null]], "scene_graph": {"left": [[6, 3], [5, 6], [6, 4]], "right": [[6, 5], [3, 6], [4, 6]], "front": [[2, 6], [3, 4]], "behind": [[6, 2], [4, 3]], "on": [], "under": [], "leftbehind": [[5, 2]], "leftfront": [[2, 3]], "rightbehind": [[3, 2]], "rightfront": [[2, 5]]}}