{"objects": {"6": ["book", "medium"], "4": ["can_drink", "medium"], "2": ["remote", "medium"], "5": ["cup", "medium"], "3": ["glass", "medium"]}, "action_order": [[0, 6, [-0.03087213880411169, 0.022452464584808502, 0.7250017881393432], [0.0, 0.0, 0.0, 1.0]], [2, null, null, null], [2, null, null, null], [2, null, null, null], [0, 4, [-0.2750426911639041, 0.028065580731010627, 0.7250017881393432], [0.0, 0.0, 0.0, 1.0]], [0, 2, [-0.03929181302341488, -0.17961971667846802, 0.7250017881393432], [0.0, 0.0, 0.0, 1.0]], [2, null, null, null], [2, null, null, null], [2, null, null, null], [2, null, null, null], [2, null, null, null], [2, null, null, null], [2, null, null, null], [2, null, null, null], [2, null, null, null], [2, null, null, null], [2, null, null, null], [2, null, null, null], [2, null, null, null], [0, 5, [0.022452464584808502, 0.21891152970188293, 0.7250017881393432], [0.0, 0.0, 0.0, 1.0]], [2, null, null, null], [2, null, null, null], [0, 3, [-0.10103609063163826, 0.19365250704397335, 0.7250017881393432], [0.0, 0.0, 0.0, 1.0]], [2, null, null, null], [2, null, null, null]], "scene_graph": {"left": [[5, 6], [3, 6], [6, 2]], "right": [[6, 3], [6, 5], [2, 6]], "front": [[4, 6], [3, 5]], "behind": [[6, 4], [5, 3]], "on": [], "under": [], "leftbehind": [[5, 4], [3, 4]], "leftfront": [[4, 2]], "rightbehind": [[2, 4]], "rightfront": [[4, 3], [4, 5]]}}