{"objects": {"4": ["book", "medium"], "3": ["cup", "medium"], "5": ["remote", "medium"], "2": ["glass", "medium"], "6": ["can_drink", "medium"]}, "action_order": [[0, 4, [0.044904929169617, 0.008419674219303187, 0.7250017881393432], [0.0, 0.0, 0.0, 1.0]], [2, null, null, null], [2, null, null, null], [2, null, null, null], [2, null, null, null], [2, null, null, null], [2, null, null, null], [2, null, null, null], [2, null, null, null], [2, null, null, null], [2, null, null, null], [0, 3, [0.12068199714334568, 0.1936525070439733, 0.7250017881393432], [0.0, 0.0, 0.0, 1.0]], [2, null, null, null], [0, 5, [0.04260133610986397, 0.007987750520599494, 0.7698886156082153], [0.0, 0.0, 0.0, 1.0]], [2, null, null, null], [0, 2, [-0.0224524645848085, 0.18523283282467012, 0.7250017881393432], [0.0, 0.0, 0.0, 1.0]], [0, 6, [0.053324603388920186, 0.3227541784066222, 0.7250017881393432], [0.0, 0.0, 0.0, 1.0]], [2, null, null, null]], "scene_graph": {"left": [[3, 4], [2, 4], [6, 3], [6, 2], [3, 5]], "right": [[4, 3], [3, 6], [5, 3], [2, 6], [4, 2]], "front": [[2, 3]], "behind": [[3, 2]], "on": [[4, 5]], "under": [[5, 4]], "leftbehind": [], "leftfront": [], "rightbehind": [], "rightfront": []}}