{"objects": {"6": ["book", "medium"], "5": ["can_drink", "medium"], "4": ["remote", "medium"], "3": ["glass", "medium"], "2": ["cup", "medium"]}, "action_order": [[0, 6, [0.044904929169617, 0.008419674219303187, 0.7250017881393432], [0.0, 0.0, 0.0, 1.0]], [2, null, null, null], [0, 5, [-0.1852328328246701, 0.019645906511707435, 0.7250017881393432], [0.0, 0.0, 0.0, 1.0]], [2, null, null, null], [2, null, null, null], [2, null, null, null], [2, null, null, null], [2, null, null, null], [2, null, null, null], [2, null, null, null], [2, null, null, null], [0, 4, [0.050518045315819125, -0.17681315860536695, 0.7250017881393432], [0.0, 0.0, 0.0, 1.0]], [2, null, null, null], [0, 3, [-0.03929181302341487, 0.1712000424591648, 0.7250017881393432], [0.0, 0.0, 0.0, 1.0]], [0, 2, [0.12068199714334568, 0.1936525070439733, 0.7250017881393432], [0.0, 0.0, 0.0, 1.0]], [2, null, null, null]], "scene_graph": {"left": [[3, 6], [2, 6], [6, 4]], "right": [[6, 2], [6, 3], [4, 6]], "front": [[5, 6], [3, 2]], "behind": [[6, 5], [2, 3]], "on": [], "under": [], "leftbehind": [[3, 5], [2, 5]], "leftfront": [[5, 4]], "rightbehind": [[4, 5]], "rightfront": [[5, 3], [5, 2]]}}