{"objects": {"2": ["book", "medium"], "3": ["remote", "medium"], "4": ["can_drink", "medium"], "5": ["glass", "medium"], "6": ["cup", "medium"]}, "action_order": [[0, 2, [0.044904929169617, 0.008419674219303187, 0.7250017881393432], [0.0, 0.0, 0.0, 1.0]], [2, null, null, null], [0, 3, [0.05841512892605453, 0.013276165665012395, 0.7721802353858948], [0.0, 0.0, 0.0, 1.0]], [0, 4, [-0.1852328328246701, 0.019645906511707435, 0.7250017881393432], [0.0, 0.0, 0.0, 1.0]], [2, null, null, null], [2, null, null, null], [0, 5, [-0.03367869687721275, 0.18242627475156903, 0.7250017881393432], [0.0, 0.0, 0.0, 1.0]], [0, 6, [0.13190822943574992, 0.1964590651170744, 0.7250017881393432], [0.0, 0.0, 0.0, 1.0]], [2, null, null, null], [2, null, null, null]], "scene_graph": {"left": [[5, 2], [5, 3], [6, 2], [6, 3]], "right": [[2, 6], [2, 5], [3, 5], [3, 6]], "front": [[4, 2], [4, 3], [5, 6]], "behind": [[3, 4], [6, 5], [2, 4]], "on": [[2, 3]], "under": [[3, 2]], "leftbehind": [[5, 4]], "leftfront": [], "rightbehind": [], "rightfront": [[4, 5]]}}