{"objects": {"4": ["book", "medium"], "3": ["cup", "medium"], "2": ["glass", "medium"], "6": ["can_drink", "medium"], "5": ["remote", "medium"]}, "action_order": [[0, 4, [0.044904929169617, 0.008419674219303187, 0.7250017881393432], [0.0, 0.0, 0.0, 1.0]], [2, null, null, null], [2, null, null, null], [2, null, null, null], [2, null, null, null], [2, null, null, null], [2, null, null, null], [2, null, null, null], [2, null, null, null], [2, null, null, null], [2, null, null, null], [0, 3, [0.12068199714334568, 0.1936525070439733, 0.7250017881393432], [0.0, 0.0, 0.0, 1.0]], [2, null, null, null], [2, null, null, null], [0, 2, [-0.0224524645848085, 0.18523283282467012, 0.7250017881393432], [0.0, 0.0, 0.0, 1.0]], [0, 6, [0.053324603388920186, 0.3227541784066222, 0.7250017881393432], [0.0, 0.0, 0.0, 1.0]], [2, null, null, null], [2, null, null, null], [0, 5, [-0.18242627475156906, 0.016839348438606374, 0.7250017881393432], [0.0, 0.0, -0.7071067811865475, 0.7071067811865476]], [2, null, null, null]], "scene_graph": {"left": [[3, 4], [2, 4], [6, 3], [6, 2]], "right": [[4, 3], [4, 2], [3, 6], [2, 6]], "front": [[2, 3], [5, 4], [5, 3]], "behind": [[4, 5], [3, 2], [3, 5]], "on": [], "under": [], "leftbehind": [[2, 5]], "leftfront": [], "rightbehind": [], "rightfront": [[5, 2]]}}