{"objects": {"2": ["book", "medium"], "3": ["can_drink", "medium"], "4": ["remote", "medium"], "6": ["cup", "medium"], "5": ["glass", "medium"]}, "action_order": [[0, 2, [0.044904929169617, 0.008419674219303187, 0.7250017881393432], [0.0, 0.0, 0.0, 1.0]], [2, null, null, null], [0, 3, [-0.1852328328246701, 0.019645906511707435, 0.7250017881393432], [0.0, 0.0, 0.0, 1.0]], [2, null, null, null], [2, null, null, null], [2, null, null, null], [2, null, null, null], [2, null, null, null], [2, null, null, null], [2, null, null, null], [2, null, null, null], [0, 4, [0.050518045315819125, -0.17681315860536695, 0.7250017881393432], [0.0, 0.0, 0.0, 1.0]], [0, 6, [-0.050518045315819125, 0.18242627475156903, 0.7250017881393432], [0.0, 0.0, 0.0, 1.0]], [0, 5, [0.12068199714334568, 0.179619716678468, 0.7250017881393432], [0.0, 0.0, 0.0, 1.0]], [2, null, null, null]], "scene_graph": {"left": [[6, 2], [5, 2], [2, 4]], "right": [[2, 6], [2, 5], [4, 2]], "front": [[3, 2], [6, 5]], "behind": [[2, 3], [5, 6]], "on": [], "under": [], "leftbehind": [[6, 3], [5, 3]], "leftfront": [[3, 4]], "rightbehind": [[4, 3]], "rightfront": [[3, 6], [3, 5]]}}