{"objects": {"5": ["book", "medium"], "6": ["remote", "medium"], "4": ["can_drink", "medium"], "3": ["cup", "medium"], "2": ["glass", "medium"]}, "action_order": [[0, 5, [0.044904929169617, 0.008419674219303187, 0.7250017881393432], [0.0, 0.0, 0.0, 1.0]], [2, null, null, null], [0, 6, [0.05841512892605453, 0.013276165665012395, 0.7721802353858948], [0.0, 0.0, 0.0, 1.0]], [0, 4, [-0.1852328328246701, 0.019645906511707435, 0.7250017881393432], [0.0, 0.0, 0.0, 1.0]], [2, null, null, null], [2, null, null, null], [2, null, null, null], [2, null, null, null], [0, 3, [-0.04771148724271806, -0.18803939089777116, 0.7250017881393432], [0.0, 0.0, 0.0, 1.0]], [0, 2, [0.12068199714334568, -0.22733120392118608, 0.7250017881393432], [0.0, 0.0, 0.0, 1.0]], [2, null, null, null]], "scene_graph": {"left": [[5, 3], [6, 3], [5, 2], [6, 2]], "right": [[3, 5], [3, 6], [2, 5], [2, 6]], "front": [[4, 5], [4, 6], [3, 2]], "behind": [[6, 4], [2, 3], [5, 4]], "on": [[5, 6]], "under": [[6, 5]], "leftbehind": [], "leftfront": [[4, 3]], "rightbehind": [[3, 4]], "rightfront": []}}