{"objects": {"6": ["book", "medium"], "5": ["cup", "medium"], "2": ["glass", "medium"], "3": ["remote", "medium"], "4": ["can_drink", "medium"]}, "action_order": [[0, 6, [0.044904929169617, 0.008419674219303187, 0.7250017881393432], [0.0, 0.0, 0.0, 1.0]], [2, null, null, null], [2, null, null, null], [2, null, null, null], [2, null, null, null], [2, null, null, null], [2, null, null, null], [2, null, null, null], [2, null, null, null], [2, null, null, null], [2, null, null, null], [0, 5, [0.12068199714334568, 0.1936525070439733, 0.7250017881393432], [0.0, 0.0, 0.0, 1.0]], [2, null, null, null], [2, null, null, null], [0, 2, [-0.0224524645848085, 0.18523283282467012, 0.7250017881393432], [0.0, 0.0, 0.0, 1.0]], [2, null, null, null], [2, null, null, null], [0, 3, [-0.18242627475156906, 0.016839348438606374, 0.7250017881393432], [0.0, 0.0, -0.7071067811865475, 0.7071067811865476]], [2, null, null, null], [0, 4, [0.13190822943574992, 0.35081975913763286, 0.7250017881393432], [0.0, 0.0, 0.0, 1.0]], [2, null, null, null]], "scene_graph": {"left": [[5, 6], [2, 6], [4, 5]], "right": [[6, 5], [6, 2], [5, 4]], "front": [[2, 5], [3, 6], [3, 5]], "behind": [[6, 3], [5, 2], [5, 3]], "on": [], "under": [], "leftbehind": [[2, 3], [4, 2]], "leftfront": [], "rightbehind": [], "rightfront": [[3, 2], [2, 4]]}}