{"objects": {"5": ["book", "medium"], "6": ["can_drink", "medium"], "2": ["glass", "medium"], "3": ["cup", "medium"], "4": ["remote", "medium"]}, "action_order": [[0, 5, [0.044904929169617, 0.008419674219303187, 0.7250017881393432], [0.0, 0.0, 0.0, 1.0]], [2, null, null, null], [0, 6, [-0.1852328328246701, 0.019645906511707435, 0.7250017881393432], [0.0, 0.0, 0.0, 1.0]], [2, null, null, null], [2, null, null, null], [2, null, null, null], [2, null, null, null], [2, null, null, null], [2, null, null, null], [0, 2, [-0.03929181302341487, -0.20487873933637754, 0.7250017881393432], [0.0, 0.0, 0.0, 1.0]], [0, 3, [0.14313446172815417, -0.2104918554825797, 0.7250017881393432], [0.0, 0.0, 0.0, 1.0]], [2, null, null, null], [0, 4, [0.05325180396472104, 0.007987770594708156, 0.7698865294456482], [0.0, 0.0, 0.0, 1.0]], [2, null, null, null]], "scene_graph": {"left": [[5, 2], [4, 2], [5, 3], [4, 3]], "right": [[2, 5], [2, 4], [3, 5], [3, 4]], "front": [[6, 5], [6, 4], [2, 3]], "behind": [[5, 6], [3, 2], [4, 6]], "on": [[5, 4]], "under": [[4, 5]], "leftbehind": [], "leftfront": [[6, 2]], "rightbehind": [[2, 6]], "rightfront": []}}