{"objects": {"4": ["book", "medium"], "3": ["can_drink", "medium"], "5": ["remote", "medium"], "2": ["glass", "medium"], "6": ["cup", "medium"]}, "action_order": [[0, 4, [0.044904929169617, 0.008419674219303187, 0.7250017881393432], [0.0, 0.0, 0.0, 1.0]], [2, null, null, null], [0, 3, [-0.1852328328246701, 0.019645906511707435, 0.7250017881393432], [0.0, 0.0, 0.0, 1.0]], [2, null, null, null], [2, null, null, null], [2, null, null, null], [2, null, null, null], [2, null, null, null], [0, 5, [0.053324603388920186, 0.18242627475156903, 0.7250017881393432], [0.0, 0.0, 0.0, 1.0]], [2, null, null, null], [0, 2, [-0.03929181302341487, -0.20487873933637754, 0.7250017881393432], [0.0, 0.0, 0.0, 1.0]], [0, 6, [0.14313446172815417, -0.2104918554825797, 0.7250017881393432], [0.0, 0.0, 0.0, 1.0]], [2, null, null, null]], "scene_graph": {"left": [[4, 6], [5, 4], [4, 2]], "right": [[4, 5], [2, 4], [6, 4]], "front": [[3, 4], [2, 6]], "behind": [[4, 3], [6, 2]], "on": [], "under": [], "leftbehind": [[5, 3]], "leftfront": [[3, 2]], "rightbehind": [[2, 3]], "rightfront": [[3, 5]]}}