{"objects": {"4": ["teapot", "medium"], "3": ["cup", "medium"], "2": ["remote", "medium"]}, "action_order": [[0, 4, [-0.09542297448543614, -0.11506888099714357, 0.7250017881393432], [0.0, -0.0, -0.7071067811865476, -0.7071067811865475]], [0, 3, [0.1066492067778404, -0.14032790365505315, 0.7250017881393432], [0.0, 0.0, 0.0, 1.0]], [0, 2, [0.0, 0.06174427760822338, 0.7250017881393432], [0.0, 0.0, 0.0, 1.0]], [1, 3, [0.1066492067778404, -0.11032790365505316, 0.8], [0.0, 0.0, 0.0, 1.0]], [2, null, null, null]], "scene_graph": {"left": [[2, 4], [2, 3]], "right": [[4, 2], [3, 2]], "front": [[4, 3]], "behind": [[3, 4]], "on": [], "under": [], "leftbehind": [], "leftfront": [], "rightbehind": [], "rightfront": []}}