{"objects": {"2": ["teapot", "medium"], "3": ["cup", "medium"], "4": ["remote", "medium"]}, "action_order": [[0, 2, [0.008419674219303189, -0.1122623229240425, 0.7250017881393432], [0.0, 0.0, 0.0, 1.0]], [0, 3, [-0.0028065580731010628, 0.07858362604682975, 0.7250017881393432], [0.0, 0.0, 0.0, 1.0]], [2, null, null, null], [0, 4, [0.0028065580731010628, 0.26100990079839886, 0.7250017881393432], [0.0, 0.0, 0.0, 1.0]], [2, null, null, null]], "scene_graph": {"left": [[3, 2], [4, 3]], "right": [[2, 3], [3, 4]], "front": [], "behind": [], "on": [], "under": [], "leftbehind": [], "leftfront": [], "rightbehind": [], "rightfront": []}}