{"objects": {"4": ["teapot", "medium"], "3": ["cup", "medium"], "2": ["remote", "medium"]}, "action_order": [[0, 4, [0.10103609063163826, -0.17681315860536698, 0.7250017881393432], [0.0, -0.0, -0.7071067811865476, -0.7071067811865475]], [0, 3, [0.11506888099714357, 0.050518045315819125, 0.7250017881393432], [0.0, 0.0, 0.0, 1.0]], [1, 3, [0.08506888099714358, 0.050518045315819125, 0.8], [0.0, 0.0, 0.0, 1.0]], [1, 3, [0.08506888099714358, 0.050518045315819125, 0.8], [0.0, 0.0, 0.0, 1.0]], [1, 3, [0.08506888099714358, 0.08051804531581913, 0.8], [0.0, 0.0, 0.0, 1.0]], [1, 3, [0.08506888099714358, 0.05051804531581913, 0.8], [0.0, 0.0, 0.0, 1.0]], [2, null, null, null], [0, 2, [-0.05051804531581913, -0.08980985833923401, 0.7250017881393432], [0.0, 0.0, -0.7071067811865475, 0.7071067811865476]], [2, null, null, null]], "scene_graph": {"left": [[3, 4]], "right": [[4, 3]], "front": [[2, 4], [2, 3]], "behind": [[4, 2], [3, 2]], "on": [], "under": [], "leftbehind": [], "leftfront": [], "rightbehind": [], "rightfront": []}}