{"objects": {"4": ["teapot", "medium"], "3": ["cup", "medium"], "2": ["remote", "medium"]}, "action_order": [[0, 4, [0.008419674219303189, -0.1122623229240425, 0.7250017881393432], [0.0, 0.0, 0.0, 1.0]], [0, 3, [-0.0028065580731010628, 0.07858362604682975, 0.7250017881393432], [0.0, 0.0, 0.0, 1.0]], [0, 2, [0.1655869263129627, -0.025259022657909563, 0.7250017881393432], [0.0, 0.0, -0.7071067811865475, 0.7071067811865476]], [2, null, null, null]], "scene_graph": {"left": [[3, 4]], "right": [[4, 3]], "front": [[4, 2], [3, 2]], "behind": [[2, 4], [2, 3]], "on": [], "under": [], "leftbehind": [], "leftfront": [], "rightbehind": [], "rightfront": []}}