{"objects": {"2": ["teapot", "medium"], "4": ["cup", "medium"], "3": ["cup", "medium"], "5": ["remote", "medium"]}, "action_order": [[0, 2, [-0.07016395182752658, -0.13471478750885102, 0.7250017881393432], [0.0, -0.0, -0.7071067811865476, -0.7071067811865475]], [2, null, null, null], [2, null, null, null], [0, 4, [-0.07297050990062763, 0.10103609063163825, 0.7250017881393432], [0.0, 0.0, 0.0, 1.0]], [0, 3, [0.06735739375442551, 0.09261641641233508, 0.7250017881393432], [0.0, 0.0, 0.0, 1.0]], [0, 5, [0.2189115297018829, -0.044904929169617004, 0.7250017881393432], [0.0, 0.0, -0.7071067811865475, 0.7071067811865476]], [1, 2, [-0.06938993251820039, -0.10439762463110291, 0.8], [0.0, 0.0, 0.0, 1.0]], [1, 2, [-0.06938993251820039, -0.07439762463110292, 0.8], [0.0, 0.0, 0.0, 1.0]], [1, 2, [-0.06938993251820039, -0.04439762463110292, 0.8], [0.0, 0.0, 0.0, 1.0]], [1, 2, [-0.06938993251820039, -0.07439762463110292, 0.8], [0.0, 0.0, 0.0, 1.0]], [1, 2, [-0.06938993251820039, -0.10439762463110291, 0.8], [0.0, 0.0, 0.0, 1.0]], [1, 2, [-0.06938993251820039, -0.1343976246311029, 0.8], [0.0, 0.0, 0.0, 1.0]], [1, 2, [-0.03938993251820039, -0.1343976246311029, 0.8], [0.0, 0.0, 0.0, 1.0]], [1, 2, [-0.009389932518200389, -0.1343976246311029, 0.8], [0.0, 0.0, 0.0, 1.0]], [1, 2, [0.02061006748179961, -0.1343976246311029, 0.8], [0.0, 0.0, 0.0, 1.0]], [2, null, null, null], [1, 4, [-0.07258141892761544, 0.07104897910057062, 0.8], [0.0, 0.0, 0.0, 1.0]], [2, null, null, null]], "scene_graph": {"left": [[4, 2], [3, 2]], "right": [[2, 3], [2, 4]], "front": [[2, 5], [4, 3], [3, 5]], "behind": [[3, 4], [5, 3], [5, 2]], "on": [], "under": [], "leftbehind": [], "leftfront": [], "rightbehind": [], "rightfront": []}}