{"objects": {"5": ["teapot", "medium"], "4": ["cup", "medium"], "3": ["cup", "medium"], "2": ["remote", "medium"]}, "action_order": [[0, 5, [-0.07016395182752658, -0.13471478750885102, 0.7250017881393432], [0.0, -0.0, -0.7071067811865476, -0.7071067811865475]], [0, 4, [0.10945576485094145, -0.23013776199428715, 0.7250017881393432], [0.0, 0.0, 0.0, 1.0]], [0, 3, [0.12629511328954784, -0.06735739375442551, 0.7250017881393432], [0.0, 0.0, 0.0, 1.0]], [0, 2, [0.016839348438606377, 0.12348855521644676, 0.7250017881393432], [0.0, 0.0, 0.0, 1.0]], [1, 3, [0.09629511328954785, -0.06735739375442551, 0.8], [0.0, 0.0, 0.0, 1.0]], [2, null, null, null], [1, 2, [0.01683042903371553, 0.09347328675076491, 0.780548405542038], [0.0, 0.0, 0.0, 1.0]], [2, null, null, null]], "scene_graph": {"left": [[3, 4], [2, 3], [2, 5]], "right": [[5, 2], [4, 3], [3, 2]], "front": [[5, 3], [5, 4]], "behind": [[4, 5], [3, 5]], "on": [], "under": [], "leftbehind": [], "leftfront": [], "rightbehind": [], "rightfront": []}}