{"objects": {"2": ["cup", "medium"], "5": ["cup", "medium"], "4": ["teapot", "medium"], "3": ["remote", "medium"]}, "action_order": [[0, 2, [-0.05893771953512232, -0.011226232292404251, 0.7250017881393432], [0.0, 0.0, 0.0, 1.0]], [0, 5, [0.08980985833923401, -0.033678696877212755, 0.7250017881393432], [0.0, 0.0, 0.0, 1.0]], [0, 4, [0.014032790365505313, 0.14594101980125526, 0.7250017881393432], [0.0, 0.0, 0.0, 1.0]], [1, 5, [0.08980985833923401, -0.003678696877212756, 0.8], [0.0, 0.0, 0.0, 1.0]], [1, 5, [0.08980985833923401, -0.003678696877212756, 0.8], [0.0, 0.0, 0.0, 1.0]], [1, 5, [0.08980985833923401, -0.003678696877212756, 0.8], [0.0, 0.0, 0.0, 1.0]], [2, null, null, null], [2, null, null, null], [0, 3, [0.016839348438606377, -0.19645906511707442, 0.7250017881393432], [0.0, 0.0, 0.0, 1.0]], [2, null, null, null]], "scene_graph": {"left": [[2, 3], [5, 3], [4, 5], [4, 2]], "right": [[2, 4], [5, 4], [3, 2], [3, 5]], "front": [[2, 5]], "behind": [[5, 2]], "on": [], "under": [], "leftbehind": [], "leftfront": [], "rightbehind": [], "rightfront": []}}