{"objects": {"3": ["cup", "medium"], "4": ["cup", "medium"], "5": ["remote", "medium"], "2": ["teapot", "medium"]}, "action_order": [[0, 3, [-0.05893771953512232, -0.011226232292404251, 0.7250017881393432], [0.0, 0.0, 0.0, 1.0]], [0, 4, [0.08980985833923401, -0.033678696877212755, 0.7250017881393432], [0.0, 0.0, 0.0, 1.0]], [1, 4, [0.08980985833923401, -0.003678696877212756, 0.8], [0.0, 0.0, 0.0, 1.0]], [1, 4, [0.08980985833923401, -0.003678696877212756, 0.8], [0.0, 0.0, 0.0, 1.0]], [1, 4, [0.08980985833923401, -0.003678696877212756, 0.8], [0.0, 0.0, 0.0, 1.0]], [2, null, null, null], [2, null, null, null], [2, null, null, null], [0, 5, [0.016839348438606377, 0.16278036823986164, 0.7250017881393432], [0.0, 0.0, 0.0, 1.0]], [0, 2, [0.022452464584808502, -0.2020721812632765, 0.7250017881393432], [0.0, 0.0, 0.0, 1.0]], [2, null, null, null]], "scene_graph": {"left": [[3, 2], [4, 2], [5, 4], [5, 3]], "right": [[3, 5], [4, 5], [2, 3], [2, 4]], "front": [[3, 4]], "behind": [[4, 3]], "on": [], "under": [], "leftbehind": [], "leftfront": [], "rightbehind": [], "rightfront": []}}