{"objects": {"5": ["teapot", "medium"], "4": ["cup", "medium"], "3": ["cup", "medium"], "2": ["remote", "medium"]}, "action_order": [[0, 5, [-0.05613116146202125, -0.224524645848085, 0.7250017881393432], [0.0, -0.0, -0.7071067811865476, -0.7071067811865475]], [0, 4, [-0.036485254950313815, -0.033678696877212755, 0.7250017881393432], [0.0, 0.0, 0.0, 1.0]], [0, 3, [-0.05613116146202125, 0.14874757787435636, 0.7250017881393432], [0.0, 0.0, 0.0, 1.0]], [0, 2, [0.1066492067778404, -0.06174427760822338, 0.7250017881393432], [0.0, -0.0, -0.7071067811865476, -0.7071067811865475]], [2, null, null, null], [1, 3, [-0.027699208792472223, 0.1489162064947718, 0.8], [0.0, 0.0, 0.0, 1.0]], [2, null, null, null], [2, null, null, null]], "scene_graph": {"left": [[4, 5], [3, 4]], "right": [[5, 4], [4, 3]], "front": [[5, 2], [4, 2]], "behind": [[2, 4], [2, 5]], "on": [], "under": [], "leftbehind": [], "leftfront": [[3, 2]], "rightbehind": [[2, 3]], "rightfront": []}}