{"objects": {"2": ["book", "medium"], "5": ["remote", "medium"], "4": ["teapot", "medium"], "3": ["cup", "medium"]}, "action_order": [[2, null, null, null], [2, null, null, null], [2, null, null, null], [2, null, null, null], [0, 2, [0.12910167136264888, 0.18242627475156906, 0.7250017881393432], [0.0, 0.0, 0.0, 1.0]], [0, 5, [0.14594101980125526, -0.022452464584808502, 0.7250017881393432], [0.0, 0.0, 0.0, 1.0]], [0, 4, [0.03087213880411169, -0.21891152970188293, 0.7250017881393432], [0.0, 0.0, 0.0, 1.0]], [0, 3, [0.28346236538320735, -0.26100990079839886, 0.7250017881393432], [0.0, 0.0, 0.0, 1.0]], [2, null, null, null], [1, 3, [0.2840371965616484, -0.23218442387533358, 0.8], [0.0, 0.0, 0.0, 1.0]], [1, 3, [0.2840371965616484, -0.20218442387533359, 0.8], [0.0, 0.0, 0.0, 1.0]], [1, 3, [0.25403719656164836, -0.20218442387533359, 0.8], [0.0, 0.0, 0.0, 1.0]], [1, 3, [0.22403719656164836, -0.20218442387533359, 0.8], [0.0, 0.0, 0.0, 1.0]], [2, null, null, null]], "scene_graph": {"left": [[2, 5], [5, 3], [5, 4]], "right": [[5, 2], [4, 5], [3, 5]], "front": [[4, 3]], "behind": [[3, 4]], "on": [], "under": [], "leftbehind": [], "leftfront": [], "rightbehind": [], "rightfront": []}}