{"objects": {"5": ["teapot", "medium"], "4": ["cup", "medium"], "3": ["book", "medium"], "2": ["remote", "medium"]}, "action_order": [[0, 5, [0.05051804531581913, 0.1431344617281542, 0.7250017881393432], [0.0, 0.0, 0.0, 1.0]], [0, 4, [0.23294432006738822, 0.13471478750885102, 0.7250017881393432], [0.0, 0.0, 0.0, 1.0]], [0, 3, [0.18803939089777122, -0.036485254950313815, 0.7250017881393432], [0.0, 0.0, 0.0, 1.0]], [1, 3, [0.18803939089777122, -0.06648525495031382, 0.8], [0.0, 0.0, 0.0, 1.0]], [1, 3, [0.15803939089777122, -0.06648525495031382, 0.8], [0.0, 0.0, 0.0, 1.0]], [1, 3, [0.15803939089777122, -0.09648525495031382, 0.8], [0.0, 0.0, 0.0, 1.0]], [1, 3, [0.12803939089777122, -0.09648525495031382, 0.8], [0.0, 0.0, 0.0, 1.0]], [1, 3, [0.12803939089777122, -0.09648525495031382, 0.8], [0.0, 0.0, 0.0, 1.0]], [2, null, null, null], [2, null, null, null], [2, null, null, null], [0, 2, [-0.13190822943574995, 0.042098371096515944, 0.7250017881393432], [0.0, 0.0, 0.0, 1.0]], [1, 2, [-0.13190822943574995, 0.042098371096515944, 0.8], [0.0, 0.0, 0.25881904510252074, 0.9659258262890683]], [1, 2, [-0.13190822943574995, 0.042098371096515944, 0.8], [0.0, 0.0, 0.25881904510252074, 0.9659258262890683]], [1, 2, [-0.13190822943574995, 0.042098371096515944, 0.8], [0.0, 0.0, 0.25881904510252074, 0.9659258262890683]], [2, null, null, null]], "scene_graph": {"left": [[5, 3], [4, 3]], "right": [[3, 5], [3, 4]], "front": [[5, 4], [2, 3], [2, 5]], "behind": [[5, 2], [4, 5], [3, 2]], "on": [], "under": [], "leftbehind": [], "leftfront": [], "rightbehind": [], "rightfront": []}}