{"objects": {"2": ["teapot", "medium"], "3": ["cup", "medium"], "4": ["book", "medium"], "5": ["remote", "medium"]}, "action_order": [[0, 2, [0.05051804531581913, 0.1431344617281542, 0.7250017881393432], [0.0, 0.0, 0.0, 1.0]], [0, 3, [0.23294432006738822, 0.13471478750885102, 0.7250017881393432], [0.0, 0.0, 0.0, 1.0]], [0, 4, [0.18803939089777122, -0.036485254950313815, 0.7250017881393432], [0.0, 0.0, 0.0, 1.0]], [1, 4, [0.18803939089777122, -0.06648525495031382, 0.8], [0.0, 0.0, 0.0, 1.0]], [1, 4, [0.15803939089777122, -0.06648525495031382, 0.8], [0.0, 0.0, 0.0, 1.0]], [1, 4, [0.15803939089777122, -0.09648525495031382, 0.8], [0.0, 0.0, 0.0, 1.0]], [1, 4, [0.12803939089777122, -0.09648525495031382, 0.8], [0.0, 0.0, 0.0, 1.0]], [1, 4, [0.12803939089777122, -0.09648525495031382, 0.8], [0.0, 0.0, 0.0, 1.0]], [2, null, null, null], [2, null, null, null], [0, 5, [0.10650334027465994, -0.08786525572659445, 0.7698886156082153], [0.0, 0.0, 0.0, 1.0]], [2, null, null, null]], "scene_graph": {"left": [[2, 4], [2, 5], [3, 4], [3, 5]], "right": [[4, 2], [5, 2], [4, 3], [5, 3]], "front": [[2, 3]], "behind": [[3, 2]], "on": [[4, 5]], "under": [[5, 4]], "leftbehind": [], "leftfront": [], "rightbehind": [], "rightfront": []}}