{"objects": {"5": ["teapot", "medium"], "4": ["cup", "medium"], "3": ["book", "medium"], "2": ["remote", "medium"]}, "action_order": [[0, 5, [0.05051804531581913, 0.1431344617281542, 0.7250017881393432], [0.0, 0.0, 0.0, 1.0]], [0, 4, [0.23294432006738822, 0.13471478750885102, 0.7250017881393432], [0.0, 0.0, 0.0, 1.0]], [0, 3, [0.18803939089777122, -0.036485254950313815, 0.7250017881393432], [0.0, 0.0, 0.0, 1.0]], [1, 3, [0.18803939089777122, -0.06648525495031382, 0.8], [0.0, 0.0, 0.0, 1.0]], [1, 3, [0.15803939089777122, -0.06648525495031382, 0.8], [0.0, 0.0, 0.0, 1.0]], [1, 3, [0.15803939089777122, -0.09648525495031382, 0.8], [0.0, 0.0, 0.0, 1.0]], [1, 3, [0.12803939089777122, -0.09648525495031382, 0.8], [0.0, 0.0, 0.0, 1.0]], [1, 3, [0.12803939089777122, -0.09648525495031382, 0.8], [0.0, 0.0, 0.0, 1.0]], [2, null, null, null], [0, 2, [0.12910167136264888, -0.3087213880411169, 0.7250017881393432], [0.0, 0.0, 0.0, 1.0]], [2, null, null, null]], "scene_graph": {"left": [[5, 3], [4, 3], [3, 2]], "right": [[3, 5], [3, 4], [2, 3]], "front": [[5, 4]], "behind": [[4, 5]], "on": [], "under": [], "leftbehind": [], "leftfront": [], "rightbehind": [], "rightfront": []}}