{"objects": {"2": ["book", "medium"], "6": ["cup", "medium"], "4": ["cup", "medium"], "3": ["teapot", "medium"], "5": ["remote", "medium"]}, "action_order": [[0, 2, [0.061744277608223375, -0.0224524645848085, 0.7250017881393432], [0.0, 0.0, 0.0, 1.0]], [2, null, null, null], [0, 6, [0.15436069402055844, 0.17400660053226588, 0.7250017881393432], [0.0, 0.0, 0.0, 1.0]], [2, null, null, null], [2, null, null, null], [2, null, null, null], [2, null, null, null], [0, 4, [0.0, 0.17681315860536695, 0.7250017881393432], [0.0, 0.0, 0.0, 1.0]], [0, 3, [0.07577706797372868, 0.35081975913763286, 0.7250017881393432], [0.0, 0.0, 0.0, 1.0]], [2, null, null, null], [0, 5, [0.04779372149798828, -0.01327603374944119, 0.7721884608268738], [0.0, 0.0, 0.0, 1.0]], [2, null, null, null]], "scene_graph": {"left": [[6, 2], [4, 2], [3, 4], [3, 6], [6, 5]], "right": [[2, 6], [6, 3], [4, 3], [5, 6], [2, 4]], "front": [[4, 6]], "behind": [[6, 4]], "on": [[2, 5]], "under": [[5, 2]], "leftbehind": [], "leftfront": [], "rightbehind": [], "rightfront": []}}