{"objects": {"6": ["book", "medium"], "5": ["teapot", "medium"], "4": ["cup", "medium"], "3": ["cup", "medium"], "2": ["remote", "medium"]}, "action_order": [[0, 6, [0.06455083568132444, 0.0028065580731010623, 0.7250017881393432], [0.0, 0.0, 0.0, 1.0]], [0, 5, [-0.025259022657909563, -0.23294432006738816, 0.7250017881393432], [0.0, 0.0, 0.0, 1.0]], [0, 4, [0.18242627475156906, -0.3536263172107339, 0.7250017881393432], [0.0, 0.0, 0.0, 1.0]], [0, 3, [0.2020721812632765, -0.20768529740947864, 0.7250017881393432], [0.0, 0.0, 0.0, 1.0]], [2, null, null, null], [0, 2, [0.06124078378549859, 0.007987928319847643, 0.7698701381683349], [0.0, 0.0, 0.0, 1.0]], [2, null, null, null]], "scene_graph": {"left": [[6, 5], [3, 4], [2, 5], [6, 3]], "right": [[5, 6], [4, 3], [3, 6], [5, 2]], "front": [[5, 3], [5, 4]], "behind": [[4, 5], [3, 5]], "on": [[6, 2]], "under": [[2, 6]], "leftbehind": [], "leftfront": [], "rightbehind": [], "rightfront": []}}