{"objects": {"6": ["book", "medium"], "5": ["cup", "medium"], "2": ["cup", "medium"], "4": ["teapot", "medium"], "3": ["remote", "medium"]}, "action_order": [[0, 6, [0.061744277608223375, -0.0224524645848085, 0.7250017881393432], [0.0, 0.0, 0.0, 1.0]], [2, null, null, null], [2, null, null, null], [2, null, null, null], [2, null, null, null], [2, null, null, null], [2, null, null, null], [2, null, null, null], [2, null, null, null], [2, null, null, null], [2, null, null, null], [0, 5, [-0.03367869687721275, 0.32556073647972317, 0.7250017881393432], [0.0, 0.0, 0.0, 1.0]], [0, 2, [0.14032790365505313, 0.3311738526259253, 0.7250017881393432], [0.0, 0.0, 0.0, 1.0]], [2, null, null, null], [0, 4, [0.05893771953512231, 0.18803939089777116, 0.7250017881393432], [0.0, 0.0, 0.0, 1.0]], [2, null, null, null], [0, 3, [0.06455083568132444, -0.20768529740947864, 0.7250017881393432], [0.0, 0.0, 0.0, 1.0]], [2, null, null, null]], "scene_graph": {"left": [[6, 3], [5, 4], [2, 4], [4, 6]], "right": [[6, 4], [4, 2], [4, 5], [3, 6]], "front": [[5, 2]], "behind": [[2, 5]], "on": [], "under": [], "leftbehind": [], "leftfront": [], "rightbehind": [], "rightfront": []}}