{"objects": {"2": ["book", "medium"], "6": ["cup", "medium"], "3": ["cup", "medium"], "4": ["teapot", "medium"], "5": ["remote", "medium"]}, "action_order": [[0, 2, [0.06455083568132444, 0.0028065580731010623, 0.7250017881393432], [0.0, 0.0, 0.0, 1.0]], [0, 6, [0.2020721812632765, -0.20768529740947864, 0.7250017881393432], [0.0, 0.0, 0.0, 1.0]], [2, null, null, null], [2, null, null, null], [2, null, null, null], [2, null, null, null], [0, 3, [0.044904929169617, -0.2469771104328935, 0.7250017881393432], [0.0, 0.0, 0.0, 1.0]], [0, 4, [0.11226232292404249, -0.4265968271113615, 0.7250017881393432], [0.0, 0.0, 0.0, 1.0]], [2, null, null, null], [1, 3, [0.04472934366846717, -0.2169336065254758, 0.8], [0.0, 0.0, 0.0, 1.0]], [1, 3, [0.04472934366846717, -0.1869336065254758, 0.8], [0.0, 0.0, 0.0, 1.0]], [2, null, null, null], [0, 5, [0.06076036486390762, -0.00792526498224882, 0.776382303237915], [0.0, 0.0, 0.0, 1.0]], [2, null, null, null]], "scene_graph": {"left": [[2, 3], [6, 4], [5, 3], [2, 6], [3, 4]], "right": [[6, 2], [3, 2], [3, 5], [4, 6], [4, 3]], "front": [[3, 6]], "behind": [[6, 3]], "on": [[2, 5]], "under": [[5, 2]], "leftbehind": [], "leftfront": [], "rightbehind": [], "rightfront": []}}