{"objects": {"6": ["book", "medium"], "5": ["teapot", "medium"], "4": ["cup", "medium"], "3": ["cup", "medium"], "2": ["remote", "medium"]}, "action_order": [[0, 6, [0.061744277608223375, -0.0224524645848085, 0.7250017881393432], [0.0, 0.0, 0.0, 1.0]], [2, null, null, null], [0, 5, [-0.016839348438606374, 0.2469771104328935, 0.7250017881393432], [0.0, 0.0, 0.0, 1.0]], [0, 4, [0.15436069402055844, 0.17400660053226588, 0.7250017881393432], [0.0, 0.0, 0.0, 1.0]], [0, 3, [0.17400660053226588, 0.3452066429914306, 0.7250017881393432], [0.0, 0.0, 0.0, 1.0]], [2, null, null, null], [2, null, null, null], [2, null, null, null], [0, 2, [-0.17120004245916481, -0.0224524645848085, 0.7250017881393432], [0.0, 0.0, 0.0, 1.0]], [1, 2, [-0.17120004245916481, -0.0224524645848085, 0.8], [0.0, 0.0, -0.25881904510252074, 0.9659258262890683]], [1, 2, [-0.17120004245916481, -0.0224524645848085, 0.8], [0.0, 0.0, -0.25881904510252074, 0.9659258262890683]], [1, 2, [-0.17120004245916481, -0.0224524645848085, 0.8], [0.0, 0.0, -0.25881904510252074, 0.9659258262890683]], [2, null, null, null]], "scene_graph": {"left": [[5, 6], [4, 6], [3, 4]], "right": [[6, 4], [6, 5], [4, 3]], "front": [[5, 4], [5, 3], [2, 6]], "behind": [[6, 2], [4, 5], [3, 5]], "on": [], "under": [], "leftbehind": [[5, 2], [4, 2]], "leftfront": [], "rightbehind": [], "rightfront": [[2, 5], [2, 4]]}}