{"objects": {"6": ["book", "medium"], "5": ["teapot", "medium"], "4": ["cup", "medium"], "3": ["cup", "medium"], "2": ["remote", "medium"]}, "action_order": [[0, 6, [0.06455083568132444, 0.0028065580731010623, 0.7250017881393432], [0.0, 0.0, 0.0, 1.0]], [0, 5, [-0.025259022657909563, -0.23294432006738816, 0.7250017881393432], [0.0, 0.0, 0.0, 1.0]], [0, 4, [0.18242627475156906, -0.3536263172107339, 0.7250017881393432], [0.0, 0.0, 0.0, 1.0]], [0, 3, [0.2020721812632765, -0.20768529740947864, 0.7250017881393432], [0.0, 0.0, 0.0, 1.0]], [2, null, null, null], [2, null, null, null], [2, null, null, null], [0, 2, [-0.17400660053226588, 0.008419674219303187, 0.7250017881393432], [0.0, 0.0, -0.7071067811865475, 0.7071067811865476]], [2, null, null, null]], "scene_graph": {"left": [[6, 3], [6, 5], [3, 4]], "right": [[5, 6], [4, 3], [3, 6]], "front": [[5, 3], [5, 4], [2, 6]], "behind": [[6, 2], [4, 5], [3, 5]], "on": [], "under": [], "leftbehind": [], "leftfront": [[2, 5]], "rightbehind": [[5, 2]], "rightfront": []}}