{"objects": {"5": ["book", "medium"], "3": ["cup", "medium"], "4": ["cup", "medium"], "6": ["teapot", "medium"], "2": ["remote", "medium"]}, "action_order": [[0, 5, [0.061744277608223375, -0.0224524645848085, 0.7250017881393432], [0.0, 0.0, 0.0, 1.0]], [2, null, null, null], [0, 3, [0.15436069402055844, 0.17400660053226588, 0.7250017881393432], [0.0, 0.0, 0.0, 1.0]], [2, null, null, null], [2, null, null, null], [2, null, null, null], [2, null, null, null], [0, 4, [0.0, 0.17681315860536695, 0.7250017881393432], [0.0, 0.0, 0.0, 1.0]], [0, 6, [0.07577706797372868, 0.35081975913763286, 0.7250017881393432], [0.0, 0.0, 0.0, 1.0]], [2, null, null, null], [2, null, null, null], [0, 2, [0.05893771953512231, -0.2020721812632765, 0.7250017881393432], [0.0, 0.0, 0.0, 1.0]], [2, null, null, null]], "scene_graph": {"left": [[5, 2], [3, 5], [4, 5], [6, 4], [6, 3]], "right": [[5, 4], [5, 3], [3, 6], [4, 6], [2, 5]], "front": [[4, 3]], "behind": [[3, 4]], "on": [], "under": [], "leftbehind": [], "leftfront": [], "rightbehind": [], "rightfront": []}}