{"objects": {"2": ["book", "medium"], "3": ["teapot", "medium"], "4": ["cup", "medium"], "5": ["cup", "medium"], "6": ["remote", "medium"]}, "action_order": [[0, 2, [0.06455083568132444, 0.0028065580731010623, 0.7250017881393432], [0.0, 0.0, 0.0, 1.0]], [0, 3, [-0.025259022657909563, -0.23294432006738816, 0.7250017881393432], [0.0, 0.0, 0.0, 1.0]], [0, 4, [0.18242627475156906, -0.3536263172107339, 0.7250017881393432], [0.0, 0.0, 0.0, 1.0]], [0, 5, [0.2020721812632765, -0.20768529740947864, 0.7250017881393432], [0.0, 0.0, 0.0, 1.0]], [2, null, null, null], [2, null, null, null], [0, 6, [0.08419674219303187, 0.17681315860536695, 0.7250017881393432], [0.0, 0.0, 0.0, 1.0]], [2, null, null, null]], "scene_graph": {"left": [[2, 5], [2, 3], [5, 4], [6, 2]], "right": [[2, 6], [3, 2], [4, 5], [5, 2]], "front": [[3, 5], [3, 4]], "behind": [[4, 3], [5, 3]], "on": [], "under": [], "leftbehind": [], "leftfront": [], "rightbehind": [], "rightfront": []}}