{"objects": {"5": ["book", "medium"], "3": ["cup", "medium"], "2": ["remote", "medium"], "4": ["cup", "medium"], "6": ["teapot", "medium"]}, "action_order": [[0, 5, [0.061744277608223375, -0.0224524645848085, 0.7250017881393432], [0.0, 0.0, 0.0, 1.0]], [2, null, null, null], [0, 3, [0.15436069402055844, 0.17400660053226588, 0.7250017881393432], [0.0, 0.0, 0.0, 1.0]], [2, null, null, null], [2, null, null, null], [2, null, null, null], [0, 2, [-0.17120004245916481, -0.0224524645848085, 0.7250017881393432], [0.0, 0.0, 0.0, 1.0]], [1, 2, [-0.17120004245916481, -0.0224524645848085, 0.8], [0.0, 0.0, -0.25881904510252074, 0.9659258262890683]], [1, 2, [-0.17120004245916481, -0.0224524645848085, 0.8], [0.0, 0.0, -0.25881904510252074, 0.9659258262890683]], [1, 2, [-0.17120004245916481, -0.0224524645848085, 0.8], [0.0, 0.0, -0.25881904510252074, 0.9659258262890683]], [2, null, null, null], [0, 4, [0.0, 0.17681315860536695, 0.7250017881393432], [0.0, 0.0, 0.0, 1.0]], [0, 6, [0.07577706797372868, 0.35081975913763286, 0.7250017881393432], [0.0, 0.0, 0.0, 1.0]], [2, null, null, null]], "scene_graph": {"left": [[3, 5], [4, 5], [6, 3], [6, 4]], "right": [[5, 3], [5, 4], [3, 6], [4, 6]], "front": [[2, 5], [2, 3], [4, 3]], "behind": [[5, 2], [3, 4], [3, 2]], "on": [], "under": [], "leftbehind": [[4, 2]], "leftfront": [], "rightbehind": [], "rightfront": [[2, 4]]}}