{"objects": {"5": ["book", "medium"], "3": ["cup", "medium"], "4": ["cup", "medium"], "2": ["remote", "medium"], "6": ["teapot", "medium"]}, "action_order": [[0, 5, [0.061744277608223375, -0.0224524645848085, 0.7250017881393432], [0.0, 0.0, 0.0, 1.0]], [2, null, null, null], [0, 3, [0.15436069402055844, 0.17400660053226588, 0.7250017881393432], [0.0, 0.0, 0.0, 1.0]], [2, null, null, null], [2, null, null, null], [2, null, null, null], [2, null, null, null], [0, 4, [0.0, 0.17681315860536695, 0.7250017881393432], [0.0, 0.0, 0.0, 1.0]], [2, null, null, null], [2, null, null, null], [2, null, null, null], [0, 2, [0.055759341747652985, -0.0212416539991059, 0.7721884608268738], [0.0, 0.0, 0.0, 1.0]], [2, null, null, null], [0, 6, [0.05893771953512231, -0.269429575017702, 0.7250017881393432], [0.0, 0.0, 0.0, 1.0]], [2, null, null, null]], "scene_graph": {"left": [[3, 5], [3, 2], [4, 5], [4, 2], [5, 6], [2, 6]], "right": [[5, 4], [2, 4], [6, 5], [6, 2], [5, 3], [2, 3]], "front": [[4, 3]], "behind": [[3, 4]], "on": [[5, 2]], "under": [[2, 5]], "leftbehind": [], "leftfront": [], "rightbehind": [], "rightfront": []}}