{"objects": {"6": ["book", "medium"], "2": ["cup", "medium"], "3": ["cup", "medium"], "5": ["teapot", "medium"], "4": ["remote", "medium"]}, "action_order": [[0, 6, [0.06455083568132444, 0.0028065580731010623, 0.7250017881393432], [0.0, 0.0, 0.0, 1.0]], [0, 2, [0.2020721812632765, -0.20768529740947864, 0.7250017881393432], [0.0, 0.0, 0.0, 1.0]], [2, null, null, null], [2, null, null, null], [2, null, null, null], [2, null, null, null], [0, 3, [0.044904929169617, -0.2469771104328935, 0.7250017881393432], [0.0, 0.0, 0.0, 1.0]], [2, null, null, null], [1, 3, [0.04472934366846717, -0.2169336065254758, 0.8], [0.0, 0.0, 0.0, 1.0]], [1, 3, [0.04472934366846717, -0.1869336065254758, 0.8], [0.0, 0.0, 0.0, 1.0]], [2, null, null, null], [2, null, null, null], [2, null, null, null], [0, 5, [-0.17681315860536692, -0.224524645848085, 0.7250017881393432], [0.0, 0.0, 0.0, 1.0]], [2, null, null, null], [2, null, null, null], [0, 4, [-0.19926562319017543, 0.008419674219303187, 0.7250017881393432], [0.0, 0.0, -0.7071067811865475, 0.7071067811865476]], [2, null, null, null]], "scene_graph": {"left": [[6, 3], [6, 2], [4, 5], [6, 5]], "right": [[2, 6], [3, 6], [5, 4], [5, 6]], "front": [[3, 2], [5, 3], [4, 6], [4, 3]], "behind": [[6, 4], [2, 3], [3, 5], [3, 4]], "on": [], "under": [], "leftbehind": [], "leftfront": [], "rightbehind": [], "rightfront": []}}