{"objects": {"5": ["book", "medium"], "4": ["cup", "medium"], "2": ["remote", "medium"], "3": ["cup", "medium"], "6": ["teapot", "medium"]}, "action_order": [[0, 5, [0.06455083568132444, 0.0028065580731010623, 0.7250017881393432], [0.0, 0.0, 0.0, 1.0]], [0, 4, [0.2020721812632765, -0.20768529740947864, 0.7250017881393432], [0.0, 0.0, 0.0, 1.0]], [2, null, null, null], [2, null, null, null], [2, null, null, null], [0, 2, [-0.17400660053226588, 0.008419674219303187, 0.7250017881393432], [0.0, 0.0, -0.7071067811865475, 0.7071067811865476]], [2, null, null, null], [0, 3, [0.044904929169617, -0.2469771104328935, 0.7250017881393432], [0.0, 0.0, 0.0, 1.0]], [0, 6, [0.11226232292404249, -0.4265968271113615, 0.7250017881393432], [0.0, 0.0, 0.0, 1.0]], [2, null, null, null], [1, 3, [0.04472934366846717, -0.2169336065254758, 0.8], [0.0, 0.0, 0.0, 1.0]], [1, 3, [0.04472934366846717, -0.1869336065254758, 0.8], [0.0, 0.0, 0.0, 1.0]], [2, null, null, null]], "scene_graph": {"left": [[5, 3], [5, 4], [4, 6], [3, 6]], "right": [[4, 5], [3, 5], [6, 4], [6, 3]], "front": [[2, 5], [3, 4]], "behind": [[5, 2], [4, 3]], "on": [], "under": [], "leftbehind": [], "leftfront": [[2, 3]], "rightbehind": [[3, 2]], "rightfront": []}}