{"objects": {"2": ["book", "medium"], "3": ["teapot", "medium"], "4": ["cup", "medium"], "5": ["cup", "medium"], "6": ["remote", "medium"]}, "action_order": [[0, 2, [0.061744277608223375, -0.0224524645848085, 0.7250017881393432], [0.0, 0.0, 0.0, 1.0]], [2, null, null, null], [0, 3, [-0.016839348438606374, 0.2469771104328935, 0.7250017881393432], [0.0, 0.0, 0.0, 1.0]], [0, 4, [0.15436069402055844, 0.17400660053226588, 0.7250017881393432], [0.0, 0.0, 0.0, 1.0]], [0, 5, [0.17400660053226588, 0.3452066429914306, 0.7250017881393432], [0.0, 0.0, 0.0, 1.0]], [2, null, null, null], [0, 6, [0.06455083568132444, -0.2104918554825797, 0.7250017881393432], [0.0, 0.0, 0.0, 1.0]], [2, null, null, null], [2, null, null, null]], "scene_graph": {"left": [[2, 6], [3, 2], [4, 2], [5, 4]], "right": [[2, 4], [2, 3], [4, 5], [6, 2]], "front": [[3, 5]], "behind": [[5, 3]], "on": [], "under": [], "leftbehind": [], "leftfront": [[3, 4]], "rightbehind": [[4, 3]], "rightfront": []}}