{"objects": {"6": ["book", "medium"], "5": ["teapot", "medium"], "4": ["cup", "medium"], "3": ["cup", "medium"], "2": ["remote", "medium"]}, "action_order": [[0, 6, [0.061744277608223375, -0.0224524645848085, 0.7250017881393432], [0.0, 0.0, 0.0, 1.0]], [2, null, null, null], [0, 5, [-0.016839348438606374, 0.2469771104328935, 0.7250017881393432], [0.0, 0.0, 0.0, 1.0]], [0, 4, [0.15436069402055844, 0.17400660053226588, 0.7250017881393432], [0.0, 0.0, 0.0, 1.0]], [0, 3, [0.17400660053226588, 0.3452066429914306, 0.7250017881393432], [0.0, 0.0, 0.0, 1.0]], [0, 2, [0.052835359889161465, -0.02377591195012266, 0.7763782501220703], [0.0, 0.0, 0.0, 1.0]], [2, null, null, null]], "scene_graph": {"left": [[5, 6], [4, 6], [3, 4], [4, 2]], "right": [[6, 4], [4, 3], [2, 4], [6, 5]], "front": [[5, 4], [5, 3]], "behind": [[4, 5], [3, 5]], "on": [[6, 2]], "under": [[2, 6]], "leftbehind": [], "leftfront": [], "rightbehind": [], "rightfront": []}}