{"objects": {"3": ["book", "medium"], "6": ["remote", "medium"], "4": ["cup", "medium"], "2": ["cup", "medium"], "5": ["teapot", "medium"]}, "action_order": [[0, 3, [0.061744277608223375, -0.0224524645848085, 0.7250017881393432], [0.0, 0.0, 0.0, 1.0]], [2, null, null, null], [2, null, null, null], [2, null, null, null], [2, null, null, null], [2, null, null, null], [2, null, null, null], [2, null, null, null], [2, null, null, null], [0, 6, [0.055759341747652985, -0.0212416539991059, 0.7721884608268738], [0.0, 0.0, 0.0, 1.0]], [2, null, null, null], [2, null, null, null], [0, 4, [-0.03367869687721275, 0.32556073647972317, 0.7250017881393432], [0.0, 0.0, 0.0, 1.0]], [0, 2, [0.14032790365505313, 0.3311738526259253, 0.7250017881393432], [0.0, 0.0, 0.0, 1.0]], [2, null, null, null], [0, 5, [0.05893771953512231, 0.18803939089777116, 0.7250017881393432], [0.0, 0.0, 0.0, 1.0]], [2, null, null, null]], "scene_graph": {"left": [[4, 3], [2, 5], [5, 3], [5, 6]], "right": [[3, 5], [6, 5], [5, 2], [3, 4]], "front": [[4, 2]], "behind": [[2, 4]], "on": [[3, 6]], "under": [[6, 3]], "leftbehind": [], "leftfront": [[4, 5]], "rightbehind": [[5, 4]], "rightfront": []}}