{"objects": {"4": ["book", "medium"], "5": ["cup", "medium"], "3": ["cup", "medium"], "2": ["teapot", "medium"], "6": ["remote", "medium"]}, "action_order": [[0, 4, [0.06455083568132444, 0.0028065580731010623, 0.7250017881393432], [0.0, 0.0, 0.0, 1.0]], [0, 5, [0.2020721812632765, -0.20768529740947864, 0.7250017881393432], [0.0, 0.0, 0.0, 1.0]], [2, null, null, null], [2, null, null, null], [2, null, null, null], [2, null, null, null], [0, 3, [0.044904929169617, -0.2469771104328935, 0.7250017881393432], [0.0, 0.0, 0.0, 1.0]], [2, null, null, null], [1, 3, [0.04472934366846717, -0.2169336065254758, 0.8], [0.0, 0.0, 0.0, 1.0]], [1, 3, [0.04472934366846717, -0.1869336065254758, 0.8], [0.0, 0.0, 0.0, 1.0]], [2, null, null, null], [2, null, null, null], [2, null, null, null], [0, 2, [-0.17681315860536692, -0.224524645848085, 0.7250017881393432], [0.0, 0.0, 0.0, 1.0]], [2, null, null, null], [0, 6, [0.06638016874720594, -0.0026552067498882377, 0.7721884608268738], [0.0, 0.0, 0.0, 1.0]], [2, null, null, null]], "scene_graph": {"left": [[4, 3], [6, 3], [4, 5], [6, 5], [4, 2]], "right": [[5, 4], [5, 6], [3, 4], [3, 6], [2, 4]], "front": [[3, 5], [2, 3]], "behind": [[5, 3], [3, 2]], "on": [[4, 6]], "under": [[6, 4]], "leftbehind": [[6, 2]], "leftfront": [], "rightbehind": [], "rightfront": [[2, 6]]}}