{"objects": {"6": ["book", "medium"], "2": ["cup", "medium"], "4": ["cup", "medium"], "3": ["remote", "medium"], "5": ["teapot", "medium"]}, "action_order": [[0, 6, [0.061744277608223375, -0.0224524645848085, 0.7250017881393432], [0.0, 0.0, 0.0, 1.0]], [2, null, null, null], [0, 2, [0.15436069402055844, 0.17400660053226588, 0.7250017881393432], [0.0, 0.0, 0.0, 1.0]], [2, null, null, null], [2, null, null, null], [2, null, null, null], [2, null, null, null], [0, 4, [0.0, 0.17681315860536695, 0.7250017881393432], [0.0, 0.0, 0.0, 1.0]], [2, null, null, null], [2, null, null, null], [2, null, null, null], [0, 3, [0.055759341747652985, -0.0212416539991059, 0.7721884608268738], [0.0, 0.0, 0.0, 1.0]], [0, 5, [-0.22171808777498392, 0.16278036823986158, 0.7250017881393432], [0.0, 0.0, 0.0, 1.0]], [2, null, null, null]], "scene_graph": {"left": [[2, 6], [2, 3], [4, 6], [4, 3]], "right": [[6, 4], [3, 4], [6, 2], [3, 2]], "front": [[4, 2], [5, 6], [5, 4]], "behind": [[2, 4], [6, 5], [4, 5]], "on": [[6, 3]], "under": [[3, 6]], "leftbehind": [], "leftfront": [[5, 3]], "rightbehind": [[3, 5]], "rightfront": []}}