{"objects": {"3": ["book", "medium"], "4": ["cup", "medium"], "2": ["cup", "medium"], "5": ["teapot", "medium"], "6": ["remote", "medium"]}, "action_order": [[0, 3, [0.061744277608223375, -0.0224524645848085, 0.7250017881393432], [0.0, 0.0, 0.0, 1.0]], [2, null, null, null], [2, null, null, null], [2, null, null, null], [2, null, null, null], [2, null, null, null], [2, null, null, null], [2, null, null, null], [2, null, null, null], [2, null, null, null], [2, null, null, null], [0, 4, [-0.03367869687721275, 0.32556073647972317, 0.7250017881393432], [0.0, 0.0, 0.0, 1.0]], [0, 2, [0.14032790365505313, 0.3311738526259253, 0.7250017881393432], [0.0, 0.0, 0.0, 1.0]], [2, null, null, null], [0, 5, [0.05893771953512231, 0.18803939089777116, 0.7250017881393432], [0.0, 0.0, 0.0, 1.0]], [2, null, null, null], [2, null, null, null], [0, 6, [-0.1852328328246701, -0.019645906511707435, 0.7250017881393432], [0.0, 0.0, -0.7071067811865475, 0.7071067811865476]], [2, null, null, null]], "scene_graph": {"left": [[4, 3], [2, 5], [5, 3]], "right": [[3, 5], [3, 4], [5, 2]], "front": [[4, 2], [6, 3], [6, 5]], "behind": [[3, 6], [2, 4], [5, 6]], "on": [], "under": [], "leftbehind": [[4, 6]], "leftfront": [[4, 5]], "rightbehind": [[5, 4]], "rightfront": [[6, 4]]}}