{"objects": {"6": ["book", "medium"], "5": ["cup", "medium"], "4": ["can_drink", "medium"], "3": ["bowl", "medium"], "2": ["remote", "medium"]}, "action_order": [[0, 6, [0.11787543907024464, -0.016839348438606377, 0.7250017881393432], [0.0, 0.0, 0.0, 1.0]], [0, 5, [0.14874757787435636, 0.3480132010645318, 0.7250017881393432], [0.0, 0.0, 0.0, 1.0]], [0, 4, [-0.1122623229240425, 0.3676591075762392, 0.7250017881393432], [0.0, 0.0, 0.0, 1.0]], [0, 3, [0.18242627475156908, -0.3985312463803509, 0.7250017881393432], [0.0, 0.0, 0.0, 1.0]], [0, 2, [-0.12910167136264888, -0.46588864013477654, 0.7250017881393432], [0.0, 0.0, 0.0, 1.0]], [1, 2, [-0.12910167136264888, -0.4358886401347766, 0.8], [0.0, 0.0, 0.0, 1.0]], [1, 2, [-0.12910167136264888, -0.40588864013477655, 0.8], [0.0, 0.0, 0.0, 1.0]], [1, 2, [-0.12910167136264888, -0.3758886401347765, 0.8], [0.0, 0.0, 0.0, 1.0]], [1, 2, [-0.12910167136264888, -0.3458886401347765, 0.8], [0.0, 0.0, 0.0, 1.0]], [1, 2, [-0.12910167136264888, -0.3758886401347765, 0.8], [0.0, 0.0, 0.0, 1.0]], [2, null, null, null]], "scene_graph": {"left": [[6, 3], [6, 2], [5, 6]], "right": [[6, 5], [3, 6], [2, 6]], "front": [[4, 5], [2, 3]], "behind": [[5, 4], [3, 2]], "on": [], "under": [], "leftbehind": [], "leftfront": [[4, 6]], "rightbehind": [[6, 4]], "rightfront": []}}