{"objects": {"2": ["book", "medium"], "3": ["remote", "medium"], "4": ["can_drink", "medium"], "5": ["cup", "medium"], "6": ["bowl", "medium"]}, "action_order": [[0, 2, [0.11506888099714357, -0.2862689234563084, 0.7250017881393432], [0.0, 0.0, 0.0, 1.0]], [0, 3, [0.12068199714334571, -0.12068199714334571, 0.7250017881393432], [0.0, 0.0, 0.0, 1.0]], [0, 4, [0.016839348438606377, 0.008419674219303189, 0.7250017881393432], [0.0, 0.0, 0.0, 1.0]], [0, 5, [0.20207218126327653, 0.0, 0.7250017881393432], [0.0, 0.0, 0.0, 1.0]], [2, null, null, null], [1, 5, [0.2047326943720618, 0.02872506560244782, 0.8], [0.0, 0.0, 0.0, 1.0]], [1, 5, [0.1747326943720618, 0.02872506560244782, 0.8], [0.0, 0.0, 0.0, 1.0]], [2, null, null, null], [2, null, null, null], [2, null, null, null], [0, 6, [0.19365250704397335, 0.19645906511707442, 0.7250017881393432], [0.0, 0.0, 0.0, 1.0]], [2, null, null, null], [1, 6, [0.1939115856289218, 0.22674431949563617, 0.8], [0.0, 0.0, 0.0, 1.0]], [1, 6, [0.1639115856289218, 0.22674431949563617, 0.8], [0.0, 0.0, 0.0, 1.0]], [2, null, null, null]], "scene_graph": {"left": [[3, 2], [4, 3], [5, 3], [6, 5]], "right": [[2, 3], [3, 4], [3, 5], [5, 6]], "front": [[4, 5]], "behind": [[5, 4]], "on": [], "under": [], "leftbehind": [[6, 4]], "leftfront": [], "rightbehind": [], "rightfront": [[4, 6]]}}