{"objects": {"2": ["can_drink", "medium"], "6": ["cup", "medium"], "5": ["remote", "medium"], "3": ["book", "medium"], "4": ["bowl", "medium"]}, "action_order": [[0, 2, [0.016839348438606377, 0.008419674219303189, 0.7250017881393432], [0.0, 0.0, 0.0, 1.0]], [0, 6, [0.20207218126327653, 0.0, 0.7250017881393432], [0.0, 0.0, 0.0, 1.0]], [2, null, null, null], [1, 6, [0.2047326943720618, 0.02872506560244782, 0.8], [0.0, 0.0, 0.0, 1.0]], [1, 6, [0.1747326943720618, 0.02872506560244782, 0.8], [0.0, 0.0, 0.0, 1.0]], [2, null, null, null], [2, null, null, null], [2, null, null, null], [2, null, null, null], [2, null, null, null], [2, null, null, null], [0, 5, [0.11506888099714357, 0.17120004245916481, 0.7250017881393432], [0.0, 0.0, 0.0, 1.0]], [2, null, null, null], [0, 3, [0.11506888099714357, -0.1908459489708723, 0.7250017881393432], [0.0, 0.0, 0.0, 1.0]], [2, null, null, null], [0, 4, [0.10118042538473683, -0.18638499412977835, 0.7698701381683349], [0.0, 0.0, 0.0, 1.0]], [2, null, null, null]], "scene_graph": {"left": [[2, 3], [6, 3], [5, 6], [5, 2], [6, 4]], "right": [[2, 5], [6, 5], [3, 6], [4, 6], [3, 2]], "front": [[2, 6]], "behind": [[6, 2]], "on": [[3, 4]], "under": [[4, 3]], "leftbehind": [], "leftfront": [], "rightbehind": [], "rightfront": []}}