{"objects": {"6": ["book", "medium"], "5": ["remote", "medium"], "4": ["can_drink", "medium"], "3": ["cup", "medium"], "2": ["bowl", "medium"]}, "action_order": [[0, 6, [0.11506888099714357, -0.2862689234563084, 0.7250017881393432], [0.0, 0.0, 0.0, 1.0]], [0, 5, [0.12068199714334571, -0.12068199714334571, 0.7250017881393432], [0.0, 0.0, 0.0, 1.0]], [0, 4, [0.016839348438606377, 0.008419674219303189, 0.7250017881393432], [0.0, 0.0, 0.0, 1.0]], [0, 3, [0.20207218126327653, 0.0, 0.7250017881393432], [0.0, 0.0, 0.0, 1.0]], [2, null, null, null], [1, 3, [0.2047326943720618, 0.02872506560244782, 0.8], [0.0, 0.0, 0.0, 1.0]], [1, 3, [0.1747326943720618, 0.02872506560244782, 0.8], [0.0, 0.0, 0.0, 1.0]], [2, null, null, null], [0, 2, [-0.18523283282467015, -0.2918820396025105, 0.7250017881393432], [0.0, 0.0, 0.0, 1.0]], [1, 2, [-0.18523283282467015, -0.26188203960251055, 0.8], [0.0, 0.0, 0.0, 1.0]], [1, 2, [-0.18523283282467015, -0.23188203960251055, 0.8], [0.0, 0.0, 0.0, 1.0]], [1, 2, [-0.15523283282467015, -0.23188203960251055, 0.8], [0.0, 0.0, 0.0, 1.0]], [2, null, null, null], [1, 2, [-0.154972661326496, -0.2615989222832096, 0.8], [0.0, 0.0, 0.0, 1.0]], [1, 2, [-0.184972661326496, -0.2615989222832096, 0.8], [0.0, 0.0, 0.0, 1.0]], [2, null, null, null]], "scene_graph": {"left": [[5, 6], [4, 5], [3, 5]], "right": [[6, 5], [5, 3], [5, 4]], "front": [[4, 3], [2, 6]], "behind": [[6, 2], [3, 4]], "on": [], "under": [], "leftbehind": [[5, 2], [4, 2]], "leftfront": [], "rightbehind": [], "rightfront": [[2, 5], [2, 4]]}}