{"objects": {"5": ["book", "medium"], "6": ["cup", "medium"], "4": ["can_drink", "medium"], "3": ["remote", "medium"], "2": ["bowl", "medium"]}, "action_order": [[0, 5, [0.11787543907024464, -0.016839348438606377, 0.7250017881393432], [0.0, 0.0, 0.0, 1.0]], [2, null, null, null], [2, null, null, null], [2, null, null, null], [1, 5, [0.11787433311515153, -0.016839285617777817, 0.7759842648236676], [0.0, 0.0, 0.25881904510252074, 0.9659258262890683]], [1, 5, [0.11787433311515153, -0.016839285617777817, 0.8], [0.0, 0.0, 0.25881904510252074, 0.9659258262890683]], [1, 5, [0.11787433311515153, -0.016839285617777817, 0.8], [0.0, 0.0, 0.25881904510252074, 0.9659258262890683]], [1, 5, [0.11787433311515153, 0.013160714382222181, 0.8], [0.0, 0.0, 0.0, 1.0]], [1, 5, [0.11787433311515153, 0.04316071438222218, 0.8], [0.0, 0.0, 0.0, 1.0]], [2, null, null, null], [0, 6, [0.16278036823986167, 0.3844984560148456, 0.7250017881393432], [0.0, 0.0, 0.0, 1.0]], [0, 4, [-0.0056131161462021255, 0.4097574786727552, 0.7250017881393432], [0.0, 0.0, 0.0, 1.0]], [2, null, null, null], [1, 4, [-0.005669128499010102, 0.3773576480299684, 0.8], [0.0, 0.0, 0.0, 1.0]], [1, 4, [-0.005669128499010102, 0.3473576480299684, 0.8], [0.0, 0.0, 0.0, 1.0]], [1, 4, [-0.005669128499010102, 0.31735764802996835, 0.8], [0.0, 0.0, 0.0, 1.0]], [1, 4, [-0.0356691284990101, 0.31735764802996835, 0.8], [0.0, 0.0, 0.0, 1.0]], [2, null, null, null], [1, 4, [-0.03565509421565816, 0.34735826770725886, 0.8], [0.0, 0.0, 0.0, 1.0]], [2, null, null, null], [0, 3, [-0.1515541359474574, 0.028065580731010627, 0.7250017881393432], [0.0, 0.0, 0.0, 1.0]], [1, 3, [-0.1515541359474574, 0.028065580731010627, 0.8], [0.0, 0.0, 0.25881904510252074, 0.9659258262890683]], [1, 3, [-0.1515541359474574, 0.028065580731010627, 0.8], [0.0, 0.0, 0.25881904510252074, 0.9659258262890683]], [1, 3, [-0.1515541359474574, 0.028065580731010627, 0.8], [0.0, 0.0, 0.25881904510252074, 0.9659258262890683]], [2, null, null, null], [0, 2, [0.11787543907024464, -0.3480132010645318, 0.7250017881393432], [0.0, 0.0, 0.0, 1.0]], [2, null, null, null]], "scene_graph": {"left": [[6, 5], [4, 5], [5, 2]], "right": [[5, 4], [5, 6], [2, 5]], "front": [[4, 6], [3, 5]], "behind": [[5, 3], [6, 4]], "on": [], "under": [], "leftbehind": [[4, 3]], "leftfront": [[3, 2]], "rightbehind": [[2, 3]], "rightfront": [[3, 4]]}}