{"objects": {"6": ["book", "medium"], "5": ["remote", "medium"], "4": ["can_drink", "medium"], "3": ["cup", "medium"], "2": ["bowl", "medium"]}, "action_order": [[0, 6, [0.11506888099714357, -0.2862689234563084, 0.7250017881393432], [0.0, 0.0, 0.0, 1.0]], [0, 5, [0.12068199714334571, -0.12068199714334571, 0.7250017881393432], [0.0, 0.0, 0.0, 1.0]], [0, 4, [0.016839348438606377, 0.008419674219303189, 0.7250017881393432], [0.0, 0.0, 0.0, 1.0]], [0, 3, [0.20207218126327653, 0.0, 0.7250017881393432], [0.0, 0.0, 0.0, 1.0]], [2, null, null, null], [1, 3, [0.2047326943720618, 0.02872506560244782, 0.8], [0.0, 0.0, 0.0, 1.0]], [1, 3, [0.1747326943720618, 0.02872506560244782, 0.8], [0.0, 0.0, 0.0, 1.0]], [2, null, null, null], [2, null, null, null], [2, null, null, null], [2, null, null, null], [2, null, null, null], [0, 2, [0.10302844476923467, -0.2773842743787087, 0.776382303237915], [0.0, 0.0, 0.0, 1.0]], [2, null, null, null]], "scene_graph": {"left": [[5, 6], [4, 5], [3, 5]], "right": [[6, 5], [5, 3], [5, 4]], "front": [[4, 3]], "behind": [[3, 4]], "on": [[6, 2]], "under": [[2, 6]], "leftbehind": [], "leftfront": [], "rightbehind": [], "rightfront": []}}