{"objects": {"2": ["book", "medium"], "6": ["bowl", "medium"], "5": ["remote", "medium"], "3": ["cup", "medium"], "4": ["can_drink", "medium"]}, "action_order": [[0, 2, [0.11787543907024464, -0.016839348438606377, 0.7250017881393432], [0.0, 0.0, 0.0, 1.0]], [2, null, null, null], [0, 6, [-0.19365250704397335, -0.025259022657909563, 0.7250017881393432], [0.0, 0.0, 0.0, 1.0]], [0, 5, [0.15436069402055846, -0.356432875283835, 0.7250017881393432], [0.0, 0.0, 0.0, 1.0]], [2, null, null, null], [2, null, null, null], [0, 3, [-0.17120004245916487, -0.35362631721073395, 0.7250017881393432], [0.0, 0.0, 0.0, 1.0]], [0, 4, [-0.18523283282467015, 0.314334504187319, 0.7250017881393432], [0.0, 0.0, 0.0, 1.0]], [1, 2, [0.11787433311515153, -0.016839285617777817, 0.7759842648236676], [0.0, 0.0, 0.25881904510252074, 0.9659258262890683]], [1, 2, [0.11787433311515153, -0.016839285617777817, 0.8], [0.0, 0.0, 0.25881904510252074, 0.9659258262890683]], [1, 2, [0.11787433311515153, -0.016839285617777817, 0.8], [0.0, 0.0, 0.25881904510252074, 0.9659258262890683]], [1, 2, [0.11787433311515153, 0.013160714382222181, 0.8], [0.0, 0.0, 0.0, 1.0]], [1, 2, [0.11787433311515153, 0.04316071438222218, 0.8], [0.0, 0.0, 0.0, 1.0]], [2, null, null, null]], "scene_graph": {"left": [[2, 5], [6, 3], [4, 6]], "right": [[6, 4], [5, 2], [3, 6]], "front": [[6, 2], [3, 5]], "behind": [[2, 6], [5, 3]], "on": [], "under": [], "leftbehind": [[2, 3]], "leftfront": [[4, 2]], "rightbehind": [[2, 4]], "rightfront": [[3, 2]]}}