{"objects": {"4": ["book", "medium"], "2": ["cup", "medium"], "3": ["bowl", "medium"], "5": ["remote", "medium"], "6": ["can_drink", "medium"]}, "action_order": [[0, 4, [0.11787543907024464, -0.016839348438606377, 0.7250017881393432], [0.0, 0.0, 0.0, 1.0]], [0, 2, [0.14874757787435636, 0.3480132010645318, 0.7250017881393432], [0.0, 0.0, 0.0, 1.0]], [2, null, null, null], [0, 3, [-0.19365250704397335, -0.025259022657909563, 0.7250017881393432], [0.0, 0.0, 0.0, 1.0]], [0, 5, [0.15436069402055846, -0.356432875283835, 0.7250017881393432], [0.0, 0.0, 0.0, 1.0]], [2, null, null, null], [0, 6, [-0.01964590651170744, 0.33678696877212755, 0.7250017881393432], [0.0, 0.0, 0.0, 1.0]], [2, null, null, null]], "scene_graph": {"left": [[4, 5], [2, 4], [6, 4]], "right": [[4, 2], [5, 4], [4, 6]], "front": [[3, 4], [6, 2]], "behind": [[4, 3], [2, 6]], "on": [], "under": [], "leftbehind": [[6, 3]], "leftfront": [], "rightbehind": [], "rightfront": [[3, 6]]}}