{"objects": {"3": ["book", "medium"], "5": ["book", "medium"], "2": ["can_drink", "medium"], "6": ["cup", "medium"], "4": ["remote", "medium"]}, "action_order": [[0, 3, [0.10103609063163826, -0.16278036823986164, 0.7250017881393432], [0.0, 0.0, 0.0, 1.0]], [0, 5, [0.11787543907024464, 0.1122623229240425, 0.7250017881393432], [0.0, 0.0, 0.0, 1.0]], [2, null, null, null], [2, null, null, null], [1, 3, [0.13103712790638194, -0.1627788009738318, 0.7759847063307708], [0.0, 0.0, 0.0, 1.0]], [2, null, null, null], [2, null, null, null], [2, null, null, null], [2, null, null, null], [2, null, null, null], [2, null, null, null], [2, null, null, null], [2, null, null, null], [0, 2, [0.06455083568132444, -0.39291813023414884, 0.7250017881393432], [0.0, 0.0, 0.0, 1.0]], [0, 6, [0.2189115297018829, -0.404144362526553, 0.7250017881393432], [0.0, 0.0, -1.0, 6.123233995736766e-17]], [2, null, null, null], [2, null, null, null], [2, null, null, null], [1, 5, [0.08787638468803662, 0.11225999828352008, 0.7759897693450643], [0.0, 0.0, 0.0, 1.0]], [2, null, null, null], [1, 3, [0.10097909176869677, -0.1628701233295064, 0.7759809934366526], [0.0, 0.0, 0.0, 1.0]], [2, null, null, null], [1, 2, [0.034500287985858843, -0.39532512489160243, 0.8], [0.0, 0.0, 0.0, 1.0]], [2, null, null, null], [1, 6, [0.1889122747000328, -0.40414511794145846, 0.8], [0.0, 0.0, 0.0, 1.0]], [2, null, null, null], [2, null, null, null], [0, 4, [0.33678696877212755, -0.039291813023414876, 0.7250017881393432], [0.0, 0.0, -0.7071067811865475, 0.7071067811865476]], [2, null, null, null]], "scene_graph": {"left": [[3, 6], [5, 3], [3, 2]], "right": [[3, 5], [2, 3], [6, 3]], "front": [[3, 4], [5, 4], [2, 6]], "behind": [[6, 2], [4, 5], [4, 3]], "on": [], "under": [], "leftbehind": [[4, 6]], "leftfront": [], "rightbehind": [], "rightfront": [[6, 4]]}}