{"objects": {"6": ["book", "medium"], "5": ["book", "medium"], "4": ["cup", "medium"], "3": ["can_drink", "medium"], "2": ["remote", "medium"]}, "action_order": [[0, 6, [0.10103609063163826, -0.16278036823986164, 0.7250017881393432], [0.0, 0.0, 0.0, 1.0]], [0, 5, [0.11787543907024464, 0.1122623229240425, 0.7250017881393432], [0.0, 0.0, 0.0, 1.0]], [2, null, null, null], [0, 4, [0.18523283282467015, 0.3395935268452286, 0.7250017881393432], [0.0, 0.0, 0.0, 1.0]], [0, 3, [0.0533246033889202, 0.35362631721073395, 0.7250017881393432], [0.0, 0.0, 0.0, 1.0]], [2, null, null, null], [1, 6, [0.13103712790638194, -0.1627788009738318, 0.7759847063307708], [0.0, 0.0, 0.0, 1.0]], [2, null, null, null], [1, 3, [0.0529989244645383, 0.3236715561752783, 0.8], [0.0, 0.0, 0.0, 1.0]], [2, null, null, null], [2, null, null, null], [0, 2, [0.12744992399463542, -0.1540019914935178, 0.7721884608268738], [0.0, 0.0, 0.0, 1.0]], [2, null, null, null]], "scene_graph": {"left": [[5, 6], [4, 5], [3, 5]], "right": [[6, 5], [5, 4], [5, 3]], "front": [[3, 4]], "behind": [[4, 3]], "on": [[6, 2]], "under": [[2, 6]], "leftbehind": [], "leftfront": [], "rightbehind": [], "rightfront": []}}