{"objects": {"4": ["book", "medium"], "5": ["book", "medium"], "6": ["remote", "medium"], "3": ["can_drink", "medium"], "2": ["cup", "medium"]}, "action_order": [[0, 4, [0.10103609063163826, -0.16278036823986164, 0.7250017881393432], [0.0, 0.0, 0.0, 1.0]], [0, 5, [0.11787543907024464, 0.1122623229240425, 0.7250017881393432], [0.0, 0.0, 0.0, 1.0]], [2, null, null, null], [2, null, null, null], [1, 4, [0.13103712790638194, -0.1627788009738318, 0.7759847063307708], [0.0, 0.0, 0.0, 1.0]], [2, null, null, null], [2, null, null, null], [2, null, null, null], [2, null, null, null], [0, 6, [0.14032790365505315, -0.3957246883072499, 0.7250017881393432], [0.0, 0.0, 0.0, 1.0]], [2, null, null, null], [0, 3, [-0.12910167136264888, 0.039291813023414876, 0.7250017881393432], [0.0, 0.0, 0.0, 1.0]], [0, 2, [-0.12910167136264888, 0.1571672520936595, 0.7250017881393432], [0.0, 0.0, 0.0, 1.0]], [2, null, null, null], [1, 2, [-0.1275619752916825, 0.18620574133578843, 0.8], [0.0, 0.0, 0.0, 1.0]], [2, null, null, null]], "scene_graph": {"left": [[4, 6], [5, 4], [2, 3]], "right": [[4, 5], [6, 4], [3, 2]], "front": [[3, 5], [2, 5]], "behind": [[5, 2], [5, 3]], "on": [], "under": [], "leftbehind": [], "leftfront": [[3, 4], [2, 4]], "rightbehind": [[4, 3], [4, 2]], "rightfront": []}}