{"objects": {"6": ["book", "medium"], "2": ["book", "medium"], "3": ["can_drink", "medium"], "5": ["cup", "medium"], "4": ["remote", "medium"]}, "action_order": [[0, 6, [0.10103609063163826, -0.16278036823986164, 0.7250017881393432], [0.0, 0.0, 0.0, 1.0]], [0, 2, [0.11787543907024464, 0.1122623229240425, 0.7250017881393432], [0.0, 0.0, 0.0, 1.0]], [2, null, null, null], [2, null, null, null], [1, 6, [0.13103712790638194, -0.1627788009738318, 0.7759847063307708], [0.0, 0.0, 0.0, 1.0]], [2, null, null, null], [2, null, null, null], [2, null, null, null], [2, null, null, null], [2, null, null, null], [0, 3, [-0.12910167136264888, 0.039291813023414876, 0.7250017881393432], [0.0, 0.0, 0.0, 1.0]], [0, 5, [-0.12910167136264888, 0.1571672520936595, 0.7250017881393432], [0.0, 0.0, 0.0, 1.0]], [2, null, null, null], [1, 5, [-0.1275619752916825, 0.18620574133578843, 0.8], [0.0, 0.0, 0.0, 1.0]], [2, null, null, null], [0, 4, [0.11787543907024464, 0.2918820396025105, 0.7250017881393432], [0.0, 0.0, 0.0, 1.0]], [2, null, null, null]], "scene_graph": {"left": [[5, 3], [4, 2], [2, 6]], "right": [[6, 2], [2, 4], [3, 5]], "front": [[3, 2], [5, 2], [5, 4]], "behind": [[2, 5], [2, 3], [4, 5]], "on": [], "under": [], "leftbehind": [[4, 3]], "leftfront": [[3, 6], [5, 6]], "rightbehind": [[6, 3], [6, 5]], "rightfront": [[3, 4]]}}