{"objects": {"2": ["book", "medium"], "3": ["book", "medium"], "4": ["cup", "medium"], "5": ["can_drink", "medium"], "6": ["remote", "medium"]}, "action_order": [[0, 2, [0.10103609063163826, -0.16278036823986164, 0.7250017881393432], [0.0, 0.0, 0.0, 1.0]], [0, 3, [0.11787543907024464, 0.1122623229240425, 0.7250017881393432], [0.0, 0.0, 0.0, 1.0]], [2, null, null, null], [0, 4, [0.18523283282467015, 0.3395935268452286, 0.7250017881393432], [0.0, 0.0, 0.0, 1.0]], [0, 5, [0.0533246033889202, 0.35362631721073395, 0.7250017881393432], [0.0, 0.0, 0.0, 1.0]], [2, null, null, null], [1, 2, [0.13103712790638194, -0.1627788009738318, 0.7759847063307708], [0.0, 0.0, 0.0, 1.0]], [2, null, null, null], [1, 5, [0.0529989244645383, 0.3236715561752783, 0.8], [0.0, 0.0, 0.0, 1.0]], [2, null, null, null], [0, 6, [-0.12629511328954784, -0.18803939089777122, 0.7250017881393432], [0.0, 0.0, -0.7071067811865475, 0.7071067811865476]], [2, null, null, null]], "scene_graph": {"left": [[3, 2], [4, 3], [5, 3]], "right": [[2, 3], [3, 4], [3, 5]], "front": [[5, 4], [6, 2]], "behind": [[2, 6], [4, 5]], "on": [], "under": [], "leftbehind": [[3, 6]], "leftfront": [], "rightbehind": [], "rightfront": [[6, 3]]}}