{"objects": {"3": ["book", "medium"], "5": ["book", "medium"], "4": ["remote", "medium"], "2": ["can_drink", "medium"], "6": ["cup", "medium"]}, "action_order": [[0, 3, [0.10103609063163826, -0.16278036823986164, 0.7250017881393432], [0.0, 0.0, 0.0, 1.0]], [0, 5, [0.11787543907024464, 0.1122623229240425, 0.7250017881393432], [0.0, 0.0, 0.0, 1.0]], [2, null, null, null], [2, null, null, null], [1, 3, [0.13103712790638194, -0.1627788009738318, 0.7759847063307708], [0.0, 0.0, 0.0, 1.0]], [2, null, null, null], [2, null, null, null], [2, null, null, null], [2, null, null, null], [2, null, null, null], [2, null, null, null], [2, null, null, null], [0, 4, [0.11787543907024464, 0.2918820396025105, 0.7250017881393432], [0.0, 0.0, 0.0, 1.0]], [2, null, null, null], [0, 2, [0.06455083568132444, -0.39291813023414884, 0.7250017881393432], [0.0, 0.0, 0.0, 1.0]], [0, 6, [0.2189115297018829, -0.404144362526553, 0.7250017881393432], [0.0, 0.0, -1.0, 6.123233995736766e-17]], [2, null, null, null]], "scene_graph": {"left": [[3, 6], [3, 2], [5, 3], [4, 5]], "right": [[3, 5], [5, 4], [2, 3], [6, 3]], "front": [[2, 6]], "behind": [[6, 2]], "on": [], "under": [], "leftbehind": [], "leftfront": [], "rightbehind": [], "rightfront": []}}