{"objects": {"5": ["plate", "medium"], "4": ["bowl", "small"], "3": ["fruit", "medium"], "2": ["fork", "medium"], "6": ["knife", "medium"], "7": ["glass", "medium"]}, "action_order": [[0, 5, [0.10945576485094145, -0.17681315860536698, 0.7250017881393432], [0.0, 0.0, 0.0, 1.0]], [0, 4, [0.12068199714334571, 0.036485254950313815, 0.7250017881393432], [0.0, 0.0, 0.0, 1.0]], [2, null, null, null], [2, null, null, null], [2, null, null, null], [0, 3, [0.10860781270631847, -0.18101302117719745, 0.7317803859710693], [0.0, 0.0, 0.0, 1.0]], [2, null, null, null], [0, 2, [0.1122623229240425, -0.3199476203335211, 0.7250017881393432], [0.0, 0.0, 0.0, 1.0]], [2, null, null, null], [0, 6, [0.10945576485094145, -0.3732722237224414, 0.7250017881393432], [0.0, 0.0, 0.0, 1.0]], [2, null, null, null], [0, 7, [0.12068199714334571, 0.1908459489708723, 0.7250017881393432], [0.0, 0.0, 0.0, 1.0]], [2, null, null, null]], "scene_graph": {"left": [[5, 2], [4, 5], [4, 3], [3, 2], [2, 6], [7, 4]], "right": [[4, 7], [2, 5], [2, 3], [6, 2], [5, 4], [3, 4]], "front": [], "behind": [], "on": [[5, 3]], "under": [[3, 5]], "leftbehind": [], "leftfront": [], "rightbehind": [], "rightfront": []}}