{"objects": {"7": ["plate", "medium"], "6": ["bowl", "small"], "5": ["knife", "medium"], "4": ["fork", "medium"], "3": ["glass", "medium"], "2": ["fruit", "medium"]}, "action_order": [[0, 7, [0.18523283282467015, -0.23294432006738827, 0.7250017881393432], [0.0, 0.0, 0.0, 1.0]], [0, 6, [0.21610497162878184, 0.10384264870473935, 0.7250017881393432], [0.0, 0.0, 0.0, 1.0]], [2, null, null, null], [1, 6, [0.18607900817332204, 0.10406685480729436, 0.7968326991257884], [0.0, 0.0, 0.0, 1.0]], [1, 6, [0.15607900817332204, 0.10406685480729436, 0.8], [0.0, 0.0, 0.0, 1.0]], [2, null, null, null], [0, 5, [0.18242627475156908, -0.5192132435236967, 0.7250017881393432], [0.0, 0.0, 0.0, 1.0]], [1, 5, [0.18242627475156908, -0.48921324352369666, 0.8], [0.0, 0.0, 0.0, 1.0]], [1, 5, [0.18242627475156908, -0.45921324352369663, 0.8], [0.0, 0.0, 0.0, 1.0]], [1, 5, [0.18242627475156908, -0.4292132435236966, 0.8], [0.0, 0.0, 0.0, 1.0]], [1, 5, [0.15242627475156909, -0.4292132435236966, 0.8], [0.0, 0.0, 0.0, 1.0]], [2, null, null, null], [0, 4, [0.1515541359474574, 0.2525902265790957, 0.7250017881393432], [0.0, 0.0, 0.0, 1.0]], [2, null, null, null], [0, 3, [-0.036485254950313815, -0.025259022657909563, 0.7250017881393432], [0.0, 0.0, 0.0, 1.0]], [2, null, null, null], [0, 2, [0.1703378749778795, -0.24294090365697563, 0.7294082999229431], [0.0, 0.0, 0.0, 1.0]], [2, null, null, null]], "scene_graph": {"left": [[7, 5], [6, 7], [4, 6], [2, 5]], "right": [[6, 4], [5, 7], [5, 2], [7, 6]], "front": [], "behind": [], "on": [[7, 2]], "under": [[2, 7]], "leftbehind": [[6, 3], [4, 3]], "leftfront": [[3, 7], [3, 2]], "rightbehind": [[7, 3], [2, 3]], "rightfront": [[3, 6], [3, 4]]}}