{"objects": {"4": ["plate", "medium"], "2": ["fork", "medium"], "3": ["knife", "medium"], "5": ["bowl", "small"], "6": ["glass", "medium"], "7": ["fruit", "medium"]}, "action_order": [[0, 4, [0.13752134558195203, -0.05613116146202125, 0.7250017881393432], [0.0, 0.0, 0.0, 1.0]], [0, 2, [0.14874757787435633, -0.24978366850599457, 0.7250017881393432], [0.0, 0.0, 0.0, 1.0]], [0, 3, [0.15997381016676054, 0.134714787508851, 0.7250017881393432], [0.0, 0.0, 0.0, 1.0]], [2, null, null, null], [0, 5, [-0.056131161462021247, -0.061744277608223375, 0.7250017881393432], [0.0, 0.0, 0.0, 1.0]], [2, null, null, null], [2, null, null, null], [2, null, null, null], [2, null, null, null], [0, 6, [0.14594101980125523, -0.36485254950313806, 0.7250017881393432], [0.0, 0.0, 0.0, 1.0]], [2, null, null, null], [0, 7, [-0.05310786916433983, -0.06987877521623662, 0.7285581588745117], [0.0, 0.0, 0.0, 1.0]], [2, null, null, null], [2, null, null, null]], "scene_graph": {"left": [[2, 6], [3, 4], [4, 2]], "right": [[4, 3], [2, 4], [6, 2]], "front": [[5, 4], [7, 4]], "behind": [[4, 5], [4, 7]], "on": [[5, 7]], "under": [[7, 5]], "leftbehind": [[3, 5], [3, 7]], "leftfront": [[5, 2], [5, 6]], "rightbehind": [[2, 5], [6, 5]], "rightfront": [[5, 3], [7, 3]]}}