{"objects": {"7": ["plate", "medium"], "6": ["fork", "medium"], "5": ["knife", "medium"], "4": ["fruit", "medium"], "3": ["bowl", "small"], "2": ["glass", "medium"]}, "action_order": [[0, 7, [0.13752134558195203, -0.05613116146202125, 0.7250017881393432], [0.0, 0.0, 0.0, 1.0]], [0, 6, [0.14874757787435633, -0.24978366850599457, 0.7250017881393432], [0.0, 0.0, 0.0, 1.0]], [0, 5, [0.15997381016676054, 0.134714787508851, 0.7250017881393432], [0.0, 0.0, 0.0, 1.0]], [2, null, null, null], [0, 4, [0.14425872537531803, -0.049935712629917785, 0.7350880861282348], [0.0, 0.0, 0.0, 1.0]], [0, 3, [-0.056131161462021247, -0.061744277608223375, 0.7250017881393432], [0.0, 0.0, 0.0, 1.0]], [2, null, null, null], [2, null, null, null], [0, 2, [-0.056131161462021247, 0.11506888099714357, 0.7250017881393432], [0.0, 0.0, 0.0, 1.0]], [2, null, null, null]], "scene_graph": {"left": [[5, 7], [5, 4], [2, 3], [7, 6], [4, 6]], "right": [[6, 7], [6, 4], [3, 2], [7, 5], [4, 5]], "front": [[3, 7], [3, 4], [2, 5]], "behind": [[7, 3], [5, 2], [4, 3]], "on": [[7, 4]], "under": [[4, 7]], "leftbehind": [], "leftfront": [[2, 7], [3, 6]], "rightbehind": [[6, 3], [7, 2]], "rightfront": []}}