{"objects": {"7": ["plate", "medium"], "6": ["bowl", "small"], "5": ["glass", "medium"], "4": ["fork", "medium"], "3": ["knife", "medium"], "2": ["fruit", "medium"]}, "action_order": [[0, 7, [0.10945576485094145, -0.17681315860536698, 0.7250017881393432], [0.0, 0.0, 0.0, 1.0]], [0, 6, [0.12068199714334571, 0.036485254950313815, 0.7250017881393432], [0.0, 0.0, 0.0, 1.0]], [0, 5, [-0.06174427760822338, 0.042098371096515944, 0.7250017881393432], [0.0, 0.0, 0.0, 1.0]], [2, null, null, null], [0, 4, [0.11787543907024464, -0.32275417840662224, 0.7250017881393432], [0.0, 0.0, 0.0, 1.0]], [2, null, null, null], [0, 3, [0.1122623229240425, -0.40133780445345196, 0.7250017881393432], [0.0, 0.0, 0.0, 1.0]], [2, null, null, null], [0, 2, [0.10860781270631847, -0.18101302117719745, 0.7317803859710693], [0.0, 0.0, 0.0, 1.0]], [2, null, null, null]], "scene_graph": {"left": [[7, 4], [6, 7], [6, 2], [4, 3], [2, 4]], "right": [[4, 7], [4, 2], [3, 4], [2, 6], [7, 6]], "front": [[5, 6]], "behind": [[6, 5]], "on": [[7, 2]], "under": [[2, 7]], "leftbehind": [], "leftfront": [[5, 7], [5, 2]], "rightbehind": [[7, 5], [2, 5]], "rightfront": []}}