{"objects": {"2": ["fork", "medium"], "5": ["knife", "medium"], "4": ["plate", "medium"], "3": ["bowl", "small"], "6": ["glass", "medium"], "7": ["fruit", "medium"]}, "action_order": [[2, null, null, null], [2, null, null, null], [2, null, null, null], [2, null, null, null], [2, null, null, null], [2, null, null, null], [0, 2, [0.18523283282467015, -0.022452464584808502, 0.7250017881393432], [0.0, 0.0, 0.0, 1.0]], [2, null, null, null], [0, 5, [0.18803939089777122, 0.05893771953512232, 0.7250017881393432], [0.0, 0.0, 0.0, 1.0]], [2, null, null, null], [2, null, null, null], [2, null, null, null], [2, null, null, null], [2, null, null, null], [2, null, null, null], [2, null, null, null], [0, 4, [0.1740066005322659, -0.18803939089777122, 0.7250017881393432], [0.0, 0.0, 0.0, 1.0]], [2, null, null, null], [2, null, null, null], [0, 3, [-0.036485254950313815, -0.19365250704397335, 0.7250017881393432], [0.0, 0.0, 0.0, 1.0]], [2, null, null, null], [2, null, null, null], [0, 6, [-0.028065580731010627, 0.0028065580731010628, 0.7250017881393432], [0.0, 0.0, 0.0, 1.0]], [2, null, null, null], [0, 7, [0.17961971667846802, 0.22733120392118614, 0.7250017881393432], [0.0, 0.0, 0.0, 1.0]], [2, null, null, null]], "scene_graph": {"left": [[2, 4], [5, 2], [6, 3], [7, 5]], "right": [[2, 5], [5, 7], [4, 2], [3, 6]], "front": [[3, 4], [6, 2]], "behind": [[2, 6], [4, 3]], "on": [], "under": [], "leftbehind": [[5, 6], [7, 6], [2, 3]], "leftfront": [], "rightbehind": [], "rightfront": [[3, 2], [6, 5], [6, 7]]}}