{"objects": {"4": ["plate", "medium"], "7": ["glass", "medium"], "5": ["fruit", "medium"], "3": ["fork", "medium"], "2": ["bowl", "small"], "6": ["knife", "medium"]}, "action_order": [[0, 4, [0.18523283282467015, -0.23294432006738827, 0.7250017881393432], [0.0, 0.0, 0.0, 1.0]], [2, null, null, null], [2, null, null, null], [2, null, null, null], [2, null, null, null], [0, 7, [-0.036485254950313815, -0.025259022657909563, 0.7250017881393432], [0.0, 0.0, 0.0, 1.0]], [2, null, null, null], [0, 5, [0.1703378749778795, -0.24294090365697563, 0.7294082999229431], [0.0, 0.0, 0.0, 1.0]], [2, null, null, null], [0, 3, [0.18523283282467015, -0.022452464584808502, 0.7250017881393432], [0.0, 0.0, 0.0, 1.0]], [2, null, null, null], [0, 2, [-0.022452464584808502, -0.2525902265790957, 0.7250017881393432], [0.0, 0.0, 0.0, 1.0]], [0, 6, [0.18803939089777122, 0.05893771953512232, 0.7250017881393432], [0.0, 0.0, 0.0, 1.0]], [2, null, null, null]], "scene_graph": {"left": [[7, 2], [3, 4], [6, 3]], "right": [[3, 6], [2, 7], [4, 3]], "front": [[7, 3], [2, 4], [2, 5]], "behind": [[4, 2], [5, 2], [3, 7]], "on": [[4, 5]], "under": [[5, 4]], "leftbehind": [[6, 7]], "leftfront": [], "rightbehind": [], "rightfront": [[7, 6]]}}