{"objects": {"6": ["plate", "medium"], "4": ["knife", "medium"], "2": ["glass", "medium"], "3": ["fruit", "medium"], "5": ["fork", "medium"], "7": ["bowl", "small"]}, "action_order": [[0, 6, [0.18523283282467015, -0.23294432006738827, 0.7250017881393432], [0.0, 0.0, 0.0, 1.0]], [2, null, null, null], [2, null, null, null], [0, 4, [0.18242627475156908, -0.5192132435236967, 0.7250017881393432], [0.0, 0.0, 0.0, 1.0]], [1, 4, [0.18242627475156908, -0.48921324352369666, 0.8], [0.0, 0.0, 0.0, 1.0]], [1, 4, [0.18242627475156908, -0.45921324352369663, 0.8], [0.0, 0.0, 0.0, 1.0]], [1, 4, [0.18242627475156908, -0.4292132435236966, 0.8], [0.0, 0.0, 0.0, 1.0]], [1, 4, [0.15242627475156909, -0.4292132435236966, 0.8], [0.0, 0.0, 0.0, 1.0]], [2, null, null, null], [2, null, null, null], [0, 2, [-0.036485254950313815, -0.025259022657909563, 0.7250017881393432], [0.0, 0.0, 0.0, 1.0]], [2, null, null, null], [0, 3, [0.1703378749778795, -0.24294090365697563, 0.7294082999229431], [0.0, 0.0, 0.0, 1.0]], [2, null, null, null], [0, 5, [0.18523283282467015, -0.022452464584808502, 0.7250017881393432], [0.0, 0.0, 0.0, 1.0]], [2, null, null, null], [0, 7, [-0.022452464584808502, -0.2525902265790957, 0.7250017881393432], [0.0, 0.0, 0.0, 1.0]]], "scene_graph": {"left": [[2, 7], [5, 6], [5, 3], [6, 4]], "right": [[4, 6], [7, 2], [6, 5], [3, 5]], "front": [[2, 5]], "behind": [[5, 2]], "on": [[6, 3]], "under": [[3, 6]], "leftbehind": [], "leftfront": [[2, 6]], "rightbehind": [[6, 2]], "rightfront": []}}