{"objects": {"7": ["fork", "medium"], "6": ["knife", "medium"], "3": ["plate", "medium"], "2": ["glass", "medium"], "4": ["bowl", "small"], "5": ["fruit", "medium"]}, "action_order": [[2, null, null, null], [2, null, null, null], [2, null, null, null], [2, null, null, null], [2, null, null, null], [2, null, null, null], [0, 7, [0.18523283282467015, -0.022452464584808502, 0.7250017881393432], [0.0, 0.0, 0.0, 1.0]], [2, null, null, null], [0, 6, [0.18803939089777122, 0.05893771953512232, 0.7250017881393432], [0.0, 0.0, 0.0, 1.0]], [2, null, null, null], [2, null, null, null], [2, null, null, null], [2, null, null, null], [2, null, null, null], [2, null, null, null], [2, null, null, null], [0, 3, [0.1740066005322659, -0.18803939089777122, 0.7250017881393432], [0.0, 0.0, 0.0, 1.0]], [2, null, null, null], [0, 2, [-0.0028065580731010628, -0.3957246883072499, 0.7250017881393432], [0.0, 0.0, 0.0, 1.0]], [2, null, null, null], [0, 4, [-0.036485254950313815, -0.19365250704397335, 0.7250017881393432], [0.0, 0.0, 0.0, 1.0]], [2, null, null, null], [0, 5, [0.17550561146356888, -0.18943462824639182, 0.7314724683761596], [0.0, 0.0, 0.0, 1.0]], [2, null, null, null]], "scene_graph": {"left": [[7, 3], [7, 5], [6, 7], [4, 2], [3, 2]], "right": [[7, 6], [3, 7], [2, 4], [2, 3], [5, 7]], "front": [[4, 3], [4, 5]], "behind": [[3, 4], [5, 4]], "on": [[3, 5]], "under": [[5, 3]], "leftbehind": [[5, 2]], "leftfront": [], "rightbehind": [], "rightfront": [[2, 5]]}}