{"objects": {"2": ["plate", "medium"], "5": ["fruit", "medium"], "3": ["fork", "medium"], "7": ["knife", "medium"], "6": ["bowl", "small"], "4": ["glass", "medium"]}, "action_order": [[0, 2, [0.10945576485094145, -0.17681315860536698, 0.7250017881393432], [0.0, 0.0, 0.0, 1.0]], [2, null, null, null], [2, null, null, null], [2, null, null, null], [0, 5, [0.10860781270631847, -0.18101302117719745, 0.7317803859710693], [0.0, 0.0, 0.0, 1.0]], [2, null, null, null], [2, null, null, null], [2, null, null, null], [2, null, null, null], [2, null, null, null], [2, null, null, null], [2, null, null, null], [2, null, null, null], [0, 3, [0.11787543907024464, -0.028065580731010627, 0.7250017881393432], [0.0, 0.0, 0.0, 1.0]], [0, 7, [0.14594101980125526, 0.025259022657909563, 0.7250017881393432], [0.0, 0.0, 0.0, 1.0]], [2, null, null, null], [0, 6, [0.12629511328954784, 0.10384264870473935, 0.7250017881393432], [0.0, 0.0, 0.0, 1.0]], [2, null, null, null], [0, 4, [-0.08139018411993083, -0.0028065580731010628, 0.7250017881393432], [0.0, 0.0, 0.0, 1.0]], [2, null, null, null], [2, null, null, null]], "scene_graph": {"left": [[3, 2], [7, 3], [6, 7], [3, 5]], "right": [[2, 3], [5, 3], [3, 7], [7, 6]], "front": [[4, 3], [4, 7]], "behind": [[3, 4], [7, 4]], "on": [[2, 5]], "under": [[5, 2]], "leftbehind": [], "leftfront": [[4, 2]], "rightbehind": [[2, 4]], "rightfront": []}}