{"objects": {"6": ["plate", "medium"], "7": ["fork", "medium"], "5": ["knife", "medium"], "3": ["bowl", "small"], "2": ["fruit", "medium"], "4": ["glass", "medium"]}, "action_order": [[0, 6, [0.13752134558195203, -0.05613116146202125, 0.7250017881393432], [0.0, 0.0, 0.0, 1.0]], [0, 7, [0.14874757787435633, -0.24978366850599457, 0.7250017881393432], [0.0, 0.0, 0.0, 1.0]], [0, 5, [0.15997381016676054, 0.134714787508851, 0.7250017881393432], [0.0, 0.0, 0.0, 1.0]], [2, null, null, null], [0, 3, [-0.056131161462021247, -0.061744277608223375, 0.7250017881393432], [0.0, 0.0, 0.0, 1.0]], [2, null, null, null], [2, null, null, null], [2, null, null, null], [2, null, null, null], [2, null, null, null], [0, 2, [-0.05310786916433983, -0.06987877521623662, 0.7285581588745117], [0.0, 0.0, 0.0, 1.0]], [2, null, null, null], [2, null, null, null], [2, null, null, null], [2, null, null, null], [0, 4, [0.134714787508851, 0.2610099007983988, 0.7250017881393432], [0.0, 0.0, 0.0, 1.0]], [2, null, null, null]], "scene_graph": {"left": [[5, 6], [3, 2], [4, 5], [6, 7]], "right": [[6, 5], [7, 6], [5, 4], [2, 3]], "front": [[3, 6], [2, 6]], "behind": [[6, 3], [6, 2]], "on": [], "under": [], "leftbehind": [[5, 3], [4, 3]], "leftfront": [[3, 7], [2, 7]], "rightbehind": [[7, 3], [7, 2]], "rightfront": [[3, 5], [3, 4]]}}