{"objects": {"4": ["plate", "medium"], "6": ["fruit", "medium"], "2": ["glass", "medium"], "7": ["fork", "medium"], "3": ["knife", "medium"], "5": ["bowl", "small"]}, "action_order": [[0, 4, [0.10945576485094145, -0.17681315860536698, 0.7250017881393432], [0.0, 0.0, 0.0, 1.0]], [2, null, null, null], [2, null, null, null], [2, null, null, null], [0, 6, [0.10860781270631847, -0.18101302117719745, 0.7317803859710693], [0.0, 0.0, 0.0, 1.0]], [2, null, null, null], [2, null, null, null], [2, null, null, null], [2, null, null, null], [2, null, null, null], [2, null, null, null], [2, null, null, null], [0, 2, [0.10384264870473932, -0.34240008491832963, 0.7250017881393432], [0.0, 0.0, 0.0, 1.0]], [2, null, null, null], [0, 7, [0.11787543907024464, -0.028065580731010627, 0.7250017881393432], [0.0, 0.0, 0.0, 1.0]], [0, 3, [0.14594101980125526, 0.025259022657909563, 0.7250017881393432], [0.0, 0.0, 0.0, 1.0]], [2, null, null, null], [0, 5, [0.12629511328954784, 0.10384264870473935, 0.7250017881393432], [0.0, 0.0, 0.0, 1.0]], [2, null, null, null]], "scene_graph": {"left": [[4, 2], [6, 2], [7, 4], [3, 7], [5, 3]], "right": [[2, 4], [2, 6], [7, 3], [3, 5], [4, 7]], "front": [], "behind": [], "on": [[4, 6]], "under": [[6, 4]], "leftbehind": [], "leftfront": [], "rightbehind": [], "rightfront": []}}