{"objects": {"5": ["plate", "medium"], "6": ["fork", "medium"], "7": ["knife", "medium"], "4": ["bowl", "small"], "3": ["fruit", "medium"], "2": ["glass", "medium"]}, "action_order": [[0, 5, [0.13752134558195203, -0.05613116146202125, 0.7250017881393432], [0.0, 0.0, 0.0, 1.0]], [0, 6, [0.14874757787435633, -0.24978366850599457, 0.7250017881393432], [0.0, 0.0, 0.0, 1.0]], [0, 7, [0.15997381016676054, 0.134714787508851, 0.7250017881393432], [0.0, 0.0, 0.0, 1.0]], [2, null, null, null], [2, null, null, null], [2, null, null, null], [2, null, null, null], [2, null, null, null], [2, null, null, null], [2, null, null, null], [2, null, null, null], [2, null, null, null], [2, null, null, null], [2, null, null, null], [0, 4, [0.13873212672562862, -0.055492850690251457, 0.7349520683288574], [0.0, 0.0, 0.0, 1.0]], [2, null, null, null], [0, 3, [0.1405005304745357, -0.07713754614288233, 0.7411033272743225], [0.0, 0.0, 0.0, 1.0]], [2, null, null, null], [2, null, null, null], [2, null, null, null], [2, null, null, null], [0, 2, [-0.07297050990062762, -0.2553967846521967, 0.7250017881393432], [0.0, 0.0, 0.0, 1.0]], [2, null, null, null]], "scene_graph": {"left": [[7, 5], [5, 6], [4, 6]], "right": [[6, 5], [6, 4], [5, 7]], "front": [[2, 6]], "behind": [[6, 2]], "on": [[5, 4], [4, 3]], "under": [[4, 5], [3, 4]], "leftbehind": [[5, 2], [4, 2]], "leftfront": [], "rightbehind": [], "rightfront": [[2, 5], [2, 4]]}}