{"objects": {"6": ["plate", "medium"], "2": ["glass", "medium"], "3": ["fruit", "medium"], "5": ["fork", "medium"], "7": ["bowl", "small"], "4": ["knife", "medium"]}, "action_order": [[0, 6, [0.18523283282467015, -0.23294432006738827, 0.7250017881393432], [0.0, 0.0, 0.0, 1.0]], [2, null, null, null], [2, null, null, null], [2, null, null, null], [2, null, null, null], [0, 2, [-0.036485254950313815, -0.025259022657909563, 0.7250017881393432], [0.0, 0.0, 0.0, 1.0]], [2, null, null, null], [0, 3, [0.1703378749778795, -0.24294090365697563, 0.7294082999229431], [0.0, 0.0, 0.0, 1.0]], [2, null, null, null], [0, 5, [0.18523283282467015, -0.022452464584808502, 0.7250017881393432], [0.0, 0.0, 0.0, 1.0]], [2, null, null, null], [0, 7, [-0.022452464584808502, -0.2525902265790957, 0.7250017881393432], [0.0, 0.0, 0.0, 1.0]], [0, 4, [0.18803939089777122, 0.05893771953512232, 0.7250017881393432], [0.0, 0.0, 0.0, 1.0]], [2, null, null, null], [1, 3, [0.15255263842359576, -0.22107669404375233, 0.7742554700661394], [0.0, 0.0, 0.0, 1.0]], [1, 3, [0.15255263842359576, -0.2510766940437523, 0.8], [0.0, 0.0, 0.0, 1.0]], [1, 3, [0.15255263842359576, -0.28107669404375235, 0.8], [0.0, 0.0, 0.0, 1.0]], [1, 3, [0.15255263842359576, -0.3110766940437524, 0.8], [0.0, 0.0, 0.0, 1.0]], [1, 3, [0.15255263842359576, -0.3410766940437524, 0.8], [0.0, 0.0, 0.0, 1.0]], [1, 3, [0.15255263842359576, -0.37107669404375243, 0.8], [0.0, 0.0, 0.0, 1.0]], [2, null, null, null]], "scene_graph": {"left": [[6, 3], [2, 7], [5, 6], [4, 5]], "right": [[6, 5], [3, 6], [5, 4], [7, 2]], "front": [[2, 5], [7, 6]], "behind": [[6, 7], [5, 2]], "on": [], "under": [], "leftbehind": [[4, 2]], "leftfront": [[7, 3]], "rightbehind": [[3, 7]], "rightfront": [[2, 4]]}}