{"objects": {"3": ["glass", "medium"], "6": ["fork", "medium"], "7": ["knife", "medium"], "4": ["bowl", "small"], "5": ["plate", "medium"], "2": ["fruit", "medium"]}, "action_order": [[2, null, null, null], [2, null, null, null], [2, null, null, null], [2, null, null, null], [0, 3, [-0.036485254950313815, -0.025259022657909563, 0.7250017881393432], [0.0, 0.0, 0.0, 1.0]], [2, null, null, null], [2, null, null, null], [0, 6, [0.18523283282467015, -0.022452464584808502, 0.7250017881393432], [0.0, 0.0, 0.0, 1.0]], [2, null, null, null], [0, 7, [0.18803939089777122, 0.05893771953512232, 0.7250017881393432], [0.0, 0.0, 0.0, 1.0]], [2, null, null, null], [2, null, null, null], [0, 4, [0.1908459489708723, -0.17961971667846802, 0.7250017881393432], [0.0, 0.0, 0.0, 1.0]], [2, null, null, null], [0, 5, [0.19926562319017546, 0.26942957501770204, 0.7250017881393432], [0.0, 0.0, 0.0, 1.0]], [2, null, null, null], [0, 2, [0.20256614103147888, 0.2719381071381497, 0.7348784565925598], [0.0, 0.0, 0.0, 1.0]], [2, null, null, null], [1, 2, [0.1929226191884855, 0.277507407783812, 0.785761916721717], [0.0, 0.0, 0.0, 1.0]], [1, 2, [0.1929226191884855, 0.247507407783812, 0.8], [0.0, 0.0, 0.0, 1.0]], [2, null, null, null]], "scene_graph": {"left": [[6, 4], [7, 6], [5, 7], [2, 7]], "right": [[6, 7], [7, 5], [4, 6], [7, 2]], "front": [[3, 6]], "behind": [[6, 3]], "on": [[5, 2]], "under": [[2, 5]], "leftbehind": [[7, 3]], "leftfront": [[3, 4]], "rightbehind": [[4, 3]], "rightfront": [[3, 7]]}}