{"objects": {"7": ["plate", "medium"], "2": ["bowl", "small"], "6": ["fruit", "medium"], "3": ["fork", "medium"], "4": ["knife", "medium"], "5": ["glass", "medium"]}, "action_order": [[0, 7, [0.10945576485094145, -0.17681315860536698, 0.7250017881393432], [0.0, 0.0, 0.0, 1.0]], [0, 2, [0.12068199714334571, 0.036485254950313815, 0.7250017881393432], [0.0, 0.0, 0.0, 1.0]], [2, null, null, null], [2, null, null, null], [2, null, null, null], [0, 6, [0.10860781270631847, -0.18101302117719745, 0.7317803859710693], [0.0, 0.0, 0.0, 1.0]], [2, null, null, null], [2, null, null, null], [2, null, null, null], [2, null, null, null], [0, 3, [0.1122623229240425, 0.16278036823986164, 0.7250017881393432], [0.0, 0.0, 0.0, 1.0]], [0, 4, [0.12348855521644676, 0.23575087814048928, 0.7250017881393432], [0.0, 0.0, 0.0, 1.0]], [2, null, null, null], [2, null, null, null], [0, 5, [-0.01964590651170744, 0.028065580731010627, 0.7250017881393432], [0.0, 0.0, 0.0, 1.0]], [2, null, null, null]], "scene_graph": {"left": [[2, 7], [3, 2], [3, 5], [4, 3], [5, 7], [2, 6]], "right": [[7, 2], [2, 3], [6, 2], [3, 4], [5, 3], [7, 5]], "front": [[5, 2]], "behind": [[2, 5]], "on": [], "under": [], "leftbehind": [], "leftfront": [[6, 7]], "rightbehind": [[7, 6]], "rightfront": []}}