{"objects": {"2": ["plate", "medium"], "3": ["fork", "medium"], "4": ["knife", "medium"], "5": ["glass", "medium"], "7": ["bowl", "small"], "6": ["fruit", "medium"]}, "action_order": [[0, 2, [0.13752134558195203, -0.05613116146202125, 0.7250017881393432], [0.0, 0.0, 0.0, 1.0]], [0, 3, [0.14874757787435633, -0.24978366850599457, 0.7250017881393432], [0.0, 0.0, 0.0, 1.0]], [0, 4, [0.15997381016676054, 0.134714787508851, 0.7250017881393432], [0.0, 0.0, 0.0, 1.0]], [2, null, null, null], [2, null, null, null], [2, null, null, null], [2, null, null, null], [2, null, null, null], [2, null, null, null], [2, null, null, null], [2, null, null, null], [2, null, null, null], [2, null, null, null], [0, 5, [0.134714787508851, 0.2610099007983988, 0.7250017881393432], [0.0, 0.0, 0.0, 1.0]], [2, null, null, null], [0, 7, [0.13873212672562862, -0.055492850690251457, 0.7349520683288574], [0.0, 0.0, 0.0, 1.0]], [2, null, null, null], [0, 6, [0.1405005304745357, -0.07713754614288233, 0.7411033272743225], [0.0, 0.0, 0.0, 1.0]], [2, null, null, null], [2, null, null, null]], "scene_graph": {"left": [[4, 2], [4, 7], [5, 4], [2, 3], [7, 3], [6, 3]], "right": [[3, 2], [3, 7], [3, 6], [4, 5], [2, 4], [7, 4]], "front": [], "behind": [], "on": [[2, 7], [7, 6]], "under": [[7, 2], [6, 7]], "leftbehind": [], "leftfront": [], "rightbehind": [], "rightfront": []}}