{"objects": {"2": ["glass", "medium"], "5": ["fork", "medium"], "4": ["knife", "medium"], "7": ["bowl", "small"], "6": ["plate", "medium"], "3": ["fruit", "medium"]}, "action_order": [[2, null, null, null], [2, null, null, null], [2, null, null, null], [2, null, null, null], [0, 2, [-0.036485254950313815, -0.025259022657909563, 0.7250017881393432], [0.0, 0.0, 0.0, 1.0]], [2, null, null, null], [2, null, null, null], [0, 5, [0.18523283282467015, -0.022452464584808502, 0.7250017881393432], [0.0, 0.0, 0.0, 1.0]], [2, null, null, null], [0, 4, [0.18803939089777122, 0.05893771953512232, 0.7250017881393432], [0.0, 0.0, 0.0, 1.0]], [2, null, null, null], [2, null, null, null], [0, 7, [0.1908459489708723, -0.17961971667846802, 0.7250017881393432], [0.0, 0.0, 0.0, 1.0]], [2, null, null, null], [0, 6, [0.19926562319017546, 0.26942957501770204, 0.7250017881393432], [0.0, 0.0, 0.0, 1.0]], [2, null, null, null], [2, null, null, null], [2, null, null, null], [0, 3, [-0.025259022657909566, 0.2638164588714999, 0.7250017881393432], [0.0, 0.0, 0.0, 1.0]], [2, null, null, null]], "scene_graph": {"left": [[5, 7], [4, 5], [6, 4], [3, 2]], "right": [[5, 4], [4, 6], [7, 5], [2, 3]], "front": [[2, 5], [3, 6]], "behind": [[5, 2], [6, 3]], "on": [], "under": [], "leftbehind": [[4, 2]], "leftfront": [[2, 7], [3, 4]], "rightbehind": [[7, 2], [4, 3]], "rightfront": [[2, 4]]}}