{"objects": {"7": ["plate", "medium"], "6": ["fruit", "medium"], "5": ["bowl", "small"], "4": ["fork", "medium"], "3": ["knife", "medium"], "2": ["glass", "medium"]}, "action_order": [[0, 7, [-0.05613116146202125, -0.06174427760822338, 0.7250017881393432], [0.0, 0.0, 0.0, 1.0]], [0, 6, [-0.05022382541416802, -0.05524620795558482, 0.8170880436897278], [0.0, 0.0, 0.0, 1.0]], [0, 5, [-0.06735739375442551, 0.15436069402055844, 0.7250017881393432], [0.0, 0.0, 0.0, 1.0]], [0, 4, [0.16278036823986167, -0.10384264870473935, 0.7250017881393432], [0.0, 0.0, 0.0, 1.0]], [0, 3, [0.17961971667846802, -0.06174427760822338, 0.7250017881393432], [0.0, 0.0, 0.0, 1.0]], [0, 2, [-0.042098371096515944, -0.28346236538320735, 0.7250017881393432], [0.0, 0.0, 0.0, 1.0]], [2, null, null, null], [1, 2, [-0.04247377968136734, -0.25430448595717325, 0.8], [0.0, 0.0, 0.0, 1.0]], [1, 2, [-0.04247377968136734, -0.22430448595717326, 0.8], [0.0, 0.0, 0.0, 1.0]], [2, null, null, null], [1, 5, [-0.06738586043494102, 0.12458926007768778, 0.7968354144070864], [0.0, 0.0, 0.0, 1.0]], [1, 5, [-0.03738586043494102, 0.12458926007768778, 0.8], [0.0, 0.0, 0.0, 1.0]], [2, null, null, null]], "scene_graph": {"left": [[5, 7], [5, 6], [3, 4], [7, 2], [6, 2]], "right": [[7, 5], [6, 5], [4, 3], [2, 7], [2, 6]], "front": [[7, 4], [6, 4], [7, 3]], "behind": [[4, 7], [4, 6], [3, 7]], "on": [[7, 6]], "under": [[6, 7]], "leftbehind": [[4, 2]], "leftfront": [[5, 3]], "rightbehind": [[3, 5]], "rightfront": [[2, 4]]}}