{"objects": {"3": ["plate", "medium"], "4": ["fork", "medium"], "5": ["knife", "medium"], "2": ["glass", "medium"], "6": ["bowl", "small"], "7": ["plate", "small"], "8": ["fruit", "medium"]}, "action_order": [[0, 3, [0.028065580731010623, -0.03367869687721275, 0.7250017881393432], [0.0, 0.0, 0.0, 1.0]], [0, 4, [0.04209837109651594, -0.2666230169446009, 0.7250017881393432], [0.0, 0.0, 0.0, 1.0]], [0, 5, [0.050518045315819125, 0.179619716678468, 0.7250017881393432], [0.0, 0.0, 0.0, 1.0]], [2, null, null, null], [2, null, null, null], [2, null, null, null], [0, 2, [0.028065580731010623, 0.30030171382181364, 0.7250017881393432], [0.0, 0.0, 0.0, 1.0]], [2, null, null, null], [2, null, null, null], [2, null, null, null], [0, 6, [0.027858754321737803, -0.027858754321737806, 0.7314499974250793], [0.0, 0.0, 0.0, 1.0]], [0, 7, [-0.19365250704397333, -0.04209837109651594, 0.7250017881393432], [0.0, 0.0, 0.0, 1.0]], [2, null, null, null], [0, 8, [-0.19541695122274233, -0.041875060976301934, 0.7296432018280029], [0.0, 0.0, 0.0, 1.0]], [2, null, null, null], [2, null, null, null], [2, null, null, null], [2, null, null, null], [2, null, null, null], [2, null, null, null]], "scene_graph": {"left": [[5, 3], [2, 5], [2, 6], [3, 4], [6, 4]], "right": [[4, 3], [4, 6], [5, 2], [3, 5], [6, 2]], "front": [[7, 3], [8, 3], [7, 6]], "behind": [[3, 7], [6, 7], [3, 8]], "on": [[3, 6], [7, 8]], "under": [[6, 3], [8, 7]], "leftbehind": [], "leftfront": [[7, 4]], "rightbehind": [[4, 7]], "rightfront": []}}