{"objects": {"8": ["plate", "medium"], "7": ["fork", "medium"], "6": ["knife", "medium"], "5": ["bowl", "small"], "4": ["fruit", "medium"], "3": ["plate", "small"], "2": ["glass", "medium"]}, "action_order": [[0, 8, [0.030872138804111687, -0.0028065580731010623, 0.7250017881393432], [0.0, 0.0, 0.0, 1.0]], [0, 7, [0.044904929169617, -0.22733120392118608, 0.7250017881393432], [0.0, 0.0, 0.0, 1.0]], [0, 6, [0.050518045315819125, 0.22171808777498392, 0.7250017881393432], [0.0, 0.0, 0.0, 1.0]], [2, null, null, null], [0, 5, [0.0306451050323319, 0.0083577559179087, 0.7314365267753601], [0.0, 0.0, 0.0, 1.0]], [2, null, null, null], [0, 4, [0.030437967761147804, 0.013835439891430821, 0.737307345867157], [0.0, 0.0, 0.0, 1.0]], [0, 3, [-0.17120004245916481, -0.008419674219303187, 0.7250017881393432], [0.0, 0.0, 0.0, 1.0]], [0, 2, [-0.18242627475156906, 0.22171808777498392, 0.7250017881393432], [0.0, 0.0, 0.0, 1.0]], [2, null, null, null], [2, null, null, null]], "scene_graph": {"left": [[6, 8], [2, 3], [8, 7], [5, 7]], "right": [[7, 8], [7, 5], [8, 6], [3, 2]], "front": [[3, 8], [3, 5], [3, 4], [2, 6]], "behind": [[6, 2], [8, 3], [5, 3], [4, 3]], "on": [[8, 5], [5, 4]], "under": [[5, 8], [4, 5]], "leftbehind": [], "leftfront": [[2, 8], [3, 7]], "rightbehind": [[7, 3], [8, 2]], "rightfront": []}}