{"objects": {"6": ["fork", "medium"], "4": ["knife", "medium"], "2": ["plate", "medium"], "3": ["plate", "small"], "7": ["bowl", "small"], "8": ["fruit", "medium"], "5": ["glass", "medium"]}, "action_order": [[0, 6, [0.04209837109651594, -0.2666230169446009, 0.7250017881393432], [0.0, 0.0, 0.0, 1.0]], [0, 4, [0.050518045315819125, 0.179619716678468, 0.7250017881393432], [0.0, 0.0, 0.0, 1.0]], [2, null, null, null], [2, null, null, null], [2, null, null, null], [2, null, null, null], [2, null, null, null], [2, null, null, null], [2, null, null, null], [2, null, null, null], [2, null, null, null], [2, null, null, null], [2, null, null, null], [2, null, null, null], [2, null, null, null], [2, null, null, null], [2, null, null, null], [0, 2, [0.03929181302341487, -0.14032790365505313, 0.7250017881393432], [0.0, 0.0, 0.0, 1.0]], [0, 3, [0.04771148724271806, 0.053324603388920186, 0.7250017881393432], [0.0, 0.0, 0.0, 1.0]], [2, null, null, null], [2, null, null, null], [0, 7, [-0.15436069402055844, -0.036485254950313815, 0.7250017881393432], [0.0, 0.0, 0.0, 1.0]], [2, null, null, null], [2, null, null, null], [0, 8, [-0.1510079538635262, -0.030760879490718304, 0.7281551718711853], [0.0, 0.0, 0.0, 1.0]], [2, null, null, null], [2, null, null, null], [2, null, null, null], [2, null, null, null], [2, null, null, null], [2, null, null, null], [2, null, null, null], [0, 5, [-0.15997381016676054, -0.27504269116390406, 0.7250017881393432], [0.0, 0.0, 0.0, 1.0]], [2, null, null, null], [2, null, null, null]], "scene_graph": {"left": [[4, 3], [2, 6], [3, 2], [7, 5]], "right": [[6, 2], [2, 3], [3, 4], [5, 7]], "front": [[7, 2], [8, 2], [5, 6], [5, 2], [7, 3]], "behind": [[6, 5], [2, 7], [3, 7], [2, 8], [2, 5]], "on": [[7, 8]], "under": [[8, 7]], "leftbehind": [[4, 7], [4, 8]], "leftfront": [[7, 6]], "rightbehind": [[6, 7]], "rightfront": [[7, 4], [8, 4]]}}