{"objects": {"7": ["plate", "medium"], "8": ["fork", "medium"], "6": ["knife", "medium"], "5": ["plate", "small"], "4": ["bowl", "small"], "3": ["glass", "medium"], "2": ["fruit", "medium"]}, "action_order": [[0, 7, [0.053324603388920186, -0.07577706797372868, 0.7250017881393432], [0.0, 0.0, 0.0, 1.0]], [0, 8, [0.08139018411993082, -0.3059148299680158, 0.7250017881393432], [0.0, 0.0, 0.0, 1.0]], [0, 6, [0.08419674219303187, 0.15155413594745737, 0.7250017881393432], [0.0, 0.0, 0.0, 1.0]], [2, null, null, null], [2, null, null, null], [0, 5, [0.055840369835765596, -0.08096853626186011, 0.7295347809791565], [0.0, 0.0, 0.0, 1.0]], [2, null, null, null], [0, 4, [-0.14594101980125523, -0.08139018411993079, 0.7250017881393432], [0.0, 0.0, 0.0, 1.0]], [2, null, null, null], [2, null, null, null], [2, null, null, null], [2, null, null, null], [0, 3, [0.053324603388920186, 0.31994762033352103, 0.7250017881393432], [0.0, 0.0, 0.0, 1.0]], [2, null, null, null], [0, 2, [0.04989006066554498, -0.08592177114621635, 0.7358788013458252], [0.0, 0.0, 0.0, 1.0]], [2, null, null, null], [2, null, null, null], [2, null, null, null]], "scene_graph": {"left": [[6, 7], [3, 6], [3, 5], [7, 8], [5, 8], [2, 8]], "right": [[8, 7], [8, 5], [8, 2], [6, 3], [7, 6], [5, 3]], "front": [[4, 7], [4, 5], [4, 2]], "behind": [[7, 4], [5, 4], [2, 4]], "on": [[7, 5], [5, 2]], "under": [[5, 7], [2, 5]], "leftbehind": [], "leftfront": [], "rightbehind": [], "rightfront": []}}