{"objects": {"2": ["plate", "medium"], "8": ["fork", "medium"], "7": ["knife", "medium"], "6": ["bowl", "small"], "5": ["plate", "small"], "4": ["fruit", "medium"], "3": ["glass", "medium"]}, "action_order": [[0, 2, [0.028065580731010623, -0.03367869687721275, 0.7250017881393432], [0.0, 0.0, 0.0, 1.0]], [0, 8, [0.04209837109651594, -0.2666230169446009, 0.7250017881393432], [0.0, 0.0, 0.0, 1.0]], [0, 7, [0.050518045315819125, 0.179619716678468, 0.7250017881393432], [0.0, 0.0, 0.0, 1.0]], [2, null, null, null], [2, null, null, null], [2, null, null, null], [2, null, null, null], [2, null, null, null], [2, null, null, null], [0, 6, [0.027858754321737803, -0.027858754321737806, 0.7314499974250793], [0.0, 0.0, 0.0, 1.0]], [0, 5, [-0.19365250704397333, -0.04209837109651594, 0.7250017881393432], [0.0, 0.0, 0.0, 1.0]], [2, null, null, null], [0, 4, [-0.19541695122274233, -0.041875060976301934, 0.7296432018280029], [0.0, 0.0, 0.0, 1.0]], [2, null, null, null], [2, null, null, null], [2, null, null, null], [2, null, null, null], [2, null, null, null], [2, null, null, null], [0, 3, [0.03929181302341487, -0.4322099432575637, 0.7250017881393432], [0.0, 0.0, 0.0, 1.0]], [2, null, null, null], [2, null, null, null]], "scene_graph": {"left": [[8, 3], [7, 2], [2, 8], [6, 8]], "right": [[8, 2], [8, 6], [3, 8], [2, 7]], "front": [[5, 2], [4, 2], [5, 6]], "behind": [[2, 5], [6, 5], [2, 4]], "on": [[2, 6], [5, 4]], "under": [[6, 2], [4, 5]], "leftbehind": [], "leftfront": [], "rightbehind": [], "rightfront": []}}