{"objects": {"8": ["plate", "medium"], "7": ["fork", "medium"], "6": ["knife", "medium"], "5": ["plate", "small"], "4": ["bowl", "small"], "3": ["glass", "medium"], "2": ["fruit", "medium"]}, "action_order": [[0, 8, [0.0224524645848085, 0.0028065580731010623, 0.7250017881393432], [0.0, 0.0, 0.0, 1.0]], [0, 7, [0.030872138804111687, -0.30030171382181364, 0.7250017881393432], [0.0, 0.0, 0.0, 1.0]], [0, 6, [0.03367869687721275, 0.2666230169446009, 0.7250017881393432], [0.0, 0.0, 0.0, 1.0]], [2, null, null, null], [0, 5, [0.02507463049893126, 0.002786070055436807, 0.731389319896698], [0.0, 0.0, 0.0, 1.0]], [0, 4, [-0.2301377619942871, 0.0028065580731010623, 0.7250017881393432], [0.0, 0.0, 0.0, 1.0]], [0, 3, [-0.2301377619942871, 0.2722361330908031, 0.7250017881393432], [0.0, 0.0, 0.0, 1.0]], [2, null, null, null], [0, 2, [-0.23766003656860152, 0.008388001290656526, 0.7282933354377746], [0.0, 0.0, 0.0, 1.0]], [2, null, null, null]], "scene_graph": {"left": [[6, 8], [3, 4], [3, 2], [8, 7], [5, 7]], "right": [[7, 8], [7, 5], [8, 6], [4, 3], [2, 3]], "front": [[4, 8], [3, 6], [2, 8], [4, 5]], "behind": [[8, 4], [6, 3], [5, 4], [8, 2]], "on": [[8, 5], [4, 2]], "under": [[5, 8], [2, 4]], "leftbehind": [], "leftfront": [[4, 7]], "rightbehind": [[7, 4]], "rightfront": []}}