{"objects": {"8": ["plate", "medium"], "7": ["fork", "medium"], "6": ["knife", "medium"], "5": ["glass", "medium"], "4": ["bowl", "small"], "3": ["plate", "small"], "2": ["fruit", "medium"]}, "action_order": [[0, 8, [0.061744277608223375, -0.014032790365505313, 0.7250017881393432], [0.0, 0.0, 0.0, 1.0]], [0, 7, [0.07858362604682974, -0.25820334272529777, 0.7250017881393432], [0.0, 0.0, 0.0, 1.0]], [0, 6, [0.09542297448543612, 0.1964590651170744, 0.7250017881393432], [0.0, 0.0, 0.0, 1.0]], [0, 5, [0.09261641641233505, 0.3873050140879466, 0.7250017881393432], [0.0, 0.0, 0.0, 1.0]], [2, null, null, null], [0, 4, [-0.16278036823986164, -0.014032790365505313, 0.7250017881393432], [0.0, 0.0, 0.0, 1.0]], [0, 3, [-0.16278036823986164, 0.19926562319017543, 0.7250017881393432], [0.0, 0.0, 0.0, 1.0]], [2, null, null, null], [2, null, null, null], [0, 2, [-0.15937906422560869, -0.016776743602695654, 0.7282548308372497], [0.0, 0.0, 0.0, 1.0]], [2, null, null, null], [2, null, null, null]], "scene_graph": {"left": [[6, 8], [5, 6], [3, 4], [3, 2], [8, 7]], "right": [[8, 6], [7, 8], [6, 5], [4, 3], [2, 3]], "front": [[4, 8], [3, 6], [2, 8]], "behind": [[8, 4], [8, 2], [6, 3]], "on": [[4, 2]], "under": [[2, 4]], "leftbehind": [[5, 3]], "leftfront": [[4, 7], [2, 7]], "rightbehind": [[7, 4], [7, 2]], "rightfront": [[3, 5]]}}