{"objects": {"5": ["fork", "medium"], "8": ["knife", "medium"], "7": ["plate", "medium"], "3": ["plate", "small"], "2": ["bowl", "small"], "4": ["fruit", "medium"], "6": ["glass", "medium"]}, "action_order": [[0, 5, [0.04209837109651594, -0.2666230169446009, 0.7250017881393432], [0.0, 0.0, 0.0, 1.0]], [0, 8, [0.050518045315819125, 0.179619716678468, 0.7250017881393432], [0.0, 0.0, 0.0, 1.0]], [2, null, null, null], [2, null, null, null], [2, null, null, null], [2, null, null, null], [2, null, null, null], [2, null, null, null], [2, null, null, null], [2, null, null, null], [2, null, null, null], [2, null, null, null], [2, null, null, null], [2, null, null, null], [2, null, null, null], [2, null, null, null], [2, null, null, null], [0, 7, [0.03929181302341487, -0.14032790365505313, 0.7250017881393432], [0.0, 0.0, 0.0, 1.0]], [0, 3, [0.04771148724271806, 0.053324603388920186, 0.7250017881393432], [0.0, 0.0, 0.0, 1.0]], [2, null, null, null], [2, null, null, null], [0, 2, [-0.15436069402055844, -0.036485254950313815, 0.7250017881393432], [0.0, 0.0, 0.0, 1.0]], [2, null, null, null], [2, null, null, null], [0, 4, [-0.1510079538635262, -0.030760879490718304, 0.7281551718711853], [0.0, 0.0, 0.0, 1.0]], [2, null, null, null], [2, null, null, null], [2, null, null, null], [2, null, null, null], [0, 6, [-0.16839348438606375, 0.17400660053226588, 0.7250017881393432], [0.0, 0.0, 0.0, 1.0]], [2, null, null, null], [2, null, null, null], [2, null, null, null]], "scene_graph": {"left": [[8, 3], [7, 5], [3, 7], [6, 2], [6, 4]], "right": [[5, 7], [7, 3], [3, 8], [2, 6], [4, 6]], "front": [[2, 7], [4, 7], [6, 8], [2, 3]], "behind": [[8, 6], [7, 2], [3, 2], [7, 4]], "on": [[2, 4]], "under": [[4, 2]], "leftbehind": [[8, 2]], "leftfront": [[2, 5], [4, 5]], "rightbehind": [[5, 2], [5, 4]], "rightfront": [[2, 8]]}}