{"objects": {"8": ["plate", "medium"], "7": ["fork", "medium"], "6": ["knife", "medium"], "5": ["plate", "small"], "4": ["bowl", "small"], "3": ["fruit", "medium"], "2": ["glass", "medium"]}, "action_order": [[0, 8, [0.053324603388920186, -0.07577706797372868, 0.7250017881393432], [0.0, 0.0, 0.0, 1.0]], [0, 7, [0.08139018411993082, -0.3059148299680158, 0.7250017881393432], [0.0, 0.0, 0.0, 1.0]], [0, 6, [0.08419674219303187, 0.15155413594745737, 0.7250017881393432], [0.0, 0.0, 0.0, 1.0]], [2, null, null, null], [2, null, null, null], [0, 5, [0.055840369835765596, -0.08096853626186011, 0.7295347809791565], [0.0, 0.0, 0.0, 1.0]], [2, null, null, null], [0, 4, [-0.14594101980125523, -0.08139018411993079, 0.7250017881393432], [0.0, 0.0, 0.0, 1.0]], [2, null, null, null], [0, 3, [-0.153759656089024, -0.07827764309986675, 0.7284087896347046], [0.0, 0.0, 0.0, 1.0]], [2, null, null, null], [0, 2, [-0.14594101980125523, -0.31714106226042, 0.7250017881393432], [0.0, 0.0, 0.0, 1.0]], [2, null, null, null], [2, null, null, null]], "scene_graph": {"left": [[6, 8], [8, 7], [5, 7], [4, 2], [3, 2]], "right": [[7, 8], [7, 5], [2, 4], [2, 3], [8, 6]], "front": [[4, 8], [3, 8], [2, 7], [4, 5]], "behind": [[8, 4], [7, 2], [5, 4], [8, 3]], "on": [[8, 5], [4, 3]], "under": [[5, 8], [3, 4]], "leftbehind": [], "leftfront": [], "rightbehind": [], "rightfront": []}}