{"objects": {"8": ["plate", "medium"], "7": ["fork", "medium"], "6": ["knife", "medium"], "5": ["plate", "small"], "4": ["bowl", "small"], "3": ["fruit", "medium"], "2": ["glass", "medium"]}, "action_order": [[0, 8, [0.028065580731010623, -0.03367869687721275, 0.7250017881393432], [0.0, 0.0, 0.0, 1.0]], [0, 7, [0.04209837109651594, -0.2666230169446009, 0.7250017881393432], [0.0, 0.0, 0.0, 1.0]], [0, 6, [0.050518045315819125, 0.179619716678468, 0.7250017881393432], [0.0, 0.0, 0.0, 1.0]], [2, null, null, null], [2, null, null, null], [0, 5, [0.027866327040253, -0.03622622515232891, 0.731213903427124], [0.0, 0.0, 0.0, 1.0]], [0, 4, [-0.19365250704397333, -0.03929181302341487, 0.7250017881393432], [0.0, 0.0, 0.0, 1.0]], [2, null, null, null], [0, 3, [-0.19293505782685294, -0.03355392310032225, 0.7282435059547424], [0.0, 0.0, 0.0, 1.0]], [0, 2, [0.028065580731010623, 0.30030171382181364, 0.7250017881393432], [0.0, 0.0, 0.0, 1.0]], [2, null, null, null], [2, null, null, null], [2, null, null, null]], "scene_graph": {"left": [[6, 8], [6, 5], [2, 6], [8, 7], [5, 7]], "right": [[7, 8], [7, 5], [6, 2], [8, 6], [5, 6]], "front": [[4, 8], [3, 8], [4, 5]], "behind": [[8, 4], [5, 4], [8, 3]], "on": [[8, 5], [4, 3]], "under": [[5, 8], [3, 4]], "leftbehind": [], "leftfront": [[4, 7]], "rightbehind": [[7, 4]], "rightfront": []}}