{"objects": {"5": ["fork", "medium"], "4": ["knife", "medium"], "7": ["plate", "medium"], "2": ["plate", "medium"], "3": ["fork", "medium"], "6": ["knife", "medium"]}, "action_order": [[0, 5, [0.2301377619942871, -0.28907548152940943, 0.7250017881393432], [0.0, 0.0, 0.0, 1.0]], [0, 4, [0.2553967846521967, 0.31994762033352103, 0.7250017881393432], [0.0, 0.0, 0.0, 1.0]], [2, null, null, null], [2, null, null, null], [2, null, null, null], [1, 4, [0.25539678465219673, 0.28994762033352106, 0.7791501817224169], [0.0, 0.0, 0.0, 1.0]], [1, 4, [0.25539678465219673, 0.25994762033352103, 0.8], [0.0, 0.0, 0.0, 1.0]], [1, 4, [0.25539678465219673, 0.22994762033352104, 0.8], [0.0, 0.0, 0.0, 1.0]], [2, null, null, null], [2, null, null, null], [2, null, null, null], [2, null, null, null], [0, 7, [0.23294432006738822, -0.15155413594745737, 0.7250017881393432], [0.0, 0.0, 0.0, 1.0]], [0, 2, [0.24136399428669136, 0.07858362604682974, 0.7250017881393432], [0.0, 0.0, 0.0, 1.0]], [2, null, null, null], [0, 3, [0.22733120392118605, -0.36485254950313806, 0.7250017881393432], [0.0, 0.0, 0.0, 1.0]], [0, 6, [0.23575087814048923, 0.31994762033352103, 0.7250017881393432], [0.0, 0.0, 0.0, 1.0]], [2, null, null, null], [1, 5, [0.26039722004949006, -0.28869569310386795, 0.7832285847742817], [0.0, 0.0, 0.0, 1.0]], [1, 5, [0.23039722004949006, -0.28869569310386795, 0.8], [0.0, 0.0, 0.0, 1.0]], [1, 5, [0.23039722004949006, -0.3186956931038679, 0.8], [0.0, 0.0, 0.0, 1.0]], [2, null, null, null], [1, 3, [0.22769300844200177, -0.39474316155294265, 0.7834538827888343], [0.0, 0.0, 0.0, 1.0]], [2, null, null, null], [1, 4, [0.2553958267529509, 0.25993131634471833, 0.7779899840963881], [0.0, 0.0, 0.0, 1.0]], [2, null, null, null]], "scene_graph": {"left": [[5, 3], [4, 2], [7, 5], [2, 7], [6, 4]], "right": [[5, 7], [4, 6], [7, 2], [2, 4], [3, 5]], "front": [], "behind": [], "on": [], "under": [], "leftbehind": [], "leftfront": [], "rightbehind": [], "rightfront": []}}