{"objects": {"7": ["plate", "medium"], "6": ["fork", "medium"], "5": ["fork", "medium"], "4": ["knife", "medium"], "3": ["knife", "medium"], "2": ["plate", "medium"]}, "action_order": [[0, 7, [0.19365250704397333, -0.025259022657909563, 0.7250017881393432], [0.0, 0.0, 0.0, 1.0]], [0, 6, [0.2301377619942871, -0.28907548152940943, 0.7250017881393432], [0.0, 0.0, 0.0, 1.0]], [0, 5, [0.25259022657909563, -0.21891152970188285, 0.7250017881393432], [0.0, 0.0, 0.0, 1.0]], [0, 4, [0.24978366850599457, 0.19926562319017543, 0.7250017881393432], [0.0, 0.0, 0.0, 1.0]], [0, 3, [0.2553967846521967, 0.31994762033352103, 0.7250017881393432], [0.0, 0.0, 0.0, 1.0]], [2, null, null, null], [1, 7, [0.2236752170648613, -0.024833093757521026, 0.790017342221889], [0.0, 0.0, 0.0, 1.0]], [2, null, null, null], [1, 4, [0.24974603625125116, 0.16916793085015958, 0.7780154296938986], [0.0, 0.0, 0.0, 1.0]], [1, 4, [0.24974603625125116, 0.13916793085015958, 0.8], [0.0, 0.0, 0.0, 1.0]], [2, null, null, null], [1, 3, [0.25539678465219673, 0.28994762033352106, 0.7791501817224169], [0.0, 0.0, 0.0, 1.0]], [1, 3, [0.25539678465219673, 0.25994762033352103, 0.8], [0.0, 0.0, 0.0, 1.0]], [1, 3, [0.25539678465219673, 0.22994762033352104, 0.8], [0.0, 0.0, 0.0, 1.0]], [2, null, null, null], [1, 5, [0.22315075885696936, -0.22435522944263306, 0.7859408040113296], [0.0, 0.0, 0.0, 1.0]], [2, null, null, null], [1, 5, [0.22315078034427083, -0.1943520926240045, 0.7859175527368263], [0.0, 0.0, 0.0, 1.0]], [2, null, null, null], [0, 2, [-0.01122623229240425, -0.04209837109651594, 0.7250017881393432], [0.0, 0.0, 0.0, 1.0]], [2, null, null, null]], "scene_graph": {"left": [[7, 5], [5, 6], [4, 7], [3, 4]], "right": [[7, 4], [6, 5], [5, 7], [4, 3]], "front": [[2, 7]], "behind": [[7, 2]], "on": [], "under": [], "leftbehind": [[4, 2], [3, 2]], "leftfront": [[2, 5], [2, 6]], "rightbehind": [[6, 2], [5, 2]], "rightfront": [[2, 4], [2, 3]]}}