{"objects": {"9": ["plate", "medium"], "8": ["plate", "medium"], "7": ["knife", "medium"], "6": ["knife", "medium"], "5": ["fork", "medium"], "4": ["fork", "medium"], "3": ["glass", "medium"], "2": ["glass", "medium"]}, "action_order": [[0, 9, [0.2048787393363776, -0.19926562319017546, 0.7250017881393432], [0.0, 0.0, 0.0, 1.0]], [0, 8, [0.22733120392118608, 0.06735739375442551, 0.7250017881393432], [0.0, 0.0, 0.0, 1.0]], [2, null, null, null], [1, 8, [0.19749452530201497, 0.06735706053848727, 0.7890576053295024], [0.0, 0.0, 0.0, 1.0]], [2, null, null, null], [0, 7, [0.19926562319017546, 0.24136399428669142, 0.7250017881393432], [0.0, 0.0, 0.0, 1.0]], [0, 6, [0.20768529740947864, 0.35362631721073395, 0.7250017881393432], [0.0, 0.0, 0.0, 1.0]], [0, 5, [0.20768529740947864, -0.3816918979417446, 0.7250017881393432], [0.0, 0.0, 0.0, 1.0]], [0, 4, [0.24697711043289353, -0.4967607789388882, 0.7250017881393432], [0.0, 0.0, 0.0, 1.0]], [2, null, null, null], [1, 9, [0.2050970555701883, -0.1694365089959509, 0.7894717901751428], [0.0, 0.0, 0.0, 1.0]], [2, null, null, null], [1, 6, [0.20783877357881755, 0.325560870887457, 0.7840278078946289], [0.0, 0.0, 0.0, 1.0]], [2, null, null, null], [1, 4, [0.2473415541132045, -0.4667805915130495, 0.7834867851664216], [0.0, 0.0, 0.0, 1.0]], [1, 4, [0.2173415541132045, -0.4667805915130495, 0.8], [0.0, 0.0, 0.0, 1.0]], [2, null, null, null], [1, 5, [0.2080497388546173, -0.35170873509621337, 0.7834847626240112], [0.0, 0.0, 0.0, 1.0]], [2, null, null, null], [1, 4, [0.21734157688074865, -0.436780775093627, 0.7834869959817898], [0.0, 0.0, 0.0, 1.0]], [2, null, null, null], [0, 3, [0.022452464584808502, 0.0757770679737287, 0.7250017881393432], [0.0, 0.0, 0.0, 1.0]], [0, 2, [0.028065580731010627, -0.1740066005322659, 0.7250017881393432], [0.0, 0.0, 0.0, 1.0]], [1, 3, [0.022452464584808502, 0.0457770679737287, 0.8], [0.0, 0.0, 0.0, 1.0]], [1, 3, [-0.007547535415191497, 0.0457770679737287, 0.8], [0.0, 0.0, 0.0, 1.0]], [2, null, null, null], [1, 2, [0.0283225567560422, -0.1467822703151847, 0.8], [0.0, 0.0, 0.0, 1.0]], [1, 2, [-0.001677443243957799, -0.1467822703151847, 0.8], [0.0, 0.0, 0.0, 1.0]], [2, null, null, null]], "scene_graph": {"left": [[9, 5], [8, 9], [7, 8], [6, 7], [5, 4], [3, 2]], "right": [[9, 8], [8, 7], [7, 6], [5, 9], [4, 5], [2, 3]], "front": [[3, 8], [2, 9]], "behind": [[9, 2], [8, 3]], "on": [], "under": [], "leftbehind": [[7, 3], [6, 3], [8, 2]], "leftfront": [[3, 9], [2, 5], [2, 4]], "rightbehind": [[5, 2], [4, 2], [9, 3]], "rightfront": [[2, 8], [3, 7], [3, 6]]}}