{"objects": {"9": ["plate", "medium"], "8": ["knife", "medium"], "7": ["fork", "medium"], "6": ["plate", "medium"], "5": ["knife", "medium"], "4": ["fork", "medium"], "3": ["glass", "medium"], "2": ["glass", "medium"]}, "action_order": [[0, 9, [0.2525902265790957, -0.011226232292404251, 0.7250017881393432], [0.0, 0.0, 0.0, 1.0]], [0, 8, [0.25820334272529777, 0.18523283282467015, 0.7250017881393432], [0.0, 0.0, 0.0, 1.0]], [0, 7, [0.27784924923700527, -0.21891152970188293, 0.7250017881393432], [0.0, 0.0, 0.0, 1.0]], [0, 6, [-0.28626892345630844, -0.008419674219303189, 0.7250017881393432], [0.0, 0.0, -1.0, 6.123233995736766e-17]], [0, 5, [-0.31994762033352114, -0.23294432006738827, 0.7250017881393432], [0.0, 0.0, -1.0, 6.123233995736766e-17]], [0, 4, [-0.35643287528383505, 0.2048787393363776, 0.7250017881393432], [0.0, 0.0, -1.0, 6.123233995736766e-17]], [2, null, null, null], [0, 3, [0.08139018411993083, 0.19365250704397335, 0.7250017881393432], [0.0, 0.0, 0.0, 1.0]], [0, 2, [-0.10945576485094145, -0.22733120392118614, 0.7250017881393432], [0.0, 0.0, -1.0, 6.123233995736766e-17]], [1, 2, [-0.13945576485094147, -0.22733120392118614, 0.8], [0.0, 0.0, 0.0, 1.0]], [1, 2, [-0.10945576485094147, -0.22733120392118614, 0.8], [0.0, 0.0, 0.0, 1.0]], [1, 6, [-0.31626898790751246, -0.008419662134020187, 0.7791133978577947], [0.0, 0.0, 0.0, 1.0]], [1, 4, [-0.3267067511465527, 0.204661246790123, 0.7832277636812013], [0.0, 0.0, 0.0, 1.0]], [2, null, null, null]], "scene_graph": {"left": [[9, 7], [8, 9], [6, 5], [4, 6]], "right": [[9, 8], [7, 9], [6, 4], [5, 6]], "front": [[5, 2], [4, 3], [3, 8], [2, 7]], "behind": [[8, 3], [7, 2], [3, 4], [2, 5]], "on": [], "under": [], "leftbehind": [], "leftfront": [[6, 2], [3, 9]], "rightbehind": [[9, 3], [2, 6]], "rightfront": []}}