{"objects": {"9": ["plate", "medium"], "8": ["plate", "medium"], "7": ["knife", "medium"], "6": ["knife", "medium"], "5": ["fork", "medium"], "4": ["fork", "medium"], "3": ["glass", "medium"], "2": ["glass", "medium"]}, "action_order": [[0, 9, [0.2806558073101063, -0.011226232292404251, 0.7250017881393432], [0.0, 0.0, 0.0, 1.0]], [0, 8, [0.0757770679737287, -0.025259022657909563, 0.7250017881393432], [0.0, 0.0, 0.0, 1.0]], [0, 7, [0.26942957501770204, 0.18242627475156906, 0.7250017881393432], [0.0, 0.0, 0.0, 1.0]], [0, 6, [0.28626892345630844, 0.2918820396025105, 0.7250017881393432], [0.0, 0.0, 0.0, 1.0]], [0, 5, [0.32275417840662224, -0.23575087814048928, 0.7250017881393432], [0.0, 0.0, 0.0, 1.0]], [0, 4, [0.33959352684522864, -0.35362631721073395, 0.7250017881393432], [0.0, 0.0, 0.0, 1.0]], [0, 3, [0.033678696877212755, 0.2750426911639042, 0.7250017881393432], [0.0, 0.0, 0.0, 1.0]], [0, 2, [0.05051804531581913, -0.31714106226042005, 0.7250017881393432], [0.0, 0.0, 0.0, 1.0]], [2, null, null, null], [1, 5, [0.29323308441377083, -0.24134284278440787, 0.7859429619247419], [0.0, 0.0, 0.0, 1.0]], [1, 5, [0.2632330844137708, -0.24134284278440787, 0.8], [0.0, 0.0, 0.0, 1.0]], [1, 5, [0.2632330844137708, -0.21134284278440787, 0.8], [0.0, 0.0, 0.0, 1.0]], [2, null, null, null], [1, 4, [0.30995782183557596, -0.3536492706262635, 0.7834867381520942], [0.0, 0.0, 0.0, 1.0]], [1, 4, [0.27995782183557594, -0.3536492706262635, 0.8], [0.0, 0.0, 0.0, 1.0]], [1, 4, [0.27995782183557594, -0.3236492706262635, 0.8], [0.0, 0.0, 0.0, 1.0]], [1, 3, [0.03227383865730941, 0.24417805040564597, 0.8], [0.0, 0.0, 0.0, 1.0]], [1, 3, [0.062273838657309406, 0.24417805040564597, 0.8], [0.0, 0.0, 0.0, 1.0]], [1, 6, [0.2862328082787426, 0.2618009404452749, 0.7780163550828492], [0.0, 0.0, 0.0, 1.0]], [2, null, null, null], [1, 2, [0.05052161992910937, -0.2871540608337211, 0.8], [0.0, 0.0, 0.0, 1.0]], [1, 2, [0.08052161992910936, -0.2871540608337211, 0.8], [0.0, 0.0, 0.0, 1.0]], [1, 2, [0.08052161992910936, -0.25715406083372105, 0.8], [0.0, 0.0, 0.0, 1.0]], [1, 4, [0.2799578176386649, -0.29364904310855733, 0.7834765697415933], [0.0, 0.0, 0.0, 1.0]], [2, null, null, null], [1, 3, [0.06226620033237567, 0.2141728960513244, 0.8], [0.0, 0.0, 0.0, 1.0]], [2, null, null, null]], "scene_graph": {"left": [[9, 5], [8, 5], [7, 9], [6, 7], [5, 4], [3, 8], [7, 8], [8, 2]], "right": [[9, 7], [8, 7], [7, 6], [5, 8], [4, 5], [2, 8], [5, 9], [8, 3]], "front": [[8, 9], [3, 7], [3, 6], [2, 5], [2, 4]], "behind": [[9, 8], [7, 3], [6, 3], [5, 2], [4, 2]], "on": [], "under": [], "leftbehind": [], "leftfront": [], "rightbehind": [], "rightfront": []}}