{"objects": {"8": ["plate", "medium"], "10": ["knife", "medium"], "9": ["fork", "medium"], "7": ["glass", "medium"], "6": ["plate", "medium"], "5": ["knife", "medium"], "4": ["glass", "medium"], "3": ["pitcher", "medium"], "2": ["fork", "medium"]}, "action_order": [[0, 8, [0.2974951557487127, 0.011226232292404251, 0.7250017881393432], [0.0, 0.0, 0.0, 1.0]], [0, 10, [0.30030171382181375, 0.2048787393363776, 0.7250017881393432], [0.0, 0.0, 0.0, 1.0]], [0, 9, [0.3283672945528244, -0.21329841355568077, 0.7250017881393432], [0.0, 0.0, 0.0, 1.0]], [0, 7, [0.14594101980125526, 0.2020721812632765, 0.7250017881393432], [0.0, 0.0, 0.0, 1.0]], [0, 6, [-0.30872138804111693, -0.011226232292404251, 0.7250017881393432], [0.0, 0.0, 0.0, 1.0]], [0, 5, [-0.3452066429914307, -0.224524645848085, 0.7250017881393432], [0.0, 0.0, -1.0, 6.123233995736766e-17]], [2, null, null, null], [2, null, null, null], [0, 4, [-0.12910167136264888, -0.18242627475156906, 0.7250017881393432], [0.0, 0.0, 0.0, 1.0]], [0, 3, [0.0, 0.0, 0.7250017881393432], [0.0, 0.0, 0.0, 1.0]], [1, 9, [0.2987325888920268, -0.21331438735555236, 0.7834907491530719], [0.0, 0.0, 0.0, 1.0]], [1, 9, [0.2987325888920268, -0.18331438735555236, 0.8], [0.0, 0.0, 0.0, 1.0]], [2, null, null, null], [1, 10, [0.3004544715664994, 0.17678438875891436, 0.7840104329585917], [0.0, 0.0, 0.0, 1.0]], [2, null, null, null], [1, 5, [-0.3451957878796574, -0.1945460095219086, 0.7783551241100767], [0.0, 0.0, 0.0, 1.0]], [2, null, null, null], [0, 2, [-0.31994762033352114, 0.17681315860536698, 0.7250017881393432], [0.0, 0.0, -1.0, 6.123233995736766e-17]], [2, null, null, null], [1, 7, [0.1462747326384503, 0.1716016268025357, 0.8], [0.0, 0.0, 0.0, 1.0]], [1, 7, [0.11627473263845031, 0.1716016268025357, 0.8], [0.0, 0.0, 0.0, 1.0]], [2, null, null, null], [1, 3, [6.366183349271926e-06, 0.03000072632923224, 0.8], [0.0, 0.0, 0.0, 1.0]], [2, null, null, null], [1, 3, [-0.017647633418484885, 0.019845341178701403, 0.8], [0.0, 0.0, 0.0, 1.0]], [1, 3, [-0.017647633418484885, 0.0498453411787014, 0.8], [0.0, 0.0, 0.0, 1.0]], [2, null, null, null]], "scene_graph": {"left": [[8, 9], [10, 8], [6, 5], [2, 6]], "right": [[8, 10], [9, 8], [6, 2], [5, 6]], "front": [[7, 10], [5, 4], [3, 8], [4, 9]], "behind": [[10, 7], [9, 4], [4, 5], [8, 3]], "on": [], "under": [], "leftbehind": [[10, 3], [7, 3], [3, 4], [3, 5]], "leftfront": [[7, 8], [6, 4], [2, 3], [3, 9]], "rightbehind": [[8, 7], [9, 3], [4, 6], [3, 2]], "rightfront": [[5, 3], [4, 3], [3, 7], [3, 10]]}}