{"objects": {"3": ["plate", "medium"], "2": ["fork", "medium"], "4": ["knife", "medium"], "5": ["plate", "medium"], "6": ["knife", "medium"], "7": ["fork", "medium"], "8": ["glass", "medium"], "9": ["fruit", "medium"], "10": ["glass", "medium"]}, "action_order": [[0, 3, [0.2301377619942871, -0.008419674219303187, 0.7250017881393432], [0.0, 0.0, 0.0, 1.0]], [0, 2, [0.24978366850599457, -0.22171808777498392, 0.7250017881393432], [0.0, 0.0, 0.0, 1.0]], [0, 4, [0.23575087814048923, 0.17681315860536695, 0.7250017881393432], [0.0, 0.0, 0.0, 1.0]], [2, null, null, null], [0, 5, [-0.22733120392118605, -0.01122623229240425, 0.7250017881393432], [0.0, 0.0, -1.0, 6.123233995736766e-17]], [0, 6, [-0.23575087814048923, -0.22171808777498392, 0.7250017881393432], [0.0, 0.0, -1.0, 6.123233995736766e-17]], [0, 7, [-0.24978366850599457, 0.1936525070439733, 0.7250017881393432], [0.0, 0.0, -1.0, 6.123233995736766e-17]], [2, null, null, null], [0, 8, [-0.050518045315819125, -0.22733120392118608, 0.7250017881393432], [0.0, 0.0, 0.0, 1.0]], [0, 9, [0.23865432800945943, 0.005550100651382778, 0.7348249316215515], [0.0, 0.0, 0.0, 1.0]], [2, null, null, null], [2, null, null, null], [2, null, null, null], [2, null, null, null], [2, null, null, null], [2, null, null, null], [0, 10, [0.2469771104328935, -0.35081975913763286, 0.7250017881393432], [0.0, 0.0, 0.0, 1.0]], [2, null, null, null], [2, null, null, null]], "scene_graph": {"left": [[2, 10], [4, 3], [4, 9], [5, 6], [7, 5], [3, 2]], "right": [[3, 4], [2, 3], [5, 7], [6, 5], [9, 4], [10, 2]], "front": [[6, 8], [7, 4], [8, 2]], "behind": [[2, 8], [4, 7], [8, 6]], "on": [[3, 9]], "under": [[9, 3]], "leftbehind": [], "leftfront": [[5, 8], [8, 10]], "rightbehind": [[8, 5], [10, 8]], "rightfront": []}}