{"objects": {"3": ["plate", "medium"], "4": ["fork", "medium"], "2": ["knife", "medium"], "5": ["plate", "medium"], "6": ["knife", "medium"], "7": ["fork", "medium"], "8": ["fruit", "medium"], "10": ["glass", "medium"], "9": ["glass", "medium"]}, "action_order": [[0, 3, [0.2301377619942871, -0.008419674219303187, 0.7250017881393432], [0.0, 0.0, 0.0, 1.0]], [0, 4, [0.24978366850599457, -0.22171808777498392, 0.7250017881393432], [0.0, 0.0, 0.0, 1.0]], [0, 2, [0.23575087814048923, 0.17681315860536695, 0.7250017881393432], [0.0, 0.0, 0.0, 1.0]], [2, null, null, null], [0, 5, [-0.22733120392118605, -0.01122623229240425, 0.7250017881393432], [0.0, 0.0, -1.0, 6.123233995736766e-17]], [0, 6, [-0.23575087814048923, -0.22171808777498392, 0.7250017881393432], [0.0, 0.0, -1.0, 6.123233995736766e-17]], [0, 7, [-0.24978366850599457, 0.1936525070439733, 0.7250017881393432], [0.0, 0.0, -1.0, 6.123233995736766e-17]], [2, null, null, null], [2, null, null, null], [2, null, null, null], [2, null, null, null], [2, null, null, null], [2, null, null, null], [2, null, null, null], [2, null, null, null], [2, null, null, null], [2, null, null, null], [2, null, null, null], [2, null, null, null], [2, null, null, null], [2, null, null, null], [0, 8, [-0.20112185231157004, -0.016760154359297504, 0.7291168332099914], [0.0, 0.0, 0.0, 1.0]], [2, null, null, null], [2, null, null, null], [2, null, null, null], [2, null, null, null], [0, 10, [0.03648525495031381, 0.16839348438606375, 0.7250017881393432], [0.0, 0.0, 0.0, 1.0]], [2, null, null, null], [0, 9, [-0.05893771953512231, -0.2104918554825797, 0.7250017881393432], [0.0, 0.0, 0.0, 1.0]], [2, null, null, null], [2, null, null, null]], "scene_graph": {"left": [[3, 4], [2, 3], [7, 5], [7, 8], [8, 6], [5, 6], [5, 9]], "right": [[3, 2], [4, 3], [5, 7], [6, 5], [6, 8], [9, 5], [8, 7]], "front": [[6, 9], [7, 10], [10, 2], [9, 4]], "behind": [[4, 9], [2, 10], [10, 7], [9, 6]], "on": [[5, 8]], "under": [[8, 5]], "leftbehind": [[2, 5]], "leftfront": [[10, 3], [8, 9]], "rightbehind": [[3, 10], [9, 8]], "rightfront": [[5, 2]]}}