{"objects": {"10": ["plate", "medium"], "8": ["fork", "medium"], "9": ["knife", "medium"], "7": ["plate", "medium"], "6": ["knife", "medium"], "5": ["fork", "medium"], "4": ["fruit", "medium"], "3": ["glass", "medium"], "2": ["glass", "medium"]}, "action_order": [[0, 10, [0.2301377619942871, -0.008419674219303187, 0.7250017881393432], [0.0, 0.0, 0.0, 1.0]], [0, 8, [0.24978366850599457, -0.22171808777498392, 0.7250017881393432], [0.0, 0.0, 0.0, 1.0]], [0, 9, [0.23575087814048923, 0.17681315860536695, 0.7250017881393432], [0.0, 0.0, 0.0, 1.0]], [2, null, null, null], [0, 7, [-0.22733120392118605, -0.01122623229240425, 0.7250017881393432], [0.0, 0.0, -1.0, 6.123233995736766e-17]], [0, 6, [-0.23575087814048923, -0.22171808777498392, 0.7250017881393432], [0.0, 0.0, -1.0, 6.123233995736766e-17]], [0, 5, [-0.24978366850599457, 0.1936525070439733, 0.7250017881393432], [0.0, 0.0, -1.0, 6.123233995736766e-17]], [2, null, null, null], [0, 4, [0.23865432800945943, 0.005550100651382778, 0.7348249316215515], [0.0, 0.0, 0.0, 1.0]], [2, null, null, null], [2, null, null, null], [2, null, null, null], [2, null, null, null], [2, null, null, null], [2, null, null, null], [2, null, null, null], [2, null, null, null], [2, null, null, null], [2, null, null, null], [0, 3, [0.2301377619942871, 0.29749515574871266, 0.7250017881393432], [0.0, 0.0, 0.0, 1.0]], [2, null, null, null], [2, null, null, null], [2, null, null, null], [0, 2, [-0.22733120392118605, -0.35643287528383494, 0.7250017881393432], [0.0, 0.0, 0.0, 1.0]]], "scene_graph": {"left": [[9, 10], [7, 6], [6, 2], [5, 7], [3, 9], [3, 4], [10, 8], [4, 8]], "right": [[10, 9], [8, 10], [8, 4], [9, 3], [7, 5], [6, 7], [2, 6], [4, 3]], "front": [[6, 8], [5, 9]], "behind": [[8, 6], [9, 5]], "on": [[10, 4]], "under": [[4, 10]], "leftbehind": [], "leftfront": [], "rightbehind": [], "rightfront": []}}