{"objects": {"9": ["plate", "medium"], "10": ["fork", "medium"], "8": ["knife", "medium"], "7": ["plate", "medium"], "6": ["knife", "medium"], "5": ["fork", "medium"], "3": ["glass", "medium"], "2": ["fruit", "medium"], "4": ["glass", "medium"]}, "action_order": [[0, 9, [0.2301377619942871, -0.008419674219303187, 0.7250017881393432], [0.0, 0.0, 0.0, 1.0]], [0, 10, [0.24978366850599457, -0.22171808777498392, 0.7250017881393432], [0.0, 0.0, 0.0, 1.0]], [0, 8, [0.23575087814048923, 0.17681315860536695, 0.7250017881393432], [0.0, 0.0, 0.0, 1.0]], [2, null, null, null], [0, 7, [-0.22733120392118605, -0.01122623229240425, 0.7250017881393432], [0.0, 0.0, -1.0, 6.123233995736766e-17]], [0, 6, [-0.23575087814048923, -0.22171808777498392, 0.7250017881393432], [0.0, 0.0, -1.0, 6.123233995736766e-17]], [0, 5, [-0.24978366850599457, 0.1936525070439733, 0.7250017881393432], [0.0, 0.0, -1.0, 6.123233995736766e-17]], [2, null, null, null], [2, null, null, null], [2, null, null, null], [2, null, null, null], [2, null, null, null], [2, null, null, null], [2, null, null, null], [2, null, null, null], [2, null, null, null], [2, null, null, null], [2, null, null, null], [2, null, null, null], [2, null, null, null], [2, null, null, null], [0, 3, [-0.22733120392118605, -0.35643287528383494, 0.7250017881393432], [0.0, 0.0, 0.0, 1.0]], [0, 2, [-0.20112185231157004, -0.016760154359297504, 0.7291168332099914], [0.0, 0.0, 0.0, 1.0]], [2, null, null, null], [2, null, null, null], [2, null, null, null], [2, null, null, null], [0, 4, [0.03648525495031381, 0.16839348438606375, 0.7250017881393432], [0.0, 0.0, 0.0, 1.0]], [2, null, null, null]], "scene_graph": {"left": [[9, 10], [8, 9], [6, 3], [5, 7], [7, 6], [2, 3]], "right": [[9, 8], [10, 9], [7, 5], [6, 7], [3, 6], [3, 2]], "front": [[5, 4], [4, 8], [6, 10]], "behind": [[10, 6], [8, 4], [4, 5]], "on": [[7, 2]], "under": [[2, 7]], "leftbehind": [], "leftfront": [[4, 9]], "rightbehind": [[9, 4]], "rightfront": []}}