{"objects": {"4": ["plate", "medium"], "2": ["fork", "medium"], "3": ["knife", "medium"], "5": ["plate", "medium"], "6": ["knife", "medium"], "7": ["fork", "medium"], "9": ["glass", "medium"], "8": ["glass", "medium"], "10": ["fruit", "medium"]}, "action_order": [[0, 4, [0.2301377619942871, -0.008419674219303187, 0.7250017881393432], [0.0, 0.0, 0.0, 1.0]], [0, 2, [0.24978366850599457, -0.22171808777498392, 0.7250017881393432], [0.0, 0.0, 0.0, 1.0]], [0, 3, [0.23575087814048923, 0.17681315860536695, 0.7250017881393432], [0.0, 0.0, 0.0, 1.0]], [2, null, null, null], [0, 5, [-0.22733120392118605, -0.01122623229240425, 0.7250017881393432], [0.0, 0.0, -1.0, 6.123233995736766e-17]], [0, 6, [-0.23575087814048923, -0.22171808777498392, 0.7250017881393432], [0.0, 0.0, -1.0, 6.123233995736766e-17]], [0, 7, [-0.24978366850599457, 0.1936525070439733, 0.7250017881393432], [0.0, 0.0, -1.0, 6.123233995736766e-17]], [2, null, null, null], [2, null, null, null], [2, null, null, null], [2, null, null, null], [2, null, null, null], [2, null, null, null], [2, null, null, null], [2, null, null, null], [2, null, null, null], [2, null, null, null], [2, null, null, null], [0, 9, [0.2301377619942871, 0.29749515574871266, 0.7250017881393432], [0.0, 0.0, 0.0, 1.0]], [2, null, null, null], [2, null, null, null], [2, null, null, null], [0, 8, [-0.22733120392118605, -0.35643287528383494, 0.7250017881393432], [0.0, 0.0, 0.0, 1.0]], [0, 10, [-0.20112185231157004, -0.016760154359297504, 0.7291168332099914], [0.0, 0.0, 0.0, 1.0]], [2, null, null, null], [2, null, null, null], [2, null, null, null], [2, null, null, null]], "scene_graph": {"left": [[4, 2], [3, 4], [6, 8], [7, 5], [7, 10], [9, 3], [5, 6], [10, 6]], "right": [[4, 3], [2, 4], [3, 9], [5, 7], [6, 5], [6, 10], [8, 6], [10, 7]], "front": [[7, 3], [6, 2]], "behind": [[2, 6], [3, 7]], "on": [[5, 10]], "under": [[10, 5]], "leftbehind": [], "leftfront": [], "rightbehind": [], "rightfront": []}}