{"objects": {"10": ["plate", "medium"], "9": ["fork", "medium"], "8": ["knife", "medium"], "7": ["plate", "medium"], "6": ["knife", "medium"], "5": ["fork", "medium"], "4": ["glass", "medium"], "3": ["glass", "medium"], "2": ["fruit", "medium"]}, "action_order": [[0, 10, [0.2301377619942871, -0.008419674219303187, 0.7250017881393432], [0.0, 0.0, 0.0, 1.0]], [0, 9, [0.24978366850599457, -0.22171808777498392, 0.7250017881393432], [0.0, 0.0, 0.0, 1.0]], [0, 8, [0.23575087814048923, 0.17681315860536695, 0.7250017881393432], [0.0, 0.0, 0.0, 1.0]], [2, null, null, null], [0, 7, [-0.22733120392118605, -0.01122623229240425, 0.7250017881393432], [0.0, 0.0, -1.0, 6.123233995736766e-17]], [0, 6, [-0.23575087814048923, -0.22171808777498392, 0.7250017881393432], [0.0, 0.0, -1.0, 6.123233995736766e-17]], [0, 5, [-0.24978366850599457, 0.1936525070439733, 0.7250017881393432], [0.0, 0.0, -1.0, 6.123233995736766e-17]], [2, null, null, null], [0, 4, [-0.050518045315819125, -0.22733120392118608, 0.7250017881393432], [0.0, 0.0, 0.0, 1.0]], [0, 3, [0.24978366850599457, 0.2862689234563084, 0.7250017881393432], [0.0, 0.0, 0.0, 1.0]], [0, 2, [0.23865432800945943, 0.005550100651382778, 0.7348249316215515], [0.0, 0.0, 0.0, 1.0]], [2, null, null, null], [2, null, null, null], [2, null, null, null]], "scene_graph": {"left": [[8, 10], [8, 2], [7, 6], [5, 7], [3, 8], [10, 9], [2, 9]], "right": [[10, 8], [9, 10], [9, 2], [8, 3], [7, 5], [6, 7], [2, 8]], "front": [[6, 4], [5, 8], [4, 9]], "behind": [[9, 4], [4, 6], [8, 5]], "on": [[10, 2]], "under": [[2, 10]], "leftbehind": [], "leftfront": [[7, 4]], "rightbehind": [[4, 7]], "rightfront": []}}