{"objects": {"8": ["plate", "medium"], "10": ["fork", "medium"], "9": ["knife", "medium"], "7": ["plate", "medium"], "6": ["knife", "medium"], "5": ["fork", "medium"], "4": ["fruit", "medium"], "2": ["glass", "medium"], "3": ["glass", "medium"]}, "action_order": [[0, 8, [0.2301377619942871, -0.008419674219303187, 0.7250017881393432], [0.0, 0.0, 0.0, 1.0]], [0, 10, [0.24978366850599457, -0.22171808777498392, 0.7250017881393432], [0.0, 0.0, 0.0, 1.0]], [0, 9, [0.23575087814048923, 0.17681315860536695, 0.7250017881393432], [0.0, 0.0, 0.0, 1.0]], [2, null, null, null], [0, 7, [-0.22733120392118605, -0.01122623229240425, 0.7250017881393432], [0.0, 0.0, -1.0, 6.123233995736766e-17]], [0, 6, [-0.23575087814048923, -0.22171808777498392, 0.7250017881393432], [0.0, 0.0, -1.0, 6.123233995736766e-17]], [0, 5, [-0.24978366850599457, 0.1936525070439733, 0.7250017881393432], [0.0, 0.0, -1.0, 6.123233995736766e-17]], [2, null, null, null], [0, 4, [0.23865432800945943, 0.005550100651382778, 0.7348249316215515], [0.0, 0.0, 0.0, 1.0]], [2, null, null, null], [2, null, null, null], [2, null, null, null], [2, null, null, null], [2, null, null, null], [2, null, null, null], [0, 2, [0.2469771104328935, -0.35081975913763286, 0.7250017881393432], [0.0, 0.0, 0.0, 1.0]], [2, null, null, null], [2, null, null, null], [0, 3, [-0.07297050990062762, 0.18803939089777116, 0.7250017881393432], [0.0, 0.0, 0.0, 1.0]], [2, null, null, null], [2, null, null, null]], "scene_graph": {"left": [[10, 2], [9, 8], [9, 4], [7, 6], [5, 7], [8, 10], [4, 10]], "right": [[8, 9], [10, 8], [10, 4], [7, 5], [6, 7], [4, 9], [2, 10]], "front": [[6, 10], [5, 3], [3, 9]], "behind": [[9, 3], [3, 5], [10, 6]], "on": [[8, 4]], "under": [[4, 8]], "leftbehind": [[3, 7]], "leftfront": [], "rightbehind": [], "rightfront": [[7, 3]]}}