{"objects": {"4": ["plate", "medium"], "3": ["knife", "medium"], "2": ["fork", "medium"]}, "action_order": [[0, 4, [0.1515541359474574, -0.0028065580731010628, 0.7250017881393432], [0.0, 0.0, 0.0, 1.0]], [2, null, null, null], [0, 3, [0.1515541359474574, 0.23294432006738827, 0.7250017881393432], [0.0, 0.0, 0.0, 1.0]], [1, 3, [0.1515541359474574, 0.20294432006738827, 0.8], [0.0, 0.0, 0.0, 1.0]], [1, 3, [0.1515541359474574, 0.17294432006738827, 0.8], [0.0, 0.0, 0.0, 1.0]], [1, 3, [0.1215541359474574, 0.17294432006738827, 0.8], [0.0, 0.0, 0.0, 1.0]], [2, null, null, null], [1, 3, [0.15155370131063256, 0.17294324591683088, 0.7783235420299339], [0.0, 0.0, 0.0, 1.0]], [1, 3, [0.18155370131063256, 0.17294324591683088, 0.8], [0.0, 0.0, 0.0, 1.0]], [1, 3, [0.15155370131063256, 0.17294324591683088, 0.8], [0.0, 0.0, 0.0, 1.0]], [1, 3, [0.15155370131063256, 0.17294324591683088, 0.8], [0.0, 0.0, 0.0, 1.0]], [2, null, null, null], [0, 2, [0.15716725209365953, -0.19645906511707442, 0.7250017881393432], [0.0, 0.0, 0.0, 1.0]], [2, null, null, null]], "scene_graph": {"left": [[4, 2], [3, 4]], "right": [[4, 3], [2, 4]], "front": [], "behind": [], "on": [], "under": [], "leftbehind": [], "leftfront": [], "rightbehind": [], "rightfront": []}}