{"objects": {"2": ["plate", "medium"], "3": ["fork", "medium"], "4": ["knife", "medium"], "5": ["fruit", "medium"]}, "action_order": [[0, 2, [0.28626892345630833, 0.008419674219303187, 0.7250017881393432], [0.0, 0.0, 0.0, 1.0]], [0, 3, [0.31714106226042005, -0.1964590651170744, 0.7250017881393432], [0.0, 0.0, 0.0, 1.0]], [0, 4, [0.3255607364797233, 0.1964590651170744, 0.7250017881393432], [0.0, 0.0, 0.0, 1.0]], [2, null, null, null], [1, 4, [0.2955565535380408, 0.19646056010796545, 0.7806297777457177], [0.0, 0.0, 0.0, 1.0]], [1, 4, [0.2955565535380408, 0.19646056010796545, 0.7806297777457177], [0.0, 0.0, 0.0, 1.0]], [2, null, null, null], [1, 3, [0.28738465447888173, -0.1964288785642839, 0.7843508420620126], [0.0, 0.0, 0.0, 1.0]], [2, null, null, null], [2, null, null, null], [2, null, null, null], [2, null, null, null], [2, null, null, null], [2, null, null, null], [2, null, null, null], [2, null, null, null], [2, null, null, null], [0, 5, [0.10103609063163825, 0.005613116146202125, 0.7250017881393432], [0.0, 0.0, 0.0, 1.0]], [2, null, null, null], [2, null, null, null], [2, null, null, null], [2, null, null, null], [2, null, null, null]], "scene_graph": {"left": [[2, 3], [4, 2]], "right": [[2, 4], [3, 2]], "front": [[5, 2]], "behind": [[2, 5]], "on": [], "under": [], "leftbehind": [[4, 5]], "leftfront": [[5, 3]], "rightbehind": [[3, 5]], "rightfront": [[5, 4]]}}