{"objects": {"5": ["knife", "medium"], "4": ["fork", "medium"], "3": ["plate", "medium"], "2": ["fruit", "medium"]}, "action_order": [[0, 5, [-0.01122623229240425, 0.24136399428669142, 0.7250017881393432], [0.0, 0.0, 0.0, 1.0]], [0, 4, [-0.014032790365505312, -0.269429575017702, 0.7250017881393432], [0.0, 0.0, 0.0, 1.0]], [0, 3, [-0.016839348438606374, -0.014032790365505313, 0.7250017881393432], [0.0, 0.0, 0.0, 1.0]], [2, null, null, null], [0, 2, [-0.02220189076611991, 0.008325709037294966, 0.734766936302185], [0.0, 0.0, 0.0, 1.0]], [2, null, null, null], [2, null, null, null], [2, null, null, null], [2, null, null, null], [2, null, null, null], [2, null, null, null], [2, null, null, null]], "scene_graph": {"left": [[5, 3], [5, 2], [2, 4], [3, 4]], "right": [[4, 3], [4, 2], [3, 5], [2, 5]], "front": [], "behind": [], "on": [], "under": [], "leftbehind": [[3, 2]], "leftfront": [], "rightbehind": [], "rightfront": [[2, 3]]}}