{"objects": {"5": ["plate", "medium"], "4": ["fork", "medium"], "3": ["knife", "medium"], "2": ["fruit", "medium"]}, "action_order": [[0, 5, [0.28626892345630833, 0.008419674219303187, 0.7250017881393432], [0.0, 0.0, 0.0, 1.0]], [0, 4, [0.31714106226042005, -0.1964590651170744, 0.7250017881393432], [0.0, 0.0, 0.0, 1.0]], [0, 3, [0.3255607364797233, 0.1964590651170744, 0.7250017881393432], [0.0, 0.0, 0.0, 1.0]], [2, null, null, null], [1, 3, [0.2955565535380408, 0.19646056010796545, 0.7806297777457177], [0.0, 0.0, 0.0, 1.0]], [1, 3, [0.2955565535380408, 0.19646056010796545, 0.7806297777457177], [0.0, 0.0, 0.0, 1.0]], [2, null, null, null], [1, 4, [0.28738465447888173, -0.1964288785642839, 0.7843508420620126], [0.0, 0.0, 0.0, 1.0]], [2, null, null, null], [0, 2, [0.28695556675509426, 0.008357929128789155, 0.7314185261726379], [0.0, 0.0, 0.0, 1.0]], [2, null, null, null], [2, null, null, null], [2, null, null, null], [2, null, null, null], [2, null, null, null], [2, null, null, null], [2, null, null, null], [2, null, null, null]], "scene_graph": {"left": [[3, 5], [3, 2], [5, 4], [2, 4]], "right": [[5, 3], [4, 5], [4, 2], [2, 3]], "front": [], "behind": [], "on": [[5, 2]], "under": [[2, 5]], "leftbehind": [], "leftfront": [], "rightbehind": [], "rightfront": []}}