{"objects": {"5": ["plate", "medium"], "4": ["fork", "medium"], "3": ["knife", "medium"], "2": ["fruit", "medium"]}, "action_order": [[0, 5, [0.09822953255853718, -0.04771148724271805, 0.7250017881393432], [0.0, 0.0, 0.0, 1.0]], [0, 4, [0.12348855521644675, -0.31994762033352103, 0.7250017881393432], [0.0, 0.0, 0.0, 1.0]], [0, 3, [0.16278036823986164, 0.21891152970188285, 0.7250017881393432], [0.0, 0.0, 0.0, 1.0]], [2, null, null, null], [1, 3, [0.1327601214562231, 0.21897264580287, 0.7783308232355006], [0.0, 0.0, 0.0, 1.0]], [1, 3, [0.1327601214562231, 0.18897264580287, 0.8], [0.0, 0.0, 0.0, 1.0]], [1, 3, [0.1027601214562231, 0.18897264580287, 0.8], [0.0, 0.0, 0.0, 1.0]], [1, 3, [0.1027601214562231, 0.18897264580287, 0.8], [0.0, 0.0, 0.0, 1.0]], [2, null, null, null], [1, 4, [0.09375847887486752, -0.3199065172979995, 0.7832245387235328], [0.0, 0.0, 0.0, 1.0]], [1, 4, [0.06375847887486752, -0.3199065172979995, 0.8], [0.0, 0.0, 0.0, 1.0]], [1, 4, [0.06375847887486752, -0.28990651729799954, 0.8], [0.0, 0.0, 0.0, 1.0]], [1, 4, [0.06375847887486752, -0.28990651729799954, 0.8], [0.0, 0.0, 0.0, 1.0]], [2, null, null, null], [1, 4, [0.09375812243072414, -0.2898812457254985, 0.7832182410782143], [0.0, 0.0, 0.0, 1.0]], [1, 4, [0.09375812243072414, -0.2898812457254985, 0.7832182410782143], [0.0, 0.0, 0.0, 1.0]], [2, null, null, null], [0, 2, [-0.10664920677784037, -0.03929181302341487, 0.7250017881393432], [0.0, 0.0, 0.0, 1.0]], [2, null, null, null], [2, null, null, null], [2, null, null, null], [2, null, null, null], [2, null, null, null]], "scene_graph": {"left": [[5, 4], [3, 5]], "right": [[5, 3], [4, 5]], "front": [[2, 5]], "behind": [[5, 2]], "on": [], "under": [], "leftbehind": [[3, 2]], "leftfront": [[2, 4]], "rightbehind": [[4, 2]], "rightfront": [[2, 3]]}}