{"objects": {"2": ["plate", "medium"], "3": ["fork", "medium"], "4": ["knife", "medium"], "5": ["glass", "medium"]}, "action_order": [[0, 2, [0.061744277608223375, -0.061744277608223375, 0.7250017881393432], [0.0, 0.0, 0.0, 1.0]], [0, 3, [0.07016395182752656, -0.269429575017702, 0.7250017881393432], [0.0, 0.0, 0.0, 1.0]], [0, 4, [0.08139018411993082, 0.134714787508851, 0.7250017881393432], [0.0, 0.0, 0.0, 1.0]], [2, null, null, null], [2, null, null, null], [2, null, null, null], [2, null, null, null], [0, 5, [-0.14032790365505313, 0.2918820396025105, 0.7250017881393432], [0.0, 0.0, 0.0, 1.0]], [2, null, null, null]], "scene_graph": {"left": [[2, 3], [4, 2]], "right": [[2, 4], [3, 2]], "front": [], "behind": [], "on": [], "under": [], "leftbehind": [], "leftfront": [[5, 4], [5, 2]], "rightbehind": [[2, 5], [4, 5]], "rightfront": []}}