{"objects": {"2": ["plate", "medium"], "4": ["fork", "medium"], "3": ["knife", "medium"], "5": ["glass", "medium"]}, "action_order": [[0, 2, [0.12068199714334571, -0.014032790365505313, 0.7250017881393432], [0.0, 0.0, 0.0, 1.0]], [2, null, null, null], [2, null, null, null], [0, 4, [0.12348855521644676, 0.18242627475156906, 0.7250017881393432], [0.0, 0.0, 0.0, 1.0]], [1, 4, [0.09348855521644676, 0.18242627475156906, 0.8], [0.0, 0.0, 0.0, 1.0]], [2, null, null, null], [2, null, null, null], [1, 4, [0.09303934849374494, 0.214415332850842, 0.7812194167766925], [0.0, 0.0, 0.0, 1.0]], [2, null, null, null], [2, null, null, null], [0, 3, [0.12348855521644676, -0.2525902265790957, 0.7250017881393432], [0.0, 0.0, 0.0, 1.0]], [2, null, null, null], [1, 3, [0.0934511172421804, -0.2526859550659936, 0.7780014780517382], [0.0, 0.0, 0.0, 1.0]], [2, null, null, null], [0, 5, [0.06455083568132444, -0.24697711043289353, 0.7250017881393432], [0.0, 0.0, 0.0, 1.0]], [1, 5, [0.03455083568132444, -0.24697711043289353, 0.8], [0.0, 0.0, 0.0, 1.0]], [1, 5, [0.004550835681324444, -0.24697711043289353, 0.8], [0.0, 0.0, 0.0, 1.0]], [1, 5, [-0.025449164318675555, -0.24697711043289353, 0.8], [0.0, 0.0, 0.0, 1.0]], [1, 5, [-0.05544916431867555, -0.24697711043289353, 0.8], [0.0, 0.0, 0.0, 1.0]], [1, 5, [-0.08544916431867555, -0.24697711043289353, 0.8], [0.0, 0.0, 0.0, 1.0]], [1, 5, [-0.11544916431867555, -0.24697711043289353, 0.8], [0.0, 0.0, 0.0, 1.0]], [1, 5, [-0.14544916431867555, -0.24697711043289353, 0.8], [0.0, 0.0, 0.0, 1.0]], [1, 5, [-0.14544916431867555, -0.21697711043289353, 0.8], [0.0, 0.0, 0.0, 1.0]], [1, 5, [-0.14544916431867555, -0.18697711043289353, 0.8], [0.0, 0.0, 0.0, 1.0]], [1, 5, [-0.14544916431867555, -0.21697711043289353, 0.8], [0.0, 0.0, 0.0, 1.0]], [1, 5, [-0.14544916431867555, -0.24697711043289353, 0.8], [0.0, 0.0, 0.0, 1.0]], [2, null, null, null]], "scene_graph": {"left": [[2, 3], [4, 2]], "right": [[2, 4], [3, 2]], "front": [[5, 3]], "behind": [[3, 5]], "on": [], "under": [], "leftbehind": [[2, 5]], "leftfront": [], "rightbehind": [], "rightfront": [[5, 2]]}}