{"objects": {"5": ["plate", "medium"], "4": ["knife", "medium"], "3": ["fork", "medium"], "2": ["glass", "medium"]}, "action_order": [[0, 5, [0.06174427760822338, -0.033678696877212755, 0.7250017881393432], [0.0, 0.0, 0.0, 1.0]], [0, 4, [0.06174427760822338, -0.23575087814048928, 0.7250017881393432], [0.0, 0.0, 0.0, 1.0]], [0, 3, [0.0757770679737287, 0.18242627475156906, 0.7250017881393432], [0.0, 0.0, 0.0, 1.0]], [2, null, null, null], [1, 4, [0.06188685465767895, -0.20521509379467795, 0.7839695587587533], [0.0, 0.0, 0.0, 1.0]], [1, 4, [0.06188685465767895, -0.17521509379467795, 0.8], [0.0, 0.0, 0.0, 1.0]], [2, null, null, null], [1, 3, [0.07605019100870204, 0.15278705604323412, 0.7832241358863975], [0.0, 0.0, 0.0, 1.0]], [1, 3, [0.07605019100870204, 0.12278705604323412, 0.8], [0.0, 0.0, 0.0, 1.0]], [1, 3, [0.07605019100870204, 0.09278705604323412, 0.8], [0.0, 0.0, 0.0, 1.0]], [1, 3, [0.04605019100870204, 0.09278705604323412, 0.8], [0.0, 0.0, 0.0, 1.0]], [1, 3, [0.07605019100870204, 0.09278705604323412, 0.8], [0.0, 0.0, 0.0, 1.0]], [2, null, null, null], [1, 3, [0.07605004453002397, 0.12278717560140912, 0.7832171953732991], [0.0, 0.0, 0.0, 1.0]], [1, 3, [0.04605004453002397, 0.12278717560140912, 0.8], [0.0, 0.0, 0.0, 1.0]], [2, null, null, null], [0, 2, [-0.14594101980125526, 0.11787543907024464, 0.7250017881393432], [0.0, 0.0, 0.0, 1.0]], [2, null, null, null]], "scene_graph": {"left": [[5, 4], [3, 5]], "right": [[5, 3], [4, 5]], "front": [[2, 3], [2, 5]], "behind": [[5, 2], [3, 2]], "on": [], "under": [], "leftbehind": [], "leftfront": [[2, 4]], "rightbehind": [[4, 2]], "rightfront": []}}