{"objects": {"2": ["plate", "medium"], "3": ["knife", "medium"], "4": ["fork", "medium"], "5": ["glass", "medium"]}, "action_order": [[0, 2, [0.06174427760822338, -0.033678696877212755, 0.7250017881393432], [0.0, 0.0, 0.0, 1.0]], [0, 3, [0.06174427760822338, -0.23575087814048928, 0.7250017881393432], [0.0, 0.0, 0.0, 1.0]], [2, null, null, null], [1, 3, [0.06188685465767895, -0.20521509379467795, 0.7839695587587533], [0.0, 0.0, 0.0, 1.0]], [1, 3, [0.06188685465767895, -0.17521509379467795, 0.8], [0.0, 0.0, 0.0, 1.0]], [2, null, null, null], [2, null, null, null], [2, null, null, null], [2, null, null, null], [0, 4, [0.06174427760822338, -0.23294432006738827, 0.7250017881393432], [0.0, 0.0, 0.0, 1.0]], [2, null, null, null], [0, 5, [0.0533246033889202, 0.15436069402055844, 0.7250017881393432], [0.0, 0.0, 0.0, 1.0]], [2, null, null, null]], "scene_graph": {"left": [[2, 3], [3, 4], [5, 2]], "right": [[2, 5], [3, 2], [4, 3]], "front": [], "behind": [], "on": [], "under": [], "leftbehind": [], "leftfront": [], "rightbehind": [], "rightfront": []}}