{"objects": {"6": ["plate", "medium"], "5": ["fork", "medium"], "4": ["knife", "medium"], "3": ["glass", "medium"], "2": ["fruit", "medium"]}, "action_order": [[0, 6, [0.03929181302341488, -0.0056131161462021255, 0.7250017881393432], [0.0, 0.0, 0.0, 1.0]], [0, 5, [0.04771148724271807, -0.18242627475156906, 0.7250017881393432], [0.0, 0.0, 0.0, 1.0]], [0, 4, [0.06174427760822338, -0.27223613309080313, 0.7250017881393432], [0.0, 0.0, 0.0, 1.0]], [2, null, null, null], [0, 3, [-0.1515541359474574, -0.18803939089777122, 0.7250017881393432], [0.0, 0.0, 0.0, 1.0]], [2, null, null, null], [0, 2, [0.025012795935247197, -0.011116798193443198, 0.7335313320159912], [0.0, 0.0, 0.0, 1.0]], [2, null, null, null]], "scene_graph": {"left": [[6, 5], [5, 4], [2, 5]], "right": [[5, 6], [4, 5], [5, 2]], "front": [[3, 5]], "behind": [[5, 3]], "on": [[6, 2]], "under": [[2, 6]], "leftbehind": [[6, 3]], "leftfront": [[3, 4]], "rightbehind": [[4, 3]], "rightfront": [[3, 6]]}}