{"objects": {"4": ["plate", "medium"], "3": ["fruit", "medium"], "2": ["knife", "medium"], "5": ["glass", "medium"], "6": ["fork", "medium"]}, "action_order": [[0, 4, [0.03929181302341488, -0.0056131161462021255, 0.7250017881393432], [0.0, 0.0, 0.0, 1.0]], [2, null, null, null], [2, null, null, null], [0, 3, [0.025012795935247197, -0.011116798193443198, 0.7335313320159912], [0.0, 0.0, 0.0, 1.0]], [2, null, null, null], [2, null, null, null], [0, 2, [0.05051804531581913, 0.1431344617281542, 0.7250017881393432], [0.0, 0.0, 0.0, 1.0]], [2, null, null, null], [0, 5, [-0.14032790365505315, 0.0, 0.7250017881393432], [0.0, 0.0, 0.0, 1.0]], [2, null, null, null], [0, 6, [0.04771148724271807, 0.19365250704397335, 0.7250017881393432], [0.0, 0.0, 0.0, 1.0]], [2, null, null, null]], "scene_graph": {"left": [[2, 4], [2, 3], [6, 2]], "right": [[4, 2], [2, 6], [3, 2]], "front": [[5, 4], [5, 3]], "behind": [[3, 5], [4, 5]], "on": [[4, 3]], "under": [[3, 4]], "leftbehind": [[2, 5]], "leftfront": [], "rightbehind": [], "rightfront": [[5, 2]]}}