{"objects": {"6": ["plate", "medium"], "4": ["fork", "medium"], "5": ["fruit", "medium"], "2": ["knife", "medium"], "3": ["glass", "medium"]}, "action_order": [[0, 6, [0.03929181302341488, -0.0056131161462021255, 0.7250017881393432], [0.0, 0.0, 0.0, 1.0]], [0, 4, [0.04771148724271807, -0.18242627475156906, 0.7250017881393432], [0.0, 0.0, 0.0, 1.0]], [2, null, null, null], [2, null, null, null], [0, 5, [0.025012795935247197, -0.011116798193443198, 0.7335313320159912], [0.0, 0.0, 0.0, 1.0]], [2, null, null, null], [2, null, null, null], [0, 2, [0.05051804531581913, 0.1431344617281542, 0.7250017881393432], [0.0, 0.0, 0.0, 1.0]], [2, null, null, null], [0, 3, [-0.14032790365505315, 0.0, 0.7250017881393432], [0.0, 0.0, 0.0, 1.0]], [2, null, null, null]], "scene_graph": {"left": [[2, 6], [6, 4]], "right": [[6, 2], [4, 6]], "front": [[3, 6], [3, 5]], "behind": [[5, 3], [6, 3]], "on": [[6, 5]], "under": [[5, 6]], "leftbehind": [[2, 3]], "leftfront": [], "rightbehind": [], "rightfront": [[3, 2]]}}