{"objects": {"2": ["plate", "medium"], "3": ["knife", "medium"], "4": ["fork", "medium"], "5": ["glass", "medium"], "6": ["fruit", "medium"]}, "action_order": [[0, 2, [0.12348855521644676, -0.025259022657909563, 0.7250017881393432], [0.0, 0.0, 0.0, 1.0]], [2, null, null, null], [0, 3, [0.11787543907024464, -0.27784924923700527, 0.7250017881393432], [0.0, 0.0, 0.0, 1.0]], [2, null, null, null], [0, 4, [0.12910167136264888, 0.21329841355568077, 0.7250017881393432], [0.0, 0.0, 0.0, 1.0]], [1, 4, [0.09910167136264889, 0.21329841355568077, 0.8], [0.0, 0.0, 0.0, 1.0]], [2, null, null, null], [0, 5, [0.09261641641233508, 0.2385574362135904, 0.7250017881393432], [0.0, 0.0, 0.0, 1.0]], [1, 5, [0.06261641641233508, 0.2385574362135904, 0.8], [0.0, 0.0, 0.0, 1.0]], [1, 5, [0.03261641641233508, 0.2385574362135904, 0.8], [0.0, 0.0, 0.0, 1.0]], [1, 5, [0.002616416412335079, 0.2385574362135904, 0.8], [0.0, 0.0, 0.0, 1.0]], [1, 5, [-0.02738358358766492, 0.2385574362135904, 0.8], [0.0, 0.0, 0.0, 1.0]], [1, 5, [-0.05738358358766492, 0.2385574362135904, 0.8], [0.0, 0.0, 0.0, 1.0]], [1, 5, [-0.08738358358766492, 0.2385574362135904, 0.8], [0.0, 0.0, 0.0, 1.0]], [1, 5, [-0.11738358358766492, 0.2385574362135904, 0.8], [0.0, 0.0, 0.0, 1.0]], [1, 5, [-0.1473835835876649, 0.2385574362135904, 0.8], [0.0, 0.0, 0.0, 1.0]], [2, null, null, null], [0, 6, [0.1220924564017916, -0.024973456991275553, 0.734894073009491], [0.0, 0.0, 0.0, 1.0]], [2, null, null, null], [1, 6, [0.09440406877708656, 0.011278538534284606, 0.7808336928962913], [0.0, 0.0, 0.0, 1.0]], [1, 6, [0.06440406877708656, 0.011278538534284606, 0.8], [0.0, 0.0, 0.0, 1.0]], [1, 6, [0.03440406877708656, 0.011278538534284606, 0.8], [0.0, 0.0, 0.0, 1.0]], [1, 6, [0.004404068777086559, 0.011278538534284606, 0.8], [0.0, 0.0, 0.0, 1.0]], [1, 6, [-0.02559593122291344, 0.011278538534284606, 0.8], [0.0, 0.0, 0.0, 1.0]], [1, 6, [-0.05559593122291344, 0.011278538534284606, 0.8], [0.0, 0.0, 0.0, 1.0]], [1, 6, [-0.08559593122291344, 0.011278538534284606, 0.8], [0.0, 0.0, 0.0, 1.0]], [1, 6, [-0.08559593122291344, -0.01872146146571539, 0.8], [0.0, 0.0, 0.0, 1.0]], [1, 6, [-0.08559593122291344, -0.04872146146571539, 0.8], [0.0, 0.0, 0.0, 1.0]], [2, null, null, null], [2, null, null, null]], "scene_graph": {"left": [[2, 3], [4, 2], [5, 6]], "right": [[2, 4], [3, 2], [6, 5]], "front": [[5, 4], [6, 2]], "behind": [[2, 6], [4, 5]], "on": [], "under": [], "leftbehind": [[4, 6]], "leftfront": [[5, 2], [6, 3]], "rightbehind": [[3, 6], [2, 5]], "rightfront": [[6, 4]]}}