{"objects": {"3": ["plate", "medium"], "2": ["fork", "medium"], "4": ["knife", "medium"], "5": ["fruit", "medium"], "6": ["glass", "medium"]}, "action_order": [[0, 3, [0.03929181302341488, -0.0056131161462021255, 0.7250017881393432], [0.0, 0.0, 0.0, 1.0]], [0, 2, [0.04771148724271807, -0.18242627475156906, 0.7250017881393432], [0.0, 0.0, 0.0, 1.0]], [0, 4, [0.06174427760822338, -0.27223613309080313, 0.7250017881393432], [0.0, 0.0, 0.0, 1.0]], [2, null, null, null], [2, null, null, null], [0, 5, [0.025012795935247197, -0.011116798193443198, 0.7335313320159912], [0.0, 0.0, 0.0, 1.0]], [2, null, null, null], [0, 6, [0.044904929169617004, 0.16558692631296268, 0.7250017881393432], [0.0, 0.0, 0.0, 1.0]], [2, null, null, null]], "scene_graph": {"left": [[2, 4], [6, 3], [6, 5], [3, 2], [5, 2]], "right": [[3, 6], [2, 3], [2, 5], [4, 2], [5, 6]], "front": [], "behind": [], "on": [[3, 5]], "under": [[5, 3]], "leftbehind": [], "leftfront": [], "rightbehind": [], "rightfront": []}}