{"objects": {"6": ["plate", "medium"], "5": ["knife", "medium"], "4": ["fork", "medium"], "3": ["glass", "medium"], "2": ["fruit", "medium"]}, "action_order": [[0, 6, [0.12348855521644676, -0.025259022657909563, 0.7250017881393432], [0.0, 0.0, 0.0, 1.0]], [2, null, null, null], [0, 5, [0.11787543907024464, -0.27784924923700527, 0.7250017881393432], [0.0, 0.0, 0.0, 1.0]], [2, null, null, null], [0, 4, [0.12910167136264888, 0.21329841355568077, 0.7250017881393432], [0.0, 0.0, 0.0, 1.0]], [1, 4, [0.09910167136264889, 0.21329841355568077, 0.8], [0.0, 0.0, 0.0, 1.0]], [2, null, null, null], [0, 3, [0.09261641641233508, 0.2385574362135904, 0.7250017881393432], [0.0, 0.0, 0.0, 1.0]], [1, 3, [0.06261641641233508, 0.2385574362135904, 0.8], [0.0, 0.0, 0.0, 1.0]], [1, 3, [0.03261641641233508, 0.2385574362135904, 0.8], [0.0, 0.0, 0.0, 1.0]], [1, 3, [0.002616416412335079, 0.2385574362135904, 0.8], [0.0, 0.0, 0.0, 1.0]], [1, 3, [-0.02738358358766492, 0.2385574362135904, 0.8], [0.0, 0.0, 0.0, 1.0]], [1, 3, [-0.05738358358766492, 0.2385574362135904, 0.8], [0.0, 0.0, 0.0, 1.0]], [1, 3, [-0.08738358358766492, 0.2385574362135904, 0.8], [0.0, 0.0, 0.0, 1.0]], [1, 3, [-0.11738358358766492, 0.2385574362135904, 0.8], [0.0, 0.0, 0.0, 1.0]], [1, 3, [-0.1473835835876649, 0.2385574362135904, 0.8], [0.0, 0.0, 0.0, 1.0]], [2, null, null, null], [0, 2, [0.1220924564017916, -0.024973456991275553, 0.734894073009491], [0.0, 0.0, 0.0, 1.0]], [2, null, null, null]], "scene_graph": {"left": [[4, 2], [2, 6], [6, 5]], "right": [[6, 2], [5, 6], [2, 4]], "front": [[3, 4]], "behind": [[4, 3]], "on": [], "under": [], "leftbehind": [], "leftfront": [[3, 6], [3, 2]], "rightbehind": [[6, 3], [2, 3]], "rightfront": []}}