{"objects": {"3": ["plate", "medium"], "2": ["fork", "medium"], "5": ["knife", "medium"], "4": ["cup", "medium"]}, "action_order": [[0, 3, [0.05893771953512232, -0.050518045315819125, 0.7250017881393432], [0.0, 0.0, 0.0, 1.0]], [2, null, null, null], [2, null, null, null], [2, null, null, null], [2, null, null, null], [0, 2, [0.05051804531581913, 0.09542297448543614, 0.7250017881393432], [0.0, 0.0, 0.0, 1.0]], [0, 5, [0.07016395182752658, 0.16839348438606377, 0.7250017881393432], [0.0, 0.0, 0.0, 1.0]], [2, null, null, null], [0, 4, [0.06455083568132444, -0.2385574362135904, 0.7250017881393432], [0.0, 0.0, 0.0, 1.0]], [1, 4, [0.06455083568132444, -0.2385574362135904, 0.8], [0.0, 0.0, 0.25881904510252074, 0.9659258262890683]], [1, 4, [0.06455083568132444, -0.2385574362135904, 0.8], [0.0, 0.0, 0.25881904510252074, 0.9659258262890683]], [1, 4, [0.06455083568132444, -0.2385574362135904, 0.8], [0.0, 0.0, 0.25881904510252074, 0.9659258262890683]], [1, 4, [0.06455083568132444, -0.2385574362135904, 0.8], [0.0, 0.0, 0.25881904510252074, 0.9659258262890683]], [1, 4, [0.06455083568132444, -0.2385574362135904, 0.8], [0.0, 0.0, 0.25881904510252074, 0.9659258262890683]], [1, 4, [0.06455083568132444, -0.2385574362135904, 0.8], [0.0, 0.0, 0.25881904510252074, 0.9659258262890683]], [1, 4, [0.06455083568132444, -0.2085574362135904, 0.8], [0.0, 0.0, 0.0, 1.0]], [2, null, null, null]], "scene_graph": {"left": [[3, 4], [2, 3], [5, 2]], "right": [[3, 2], [2, 5], [4, 3]], "front": [], "behind": [], "on": [], "under": [], "leftbehind": [], "leftfront": [], "rightbehind": [], "rightfront": []}}