{"objects": {"5": ["plate", "medium"], "4": ["knife", "medium"], "3": ["fork", "medium"], "2": ["cup", "medium"]}, "action_order": [[0, 5, [0.05893771953512232, -0.050518045315819125, 0.7250017881393432], [0.0, 0.0, 0.0, 1.0]], [0, 4, [0.05893771953512232, -0.28346236538320735, 0.7250017881393432], [0.0, 0.0, 0.0, 1.0]], [0, 3, [0.07858362604682977, -0.23013776199428715, 0.7250017881393432], [0.0, 0.0, 0.0, 1.0]], [2, null, null, null], [0, 2, [0.05051804531581913, 0.1515541359474574, 0.7250017881393432], [0.0, 0.0, 0.0, 1.0]], [2, null, null, null]], "scene_graph": {"left": [[5, 3], [3, 4], [2, 5]], "right": [[5, 2], [4, 3], [3, 5]], "front": [], "behind": [], "on": [], "under": [], "leftbehind": [], "leftfront": [], "rightbehind": [], "rightfront": []}}