{"objects": {"5": ["plate", "medium"], "4": ["knife", "medium"], "3": ["fork", "medium"], "2": ["cup", "medium"]}, "action_order": [[0, 5, [0.07858362604682977, -0.03087213880411169, 0.7250017881393432], [0.0, 0.0, 0.0, 1.0]], [2, null, null, null], [2, null, null, null], [2, null, null, null], [0, 4, [0.08419674219303189, -0.39291813023414884, 0.7250017881393432], [0.0, 0.0, 0.0, 1.0]], [0, 3, [0.10103609063163826, -0.2750426911639042, 0.7250017881393432], [0.0, 0.0, 0.0, 1.0]], [2, null, null, null], [0, 2, [-0.16839348438606377, -0.044904929169617004, 0.7250017881393432], [0.0, 0.0, 0.0, 1.0]], [2, null, null, null]], "scene_graph": {"left": [[5, 3], [3, 4]], "right": [[4, 3], [3, 5]], "front": [[2, 5]], "behind": [[5, 2]], "on": [], "under": [], "leftbehind": [], "leftfront": [[2, 3]], "rightbehind": [[3, 2]], "rightfront": []}}