{"objects": {"2": ["plate", "medium"], "4": ["fork", "medium"], "3": ["knife", "medium"], "5": ["cup", "medium"]}, "action_order": [[0, 2, [0.07858362604682977, -0.03087213880411169, 0.7250017881393432], [0.0, 0.0, 0.0, 1.0]], [0, 4, [0.08980985833923401, 0.221718087774984, 0.7250017881393432], [0.0, 0.0, 0.0, 1.0]], [2, null, null, null], [0, 3, [0.08139018411993083, 0.32275417840662224, 0.7250017881393432], [0.0, 0.0, 0.0, 1.0]], [2, null, null, null], [0, 5, [0.08419674219303189, -0.3087213880411169, 0.7250017881393432], [0.0, 0.0, 0.0, 1.0]], [2, null, null, null]], "scene_graph": {"left": [[2, 5], [4, 2], [3, 4]], "right": [[2, 4], [4, 3], [5, 2]], "front": [], "behind": [], "on": [], "under": [], "leftbehind": [], "leftfront": [], "rightbehind": [], "rightfront": []}}