{"objects": {"4": ["plate", "medium"], "3": ["cup", "medium"], "5": ["fork", "medium"], "2": ["knife", "medium"]}, "action_order": [[0, 4, [0.05893771953512232, -0.050518045315819125, 0.7250017881393432], [0.0, 0.0, 0.0, 1.0]], [2, null, null, null], [2, null, null, null], [0, 3, [-0.1122623229240425, -0.050518045315819125, 0.7250017881393432], [0.0, 0.0, 0.0, 1.0]], [2, null, null, null], [1, 3, [-0.11338546011724902, -0.018892893590104647, 0.8], [0.0, 0.0, 0.0, 1.0]], [2, null, null, null], [0, 5, [0.05051804531581913, 0.09542297448543614, 0.7250017881393432], [0.0, 0.0, 0.0, 1.0]], [0, 2, [0.07016395182752658, 0.16839348438606377, 0.7250017881393432], [0.0, 0.0, 0.0, 1.0]], [2, null, null, null]], "scene_graph": {"left": [[5, 4], [2, 5]], "right": [[4, 5], [5, 2]], "front": [[3, 4]], "behind": [[4, 3]], "on": [], "under": [], "leftbehind": [[5, 3], [2, 3]], "leftfront": [], "rightbehind": [], "rightfront": [[3, 5], [3, 2]]}}