{"objects": {"5": ["plate", "medium"], "4": ["knife", "medium"], "3": ["fork", "medium"], "2": ["cup", "medium"]}, "action_order": [[0, 5, [0.07858362604682977, -0.03087213880411169, 0.7250017881393432], [0.0, 0.0, 0.0, 1.0]], [0, 4, [0.08980985833923401, -0.2918820396025105, 0.7250017881393432], [0.0, 0.0, 0.0, 1.0]], [0, 3, [0.08980985833923401, 0.221718087774984, 0.7250017881393432], [0.0, 0.0, 0.0, 1.0]], [0, 2, [-0.19645906511707442, 0.22733120392118614, 0.7250017881393432], [0.0, 0.0, 0.0, 1.0]], [2, null, null, null]], "scene_graph": {"left": [[5, 4], [3, 5]], "right": [[5, 3], [4, 5]], "front": [[2, 3]], "behind": [[3, 2]], "on": [], "under": [], "leftbehind": [], "leftfront": [[2, 5]], "rightbehind": [[5, 2]], "rightfront": []}}