{"objects": {"2": ["plate", "medium"], "3": ["knife", "medium"], "4": ["fork", "medium"], "5": ["cup", "medium"]}, "action_order": [[0, 2, [0.05893771953512232, -0.050518045315819125, 0.7250017881393432], [0.0, 0.0, 0.0, 1.0]], [0, 3, [0.05893771953512232, -0.28346236538320735, 0.7250017881393432], [0.0, 0.0, 0.0, 1.0]], [0, 4, [0.07858362604682977, -0.23013776199428715, 0.7250017881393432], [0.0, 0.0, 0.0, 1.0]], [2, null, null, null], [2, null, null, null], [0, 5, [-0.1122623229240425, -0.050518045315819125, 0.7250017881393432], [0.0, 0.0, 0.0, 1.0]], [2, null, null, null], [1, 5, [-0.11338546011724902, -0.018892893590104647, 0.8], [0.0, 0.0, 0.0, 1.0]], [2, null, null, null]], "scene_graph": {"left": [[2, 4], [4, 3], [5, 3]], "right": [[3, 4], [3, 5], [4, 2]], "front": [[5, 2]], "behind": [[2, 5]], "on": [], "under": [], "leftbehind": [], "leftfront": [[5, 4]], "rightbehind": [[4, 5]], "rightfront": []}}