{"objects": {"5": ["plate", "medium"], "4": ["fork", "medium"], "3": ["knife", "medium"], "2": ["cup", "medium"]}, "action_order": [[0, 5, [0.05893771953512231, -0.05613116146202125, 0.7250017881393432], [0.0, 0.0, 0.0, 1.0]], [0, 4, [0.08139018411993082, -0.2722361330908031, 0.7250017881393432], [0.0, 0.0, 0.0, 1.0]], [0, 3, [0.09542297448543612, 0.1431344617281542, 0.7250017881393432], [0.0, 0.0, 0.0, 1.0]], [2, null, null, null], [2, null, null, null], [2, null, null, null], [2, null, null, null], [2, null, null, null], [0, 2, [0.08419674219303187, -0.4378230594037657, 0.7250017881393432], [0.0, 0.0, 0.0, 1.0]], [2, null, null, null]], "scene_graph": {"left": [[5, 4], [4, 2], [3, 5]], "right": [[5, 3], [4, 5], [2, 4]], "front": [], "behind": [], "on": [], "under": [], "leftbehind": [], "leftfront": [], "rightbehind": [], "rightfront": []}}