{"objects": {"5": ["plate", "medium"], "4": ["knife", "medium"], "3": ["fork", "medium"], "2": ["cup", "medium"]}, "action_order": [[0, 5, [0.08139018411993083, -0.039291813023414876, 0.7250017881393432], [0.0, 0.0, 0.0, 1.0]], [0, 4, [-0.12629511328954784, -0.04771148724271807, 0.7250017881393432], [0.0, 0.0, 0.0, 1.0]], [1, 4, [-0.12629511328954784, -0.04771148724271807, 0.8], [0.0, 0.0, 0.25881904510252074, 0.9659258262890683]], [1, 4, [-0.12629511328954784, -0.04771148724271807, 0.8], [0.0, 0.0, 0.25881904510252074, 0.9659258262890683]], [1, 4, [-0.12629511328954784, -0.04771148724271807, 0.8], [0.0, 0.0, 0.25881904510252074, 0.9659258262890683]], [1, 4, [-0.12629511328954784, -0.07771148724271806, 0.8], [0.0, 0.0, 0.0, 1.0]], [2, null, null, null], [0, 3, [0.06174427760822338, 0.2076852974094787, 0.7250017881393432], [0.0, 0.0, 0.0, 1.0]], [2, null, null, null], [0, 2, [0.06455083568132444, -0.3283672945528244, 0.7250017881393432], [0.0, 0.0, 0.0, 1.0]], [2, null, null, null]], "scene_graph": {"left": [[5, 2], [3, 5]], "right": [[5, 3], [2, 5]], "front": [[4, 5]], "behind": [[5, 4]], "on": [], "under": [], "leftbehind": [[3, 4]], "leftfront": [[4, 2]], "rightbehind": [[2, 4]], "rightfront": [[4, 3]]}}