{"objects": {"6": ["plate", "medium"], "5": ["knife", "medium"], "4": ["fork", "medium"], "3": ["cup", "medium"], "2": ["teapot", "medium"]}, "action_order": [[0, 6, [0.14874757787435636, -0.0028065580731010628, 0.7250017881393432], [0.0, 0.0, 0.0, 1.0]], [0, 5, [0.14874757787435636, 0.224524645848085, 0.7250017881393432], [0.0, 0.0, 0.0, 1.0]], [0, 4, [0.1655869263129627, -0.24697711043289353, 0.7250017881393432], [0.0, 0.0, 0.0, 1.0]], [0, 3, [-0.08980985833923401, 0.23575087814048928, 0.7250017881393432], [0.0, 0.0, 0.0, 1.0]], [0, 2, [0.15716725209365953, 0.47150175628097857, 0.7250017881393432], [0.0, 0.0, 0.0, 1.0]], [1, 2, [0.15716725209365953, 0.47150175628097857, 0.8], [0.0, 0.0, -0.25881904510252074, 0.9659258262890683]], [1, 2, [0.15716725209365953, 0.47150175628097857, 0.8], [0.0, 0.0, -0.25881904510252074, 0.9659258262890683]], [1, 2, [0.15716725209365953, 0.47150175628097857, 0.8], [0.0, 0.0, -0.25881904510252074, 0.9659258262890683]], [1, 2, [0.15716725209365953, 0.47150175628097857, 0.8], [0.0, 0.0, -0.25881904510252074, 0.9659258262890683]], [1, 2, [0.15716725209365953, 0.47150175628097857, 0.8], [0.0, 0.0, -0.25881904510252074, 0.9659258262890683]], [1, 2, [0.15716725209365953, 0.47150175628097857, 0.8], [0.0, 0.0, -0.25881904510252074, 0.9659258262890683]], [2, null, null, null], [1, 2, [0.1262454003373727, 0.4725875073581164, 0.8], [0.0, 0.0, 0.0, 1.0]], [1, 2, [0.1262454003373727, 0.44258750735811636, 0.8], [0.0, 0.0, 0.0, 1.0]], [2, null, null, null]], "scene_graph": {"left": [[6, 4], [5, 6], [2, 5]], "right": [[6, 5], [5, 2], [4, 6]], "front": [[3, 5]], "behind": [[5, 3]], "on": [], "under": [], "leftbehind": [[2, 3]], "leftfront": [[3, 6]], "rightbehind": [[6, 3]], "rightfront": [[3, 2]]}}