{"objects": {"6": ["plate", "medium"], "5": ["knife", "medium"], "4": ["fork", "medium"], "3": ["cup", "medium"], "2": ["teapot", "medium"]}, "action_order": [[2, null, null, null], [0, 6, [0.2132984135556808, -0.016839348438606377, 0.7250017881393432], [0.0, 0.0, 0.0, 1.0]], [0, 5, [0.20768529740947864, 0.18242627475156906, 0.7250017881393432], [0.0, 0.0, 0.0, 1.0]], [0, 4, [0.21049185548257973, -0.21891152970188293, 0.7250017881393432], [0.0, 0.0, 0.0, 1.0]], [2, null, null, null], [0, 3, [0.022452464584808502, -0.21891152970188293, 0.7250017881393432], [0.0, 0.0, 0.0, 1.0]], [2, null, null, null], [1, 3, [0.023987340656752676, -0.18987394835772944, 0.8], [0.0, 0.0, 0.0, 1.0]], [2, null, null, null], [0, 2, [0.0, 0.16558692631296268, 0.7250017881393432], [0.0, 0.0, 0.0, 1.0]], [1, 2, [0.0, 0.16558692631296268, 0.8], [0.0, 0.0, -0.25881904510252074, 0.9659258262890683]], [1, 2, [0.0, 0.16558692631296268, 0.8], [0.0, 0.0, -0.25881904510252074, 0.9659258262890683]], [1, 2, [0.0, 0.16558692631296268, 0.8], [0.0, 0.0, -0.25881904510252074, 0.9659258262890683]], [2, null, null, null]], "scene_graph": {"left": [[6, 4], [5, 6], [2, 3]], "right": [[6, 5], [4, 6], [3, 2]], "front": [[3, 4], [3, 6], [2, 5], [2, 6]], "behind": [[6, 3], [5, 2], [4, 3], [6, 2]], "on": [], "under": [], "leftbehind": [], "leftfront": [], "rightbehind": [], "rightfront": []}}