{"objects": {"5": ["plate", "medium"], "6": ["fork", "medium"], "4": ["knife", "medium"], "2": ["cup", "medium"], "3": ["can_drink", "medium"]}, "action_order": [[0, 5, [0.29188203960251047, 0.0, 0.7250017881393432], [0.0, 0.0, 0.0, 1.0]], [0, 6, [0.28626892345630833, -0.21891152970188285, 0.7250017881393432], [0.0, 0.0, 0.0, 1.0]], [0, 4, [0.3367869687721275, 0.18242627475156903, 0.7250017881393432], [0.0, 0.0, 0.0, 1.0]], [2, null, null, null], [1, 4, [0.30694199751916806, 0.18432262447042366, 0.7840044861157776], [0.0, 0.0, 0.0, 1.0]], [2, null, null, null], [1, 6, [0.28654523357270023, -0.18857818907452265, 0.783223789223993], [0.0, 0.0, 0.0, 1.0]], [2, null, null, null], [2, null, null, null], [2, null, null, null], [2, null, null, null], [2, null, null, null], [2, null, null, null], [0, 2, [0.07577706797372868, 0.18242627475156903, 0.7250017881393432], [0.0, 0.0, 0.0, 1.0]], [0, 3, [0.09261641641233505, 0.37046566564934025, 0.7250017881393432], [0.0, 0.0, 0.0, 1.0]], [2, null, null, null], [2, null, null, null]], "scene_graph": {"left": [[5, 6], [4, 5], [3, 2]], "right": [[5, 4], [6, 5], [2, 3]], "front": [[2, 4]], "behind": [[4, 2]], "on": [], "under": [], "leftbehind": [], "leftfront": [[2, 5], [3, 4], [3, 5]], "rightbehind": [[5, 2], [4, 3], [5, 3]], "rightfront": []}}