{"objects": {"6": ["plate", "medium"], "5": ["fork", "medium"], "4": ["knife", "medium"], "3": ["cup", "medium"], "2": ["can_drink", "medium"]}, "action_order": [[0, 6, [0.03648525495031381, -0.025259022657909563, 0.7250017881393432], [0.0, 0.0, 0.0, 1.0]], [0, 5, [0.03648525495031381, -0.29468859767561156, 0.7250017881393432], [0.0, 0.0, 0.0, 1.0]], [0, 4, [0.05893771953512231, 0.2104918554825797, 0.7250017881393432], [0.0, 0.0, 0.0, 1.0]], [0, 3, [-0.19084594897087223, 0.23294432006738816, 0.7250017881393432], [0.0, 0.0, 0.0, 1.0]], [0, 2, [-0.1880393908977712, 0.46308208206167534, 0.7250017881393432], [0.0, 0.0, 0.0, 1.0]], [2, null, null, null], [2, null, null, null], [2, null, null, null], [2, null, null, null], [2, null, null, null]], "scene_graph": {"left": [[6, 5], [4, 6], [2, 3]], "right": [[6, 4], [5, 6], [3, 2]], "front": [[3, 4]], "behind": [[4, 3]], "on": [], "under": [], "leftbehind": [], "leftfront": [[3, 6], [2, 4]], "rightbehind": [[6, 3], [4, 2]], "rightfront": []}}