{"objects": {"6": ["plate", "medium"], "5": ["fork", "medium"], "4": ["knife", "medium"], "3": ["cup", "medium"], "2": ["can_drink", "medium"]}, "action_order": [[0, 6, [0.15155413594745737, -0.036485254950313815, 0.7250017881393432], [0.0, 0.0, 0.0, 1.0]], [0, 5, [0.19926562319017543, -0.3115279461142179, 0.7250017881393432], [0.0, 0.0, 0.0, 1.0]], [0, 4, [0.21049185548257968, 0.1936525070439733, 0.7250017881393432], [0.0, 0.0, 0.0, 1.0]], [0, 3, [-0.08419674219303187, -0.36765910757623915, 0.7250017881393432], [0.0, 0.0, 0.0, 1.0]], [0, 2, [-0.08139018411993082, 0.224524645848085, 0.7250017881393432], [0.0, 0.0, 0.0, 1.0]], [2, null, null, null], [1, 3, [-0.08363925485631261, -0.33682398319114515, 0.8], [0.0, 0.0, 0.0, 1.0]], [1, 3, [-0.08363925485631261, -0.3068239831911451, 0.8], [0.0, 0.0, 0.0, 1.0]], [2, null, null, null], [2, null, null, null]], "scene_graph": {"left": [[6, 5], [4, 6]], "right": [[6, 4], [5, 6]], "front": [[3, 5], [2, 4]], "behind": [[5, 3], [4, 2]], "on": [], "under": [], "leftbehind": [[6, 3]], "leftfront": [[2, 6]], "rightbehind": [[6, 2]], "rightfront": [[3, 6]]}}