{"objects": {"2": ["plate", "medium"], "3": ["fork", "medium"], "4": ["knife", "medium"], "5": ["cup", "medium"], "6": ["can_drink", "medium"]}, "action_order": [[0, 2, [0.29188203960251047, 0.0, 0.7250017881393432], [0.0, 0.0, 0.0, 1.0]], [0, 3, [0.28626892345630833, -0.21891152970188285, 0.7250017881393432], [0.0, 0.0, 0.0, 1.0]], [0, 4, [0.3367869687721275, 0.18242627475156903, 0.7250017881393432], [0.0, 0.0, 0.0, 1.0]], [2, null, null, null], [1, 4, [0.30694199751916806, 0.18432262447042366, 0.7840044861157776], [0.0, 0.0, 0.0, 1.0]], [2, null, null, null], [1, 3, [0.28654523357270023, -0.18857818907452265, 0.783223789223993], [0.0, 0.0, 0.0, 1.0]], [2, null, null, null], [2, null, null, null], [2, null, null, null], [2, null, null, null], [2, null, null, null], [2, null, null, null], [2, null, null, null], [2, null, null, null], [2, null, null, null], [2, null, null, null], [2, null, null, null], [2, null, null, null], [2, null, null, null], [2, null, null, null], [0, 5, [0.089809858339234, -0.1936525070439733, 0.7250017881393432], [0.0, 0.0, 0.0, 1.0]], [2, null, null, null], [2, null, null, null], [0, 6, [0.11787543907024461, -0.3873050140879466, 0.7250017881393432], [0.0, 0.0, 0.0, 1.0]], [2, null, null, null], [2, null, null, null]], "scene_graph": {"left": [[2, 3], [4, 2], [5, 6]], "right": [[2, 4], [3, 2], [6, 5]], "front": [[5, 3]], "behind": [[3, 5]], "on": [], "under": [], "leftbehind": [[2, 5], [3, 6], [2, 6]], "leftfront": [], "rightbehind": [], "rightfront": [[5, 2], [6, 3], [6, 2]]}}