{"objects": {"6": ["plate", "medium"], "5": ["fork", "medium"], "4": ["knife", "medium"], "3": ["cup", "medium"], "2": ["can_drink", "medium"]}, "action_order": [[0, 6, [0.1038426487047393, -0.04209837109651594, 0.7250017881393432], [0.0, 0.0, 0.0, 1.0]], [0, 5, [0.11506888099714355, -0.30030171382181364, 0.7250017881393432], [0.0, 0.0, 0.0, 1.0]], [0, 4, [0.14032790365505313, 0.1712000424591648, 0.7250017881393432], [0.0, 0.0, 0.0, 1.0]], [0, 3, [-0.11226232292404249, 0.1908459489708722, 0.7250017881393432], [0.0, 0.0, 0.0, 1.0]], [0, 2, [-0.3255607364797233, 0.1964590651170744, 0.7250017881393432], [0.0, 0.0, 0.0, 1.0]], [2, null, null, null], [2, null, null, null], [2, null, null, null], [2, null, null, null]], "scene_graph": {"left": [[6, 5], [4, 6]], "right": [[6, 4], [5, 6]], "front": [[3, 4], [2, 3]], "behind": [[4, 3], [3, 2]], "on": [], "under": [], "leftbehind": [], "leftfront": [[3, 6]], "rightbehind": [[6, 3]], "rightfront": []}}