{"objects": {"6": ["plate", "medium"], "5": ["fork", "medium"], "4": ["knife", "medium"], "2": ["can_drink", "medium"], "3": ["cup", "medium"]}, "action_order": [[0, 6, [0.29188203960251047, 0.0, 0.7250017881393432], [0.0, 0.0, 0.0, 1.0]], [0, 5, [0.28626892345630833, -0.21891152970188285, 0.7250017881393432], [0.0, 0.0, 0.0, 1.0]], [0, 4, [0.3367869687721275, 0.18242627475156903, 0.7250017881393432], [0.0, 0.0, 0.0, 1.0]], [2, null, null, null], [1, 4, [0.30694199751916806, 0.18432262447042366, 0.7840044861157776], [0.0, 0.0, 0.0, 1.0]], [2, null, null, null], [1, 5, [0.28654523357270023, -0.18857818907452265, 0.783223789223993], [0.0, 0.0, 0.0, 1.0]], [2, null, null, null], [2, null, null, null], [2, null, null, null], [2, null, null, null], [2, null, null, null], [2, null, null, null], [2, null, null, null], [2, null, null, null], [0, 2, [0.09542297448543612, -0.1908459489708722, 0.7250017881393432], [0.0, 0.0, 0.0, 1.0]], [2, null, null, null], [2, null, null, null], [0, 3, [0.29749515574871266, -0.362045991430037, 0.7250017881393432], [0.0, 0.0, 0.0, 1.0]], [2, null, null, null], [2, null, null, null]], "scene_graph": {"left": [[6, 5], [5, 3], [4, 6]], "right": [[6, 4], [5, 6], [3, 5]], "front": [[2, 5]], "behind": [[5, 2]], "on": [], "under": [], "leftbehind": [[6, 2]], "leftfront": [[2, 3]], "rightbehind": [[3, 2]], "rightfront": [[2, 6]]}}