{"objects": {"6": ["plate", "medium"], "5": ["fork", "medium"], "4": ["knife", "medium"], "3": ["cup", "medium"], "2": ["can_drink", "medium"]}, "action_order": [[0, 6, [0.04771148724271806, 0.028065580731010627, 0.7250017881393432], [0.0, 0.0, 0.0, 1.0]], [0, 5, [0.04771148724271806, -0.33398041069902645, 0.7250017881393432], [0.0, 0.0, 0.0, 1.0]], [0, 4, [0.0673573937544255, 0.32836729455282426, 0.7250017881393432], [0.0, 0.0, 0.0, 1.0]], [0, 3, [0.07297050990062762, 0.5023738950850902, 0.7250017881393432], [0.0, 0.0, 0.0, 1.0]], [0, 2, [-0.17400660053226588, 0.5444722661816062, 0.7250017881393432], [0.0, 0.0, 0.0, 1.0]], [2, null, null, null], [1, 5, [0.04734113840170936, -0.3040977926677647, 0.7812135703532099], [0.0, 0.0, 0.0, 1.0]], [1, 5, [0.04734113840170936, -0.2740977926677647, 0.8], [0.0, 0.0, 0.0, 1.0]], [1, 5, [0.04734113840170936, -0.24409779266776468, 0.8], [0.0, 0.0, 0.0, 1.0]], [2, null, null, null], [1, 4, [0.0673269008793898, 0.2982564877251421, 0.7780170483108225], [0.0, 0.0, 0.0, 1.0]], [1, 4, [0.0673269008793898, 0.2682564877251421, 0.8], [0.0, 0.0, 0.0, 1.0]], [1, 4, [0.0673269008793898, 0.2682564877251421, 0.8], [0.0, 0.0, 0.0, 1.0]], [2, null, null, null], [1, 2, [-0.1740732937302706, 0.5120211657780184, 0.8], [0.0, 0.0, 0.0, 1.0]], [1, 2, [-0.1740732937302706, 0.48202116577801835, 0.8], [0.0, 0.0, 0.0, 1.0]], [1, 2, [-0.1440732937302706, 0.48202116577801835, 0.8], [0.0, 0.0, 0.0, 1.0]], [2, null, null, null], [1, 3, [0.07204045203240074, 0.47283174830925634, 0.8], [0.0, 0.0, 0.0, 1.0]], [1, 3, [0.07204045203240074, 0.4428317483092563, 0.8], [0.0, 0.0, 0.0, 1.0]], [2, null, null, null], [1, 2, [-0.14408212620176575, 0.4520316778924306, 0.8], [0.0, 0.0, 0.0, 1.0]], [1, 2, [-0.14408212620176575, 0.42203167789243057, 0.8], [0.0, 0.0, 0.0, 1.0]], [2, null, null, null], [2, null, null, null]], "scene_graph": {"left": [[6, 5], [4, 6], [3, 4]], "right": [[6, 4], [5, 6], [4, 3]], "front": [[2, 3]], "behind": [[3, 2]], "on": [], "under": [], "leftbehind": [], "leftfront": [[2, 4]], "rightbehind": [[4, 2]], "rightfront": []}}