{"objects": {"6": ["plate", "medium"], "5": ["fork", "medium"], "4": ["knife", "medium"], "3": ["cup", "medium"], "2": ["can_drink", "medium"]}, "action_order": [[0, 6, [0.05893771953512231, -0.008419674219303187, 0.7250017881393432], [0.0, 0.0, 0.0, 1.0]], [0, 5, [0.0673573937544255, -0.29749515574871266, 0.7250017881393432], [0.0, 0.0, 0.0, 1.0]], [0, 4, [0.07577706797372868, 0.25820334272529777, 0.7250017881393432], [0.0, 0.0, 0.0, 1.0]], [0, 3, [0.07577706797372868, -0.4799214305002817, 0.7250017881393432], [0.0, 0.0, 0.0, 1.0]], [0, 2, [-0.18242627475156906, -0.31433450418731895, 0.7250017881393432], [0.0, 0.0, 0.0, 1.0]], [2, null, null, null], [2, null, null, null], [2, null, null, null]], "scene_graph": {"left": [[6, 5], [5, 3], [4, 6]], "right": [[6, 4], [5, 6], [3, 5]], "front": [[2, 5]], "behind": [[5, 2]], "on": [], "under": [], "leftbehind": [[6, 2]], "leftfront": [[2, 3]], "rightbehind": [[3, 2]], "rightfront": [[2, 6]]}}