{"objects": {"6": ["plate", "medium"], "5": ["fork", "medium"], "4": ["knife", "medium"], "3": ["cup", "medium"], "2": ["can_drink", "medium"]}, "action_order": [[0, 6, [0.019645906511707435, -0.025259022657909563, 0.7250017881393432], [0.0, 0.0, 0.0, 1.0]], [0, 5, [0.028065580731010623, -0.25259022657909563, 0.7250017881393432], [0.0, 0.0, 0.0, 1.0]], [0, 4, [0.044904929169617, 0.1936525070439733, 0.7250017881393432], [0.0, 0.0, 0.0, 1.0]], [0, 3, [-0.21610497162878178, 0.21329841355568074, 0.7250017881393432], [0.0, 0.0, 0.0, 1.0]], [0, 2, [-0.23575087814048923, -0.28346236538320735, 0.7250017881393432], [0.0, 0.0, 0.0, 1.0]], [2, null, null, null], [2, null, null, null]], "scene_graph": {"left": [[6, 5], [4, 6]], "right": [[6, 4], [5, 6]], "front": [[3, 4], [2, 5]], "behind": [[5, 2], [4, 3]], "on": [], "under": [], "leftbehind": [[6, 2]], "leftfront": [[3, 6]], "rightbehind": [[6, 3]], "rightfront": [[2, 6]]}}