{"objects": {"6": ["plate", "medium"], "5": ["fork", "medium"], "4": ["knife", "medium"], "3": ["cup", "medium"], "2": ["can_drink", "medium"]}, "action_order": [[0, 6, [0.03929181302341487, -0.03929181302341487, 0.7250017881393432], [0.0, 0.0, 0.0, 1.0]], [0, 5, [0.05893771953512231, -0.32836729455282426, 0.7250017881393432], [0.0, 0.0, 0.0, 1.0]], [0, 4, [0.0673573937544255, 0.19926562319017543, 0.7250017881393432], [0.0, 0.0, 0.0, 1.0]], [0, 3, [0.05893771953512231, -0.5107935693043933, 0.7250017881393432], [0.0, 0.0, 0.0, 1.0]], [0, 2, [-0.15997381016676054, -0.5893771953512231, 0.7250017881393432], [0.0, 0.0, 0.0, 1.0]], [2, null, null, null], [2, null, null, null], [1, 2, [-0.15992854253016847, -0.5599570990835179, 0.8], [0.0, 0.0, 0.0, 1.0]], [1, 2, [-0.15992854253016847, -0.5299570990835178, 0.8], [0.0, 0.0, 0.0, 1.0]], [1, 2, [-0.15992854253016847, -0.4999570990835178, 0.8], [0.0, 0.0, 0.0, 1.0]], [2, null, null, null], [1, 3, [0.059496710912341835, -0.47995757277360085, 0.8], [0.0, 0.0, 0.0, 1.0]], [2, null, null, null], [1, 5, [0.0592077254893611, -0.2983265564781328, 0.7832248364831571], [0.0, 0.0, 0.0, 1.0]], [2, null, null, null], [2, null, null, null]], "scene_graph": {"left": [[6, 5], [5, 3], [4, 6]], "right": [[6, 4], [5, 6], [3, 5]], "front": [[2, 3]], "behind": [[3, 2]], "on": [], "under": [], "leftbehind": [[5, 2]], "leftfront": [], "rightbehind": [], "rightfront": [[2, 5]]}}