{"objects": {"6": ["plate", "medium"], "5": ["fork", "medium"], "4": ["knife", "medium"], "3": ["cup", "medium"], "2": ["can_drink", "medium"]}, "action_order": [[0, 6, [0.23575087814048923, -0.008419674219303187, 0.7250017881393432], [0.0, 0.0, 0.0, 1.0]], [0, 5, [0.25820334272529777, -0.21610497162878184, 0.7250017881393432], [0.0, 0.0, 0.0, 1.0]], [0, 4, [0.28626892345630833, 0.18523283282467012, 0.7250017881393432], [0.0, 0.0, 0.0, 1.0]], [2, null, null, null], [1, 4, [0.25623365326020764, 0.1851540986521233, 0.778001484104247], [0.0, 0.0, 0.0, 1.0]], [2, null, null, null], [1, 5, [0.22856579005656055, -0.21600490413382656, 0.7834594623584418], [0.0, 0.0, 0.0, 1.0]], [1, 5, [0.22856579005656055, -0.18600490413382656, 0.8], [0.0, 0.0, 0.0, 1.0]], [2, null, null, null], [1, 4, [0.25623321658603676, 0.15515621398089538, 0.7780156788641643], [0.0, 0.0, 0.0, 1.0]], [2, null, null, null], [0, 3, [0.2385574362135903, 0.25820334272529777, 0.7250017881393432], [0.0, 0.0, 0.0, 1.0]], [0, 2, [0.08419674219303187, 0.27784924923700516, 0.7250017881393432], [0.0, 0.0, 0.0, 1.0]], [2, null, null, null], [2, null, null, null]], "scene_graph": {"left": [[6, 5], [4, 6], [3, 4]], "right": [[6, 4], [5, 6], [4, 3]], "front": [[2, 3]], "behind": [[3, 2]], "on": [], "under": [], "leftbehind": [], "leftfront": [[2, 4], [2, 6]], "rightbehind": [[4, 2], [6, 2]], "rightfront": []}}