{"objects": {"6": ["plate", "medium"], "5": ["fork", "medium"], "4": ["knife", "medium"], "3": ["cup", "medium"], "2": ["can_drink", "medium"]}, "action_order": [[0, 6, [0.03929181302341487, 0.0028065580731010623, 0.7250017881393432], [0.0, 0.0, 0.0, 1.0]], [0, 5, [0.05893771953512231, -0.224524645848085, 0.7250017881393432], [0.0, 0.0, 0.0, 1.0]], [0, 4, [0.07297050990062762, 0.21329841355568074, 0.7250017881393432], [0.0, 0.0, 0.0, 1.0]], [0, 3, [0.08139018411993082, 0.39572468830724983, 0.7250017881393432], [0.0, 0.0, 0.0, 1.0]], [0, 2, [0.07577706797372868, -0.4209837109651594, 0.7250017881393432], [0.0, 0.0, 0.0, 1.0]], [2, null, null, null]], "scene_graph": {"left": [[6, 5], [5, 2], [4, 6], [3, 4]], "right": [[6, 4], [5, 6], [4, 3], [2, 5]], "front": [], "behind": [], "on": [], "under": [], "leftbehind": [], "leftfront": [], "rightbehind": [], "rightfront": []}}