{"objects": {"6": ["plate", "medium"], "5": ["fork", "medium"], "4": ["knife", "medium"], "3": ["cup", "medium"], "2": ["can_drink", "medium"]}, "action_order": [[0, 6, [0.1038426487047393, -0.0224524645848085, 0.7250017881393432], [0.0, 0.0, 0.0, 1.0]], [0, 5, [0.12629511328954782, -0.269429575017702, 0.7250017881393432], [0.0, 0.0, 0.0, 1.0]], [0, 4, [0.12629511328954782, 0.21610497162878184, 0.7250017881393432], [0.0, 0.0, 0.0, 1.0]], [0, 3, [-0.12348855521644675, -0.30310827189491474, 0.7250017881393432], [0.0, 0.0, 0.0, 1.0]], [0, 2, [-0.3087213880411169, -0.3059148299680158, 0.7250017881393432], [0.0, 0.0, 0.0, 1.0]], [2, null, null, null], [2, null, null, null], [1, 3, [-0.12348643414424508, -0.2731097221214456, 0.8], [0.0, 0.0, 0.0, 1.0]], [1, 3, [-0.12348643414424508, -0.24310972212144558, 0.8], [0.0, 0.0, 0.0, 1.0]], [2, null, null, null], [1, 2, [-0.30917765086760995, -0.2762243619760869, 0.8], [0.0, 0.0, 0.0, 1.0]], [1, 2, [-0.30917765086760995, -0.2462243619760869, 0.8], [0.0, 0.0, 0.0, 1.0]], [2, null, null, null], [2, null, null, null]], "scene_graph": {"left": [[6, 5], [4, 6]], "right": [[6, 4], [5, 6]], "front": [[3, 5], [2, 3]], "behind": [[5, 3], [3, 2]], "on": [], "under": [], "leftbehind": [[6, 3]], "leftfront": [], "rightbehind": [], "rightfront": [[3, 6]]}}