{"objects": {"3": ["plate", "medium"], "2": ["fork", "medium"], "4": ["knife", "medium"], "6": ["cup", "medium"], "5": ["can_drink", "medium"]}, "action_order": [[0, 3, [0.29188203960251047, 0.0, 0.7250017881393432], [0.0, 0.0, 0.0, 1.0]], [0, 2, [0.28626892345630833, -0.21891152970188285, 0.7250017881393432], [0.0, 0.0, 0.0, 1.0]], [0, 4, [0.3367869687721275, 0.18242627475156903, 0.7250017881393432], [0.0, 0.0, 0.0, 1.0]], [2, null, null, null], [1, 4, [0.30694199751916806, 0.18432262447042366, 0.7840044861157776], [0.0, 0.0, 0.0, 1.0]], [2, null, null, null], [1, 2, [0.28654523357270023, -0.18857818907452265, 0.783223789223993], [0.0, 0.0, 0.0, 1.0]], [2, null, null, null], [2, null, null, null], [2, null, null, null], [2, null, null, null], [2, null, null, null], [2, null, null, null], [0, 6, [0.07577706797372868, 0.18242627475156903, 0.7250017881393432], [0.0, 0.0, 0.0, 1.0]], [2, null, null, null], [2, null, null, null], [0, 5, [0.09542297448543612, -0.1908459489708722, 0.7250017881393432], [0.0, 0.0, 0.0, 1.0]], [2, null, null, null], [2, null, null, null]], "scene_graph": {"left": [[3, 2], [4, 3], [6, 5]], "right": [[3, 4], [2, 3], [5, 6]], "front": [[6, 4], [5, 2]], "behind": [[2, 5], [4, 6]], "on": [], "under": [], "leftbehind": [[3, 5]], "leftfront": [[6, 3]], "rightbehind": [[3, 6]], "rightfront": [[5, 3]]}}