{"objects": {"6": ["plate", "medium"], "5": ["fork", "medium"], "4": ["knife", "medium"], "3": ["cup", "medium"], "2": ["can_drink", "medium"]}, "action_order": [[0, 6, [0.26381645887149985, -0.014032790365505313, 0.7250017881393432], [0.0, 0.0, 0.0, 1.0]], [0, 5, [0.29468859767561156, -0.21610497162878184, 0.7250017881393432], [0.0, 0.0, 0.0, 1.0]], [0, 4, [0.3087213880411169, 0.18523283282467012, 0.7250017881393432], [0.0, 0.0, 0.0, 1.0]], [0, 3, [0.134714787508851, 0.1908459489708722, 0.7250017881393432], [0.0, 0.0, 0.0, 1.0]], [0, 2, [0.028065580731010623, 0.1712000424591648, 0.7250017881393432], [0.0, 0.0, 0.0, 1.0]], [2, null, null, null], [2, null, null, null], [2, null, null, null]], "scene_graph": {"left": [[6, 5], [4, 6], [3, 6]], "right": [[6, 3], [6, 4], [5, 6]], "front": [[3, 4], [2, 3]], "behind": [[4, 3], [3, 2]], "on": [], "under": [], "leftbehind": [], "leftfront": [[2, 6]], "rightbehind": [[6, 2]], "rightfront": []}}