{"objects": {"6": ["plate", "medium"], "5": ["fork", "medium"], "4": ["knife", "medium"], "3": ["cup", "medium"], "2": ["can_drink", "medium"]}, "action_order": [[0, 6, [0.03648525495031381, -0.016839348438606374, 0.7250017881393432], [0.0, 0.0, 0.0, 1.0]], [0, 5, [0.061744277608223375, -0.2553967846521967, 0.7250017881393432], [0.0, 0.0, 0.0, 1.0]], [0, 4, [0.05893771953512231, 0.1908459489708722, 0.7250017881393432], [0.0, 0.0, 0.0, 1.0]], [0, 3, [0.056131161462021247, 0.3367869687721275, 0.7250017881393432], [0.0, 0.0, 0.0, 1.0]], [0, 2, [-0.17681315860536692, -0.025259022657909563, 0.7250017881393432], [0.0, 0.0, 0.0, 1.0]], [2, null, null, null], [2, null, null, null], [2, null, null, null], [2, null, null, null], [2, null, null, null], [2, null, null, null]], "scene_graph": {"left": [[6, 5], [4, 6], [3, 4]], "right": [[6, 4], [5, 6], [4, 3]], "front": [[2, 6]], "behind": [[6, 2]], "on": [], "under": [], "leftbehind": [[4, 2]], "leftfront": [[2, 5]], "rightbehind": [[5, 2]], "rightfront": [[2, 4]]}}