{"objects": {"6": ["plate", "medium"], "5": ["fork", "medium"], "4": ["knife", "medium"], "3": ["cup", "medium"], "2": ["can_drink", "medium"]}, "action_order": [[2, null, null, null], [2, null, null, null], [2, null, null, null], [2, null, null, null], [2, null, null, null], [2, null, null, null], [2, null, null, null], [2, null, null, null], [2, null, null, null], [2, null, null, null], [2, null, null, null], [2, null, null, null], [2, null, null, null], [2, null, null, null], [2, null, null, null], [0, 6, [0.053324603388920186, 0.005613116146202125, 0.7250017881393432], [0.0, 0.0, 0.0, 1.0]], [0, 5, [0.04209837109651594, -0.27504269116390406, 0.7250017881393432], [0.0, 0.0, 0.0, 1.0]], [0, 4, [0.05893771953512231, 0.224524645848085, 0.7250017881393432], [0.0, 0.0, 0.0, 1.0]], [0, 3, [0.0673573937544255, 0.3760787817955423, 0.7250017881393432], [0.0, 0.0, 0.0, 1.0]], [0, 2, [-0.17681315860536692, 0.24136399428669142, 0.7250017881393432], [0.0, 0.0, 0.0, 1.0]], [2, null, null, null], [2, null, null, null]], "scene_graph": {"left": [[6, 5], [4, 6], [3, 4]], "right": [[6, 4], [5, 6], [4, 3]], "front": [[2, 4]], "behind": [[4, 2]], "on": [], "under": [], "leftbehind": [[3, 2]], "leftfront": [[2, 6]], "rightbehind": [[6, 2]], "rightfront": [[2, 3]]}}