{"objects": {"2": ["plate", "medium"], "6": ["bowl", "small"], "5": ["fork", "medium"], "4": ["knife", "medium"], "3": ["glass", "medium"]}, "action_order": [[2, null, null, null], [2, null, null, null], [2, null, null, null], [0, 2, [0.10103609063163826, -0.13190822943574995, 0.7250017881393432], [0.0, 0.0, 0.0, 1.0]], [2, null, null, null], [0, 6, [-0.10103609063163826, 0.15997381016676054, 0.7250017881393432], [0.0, 0.0, 0.0, 1.0]], [2, null, null, null], [1, 2, [0.1010363388869255, -0.10190795613854997, 0.7884646124493686], [0.0, 0.0, 0.0, 1.0]], [1, 2, [0.1010363388869255, -0.07190795613854997, 0.8], [0.0, 0.0, 0.0, 1.0]], [1, 2, [0.1010363388869255, -0.04190795613854997, 0.8], [0.0, 0.0, 0.0, 1.0]], [1, 2, [0.1010363388869255, -0.011907956138549974, 0.8], [0.0, 0.0, 0.0, 1.0]], [1, 2, [0.1010363388869255, 0.018092043861450025, 0.8], [0.0, 0.0, 0.0, 1.0]], [2, null, null, null], [2, null, null, null], [0, 5, [0.08980985833923401, 0.3087213880411169, 0.7250017881393432], [0.0, 0.0, 0.0, 1.0]], [0, 4, [0.11506888099714357, 0.42659682711136154, 0.7250017881393432], [0.0, 0.0, 0.0, 1.0]], [2, null, null, null], [0, 3, [-0.08700330026613295, -0.16278036823986164, 0.7250017881393432], [0.0, 0.0, 0.0, 1.0]], [2, null, null, null], [2, null, null, null]], "scene_graph": {"left": [[5, 2], [4, 5], [6, 3]], "right": [[2, 5], [5, 4], [3, 6]], "front": [[6, 2]], "behind": [[2, 6]], "on": [], "under": [], "leftbehind": [[2, 3], [5, 6], [4, 6]], "leftfront": [], "rightbehind": [], "rightfront": [[6, 5], [6, 4], [3, 2]]}}