{"objects": {"4": ["knife", "medium"], "2": ["fork", "medium"], "3": ["plate", "medium"], "6": ["glass", "medium"], "5": ["bowl", "small"]}, "action_order": [[2, null, null, null], [2, null, null, null], [2, null, null, null], [2, null, null, null], [0, 4, [0.1655869263129627, -0.08419674219303189, 0.7250017881393432], [0.0, 0.0, 0.0, 1.0]], [2, null, null, null], [0, 2, [0.1655869263129627, -0.008419674219303189, 0.7250017881393432], [0.0, 0.0, 0.0, 1.0]], [2, null, null, null], [2, null, null, null], [2, null, null, null], [2, null, null, null], [2, null, null, null], [0, 3, [0.1655869263129627, 0.14594101980125526, 0.7250017881393432], [0.0, 0.0, 0.0, 1.0]], [0, 6, [-0.03087213880411169, 0.3704656656493403, 0.7250017881393432], [0.0, 0.0, 0.0, 1.0]], [2, null, null, null], [0, 5, [0.17681315860536695, -0.25820334272529777, 0.7250017881393432], [0.0, 0.0, 0.0, 1.0]], [2, null, null, null]], "scene_graph": {"left": [[4, 5], [2, 4], [3, 2]], "right": [[4, 2], [2, 3], [5, 4]], "front": [], "behind": [], "on": [], "under": [], "leftbehind": [], "leftfront": [[6, 3]], "rightbehind": [[3, 6]], "rightfront": []}}