{"objects": {"6": ["bowl", "small"], "5": ["plate", "medium"], "4": ["knife", "medium"], "3": ["fork", "medium"], "2": ["glass", "medium"]}, "action_order": [[0, 6, [0.10945576485094145, -0.25820334272529777, 0.7250017881393432], [0.0, 0.0, 0.0, 1.0]], [0, 5, [0.12910167136264888, 0.036485254950313815, 0.7250017881393432], [0.0, 0.0, 0.0, 1.0]], [0, 4, [-0.06455083568132444, -0.11787543907024464, 0.7250017881393432], [0.0, 0.0, 0.0, 1.0]], [1, 4, [-0.06455083568132444, -0.11787543907024464, 0.8], [0.0, 0.0, 0.25881904510252074, 0.9659258262890683]], [1, 4, [-0.06455083568132444, -0.11787543907024464, 0.8], [0.0, 0.0, 0.25881904510252074, 0.9659258262890683]], [1, 4, [-0.06455083568132444, -0.11787543907024464, 0.8], [0.0, 0.0, 0.25881904510252074, 0.9659258262890683]], [2, null, null, null], [0, 3, [-0.14313446172815422, -0.12068199714334571, 0.7250017881393432], [0.0, 0.0, 0.0, 1.0]], [1, 3, [-0.14313446172815422, -0.12068199714334571, 0.8], [0.0, 0.0, 0.25881904510252074, 0.9659258262890683]], [1, 3, [-0.14313446172815422, -0.12068199714334571, 0.8], [0.0, 0.0, 0.25881904510252074, 0.9659258262890683]], [1, 3, [-0.14313446172815422, -0.12068199714334571, 0.8], [0.0, 0.0, 0.25881904510252074, 0.9659258262890683]], [1, 3, [-0.14313446172815422, -0.09068199714334571, 0.8], [0.0, 0.0, 0.0, 1.0]], [2, null, null, null], [0, 2, [-0.09822953255853721, 0.21049185548257973, 0.7250017881393432], [0.0, 0.0, 0.0, 1.0]], [2, null, null, null]], "scene_graph": {"left": [[5, 6], [2, 3], [2, 4]], "right": [[6, 5], [3, 2], [4, 2]], "front": [[4, 5], [4, 6], [3, 4]], "behind": [[6, 4], [5, 4], [4, 3]], "on": [], "under": [], "leftbehind": [], "leftfront": [[2, 5]], "rightbehind": [[5, 2]], "rightfront": []}}