{"objects": {"2": ["plate", "medium"], "4": ["knife", "medium"], "6": ["fork", "medium"], "5": ["bowl", "small"], "3": ["glass", "medium"]}, "action_order": [[0, 2, [0.16278036823986167, -0.26100990079839886, 0.7250017881393432], [0.0, 0.0, 0.0, 1.0]], [2, null, null, null], [2, null, null, null], [2, null, null, null], [2, null, null, null], [0, 4, [0.1655869263129627, -0.08419674219303189, 0.7250017881393432], [0.0, 0.0, 0.0, 1.0]], [2, null, null, null], [0, 6, [0.1655869263129627, -0.008419674219303189, 0.7250017881393432], [0.0, 0.0, 0.0, 1.0]], [2, null, null, null], [0, 5, [-0.05613116146202125, -0.2638164588714999, 0.7250017881393432], [0.0, 0.0, 0.0, 1.0]], [2, null, null, null], [0, 3, [0.16278036823986167, 0.1431344617281542, 0.7250017881393432], [0.0, 0.0, 0.0, 1.0]], [2, null, null, null]], "scene_graph": {"left": [[4, 2], [6, 4], [3, 6]], "right": [[2, 4], [4, 6], [6, 3]], "front": [[5, 2]], "behind": [[2, 5]], "on": [], "under": [], "leftbehind": [[4, 5], [6, 5]], "leftfront": [], "rightbehind": [], "rightfront": [[5, 4], [5, 6]]}}