{"objects": {"3": ["plate", "medium"], "4": ["bowl", "small"], "2": ["glass", "medium"], "5": ["knife", "medium"], "6": ["fork", "medium"]}, "action_order": [[0, 3, [0.16278036823986167, -0.26100990079839886, 0.7250017881393432], [0.0, 0.0, 0.0, 1.0]], [0, 4, [0.19365250704397335, 0.10945576485094147, 0.7250017881393432], [0.0, 0.0, 0.0, 1.0]], [1, 4, [0.16365250704397336, 0.10945576485094147, 0.8], [0.0, 0.0, 0.0, 1.0]], [2, null, null, null], [2, null, null, null], [2, null, null, null], [0, 2, [-0.08419674219303189, -0.06174427760822338, 0.7250017881393432], [0.0, 0.0, 0.0, 1.0]], [2, null, null, null], [0, 5, [0.1655869263129627, -0.08419674219303189, 0.7250017881393432], [0.0, 0.0, 0.0, 1.0]], [2, null, null, null], [0, 6, [0.1655869263129627, -0.008419674219303189, 0.7250017881393432], [0.0, 0.0, 0.0, 1.0]], [2, null, null, null]], "scene_graph": {"left": [[4, 6], [5, 3], [6, 5]], "right": [[3, 5], [5, 6], [6, 4]], "front": [[2, 5], [2, 6]], "behind": [[5, 2], [6, 2]], "on": [], "under": [], "leftbehind": [[4, 2]], "leftfront": [[2, 3]], "rightbehind": [[3, 2]], "rightfront": [[2, 4]]}}