{"objects": {"5": ["plate", "medium"], "6": ["fork", "medium"], "4": ["knife", "medium"], "3": ["glass", "medium"], "2": ["bowl", "small"]}, "action_order": [[0, 5, [0.11506888099714355, -0.036485254950313815, 0.7250017881393432], [0.0, 0.0, 0.0, 1.0]], [0, 6, [0.12348855521644675, -0.24978366850599457, 0.7250017881393432], [0.0, 0.0, 0.0, 1.0]], [0, 4, [0.12348855521644675, 0.1964590651170744, 0.7250017881393432], [0.0, 0.0, 0.0, 1.0]], [2, null, null, null], [1, 4, [0.1234843636001855, 0.16646062235817274, 0.7806297781146745], [0.0, 0.0, 0.0, 1.0]], [2, null, null, null], [2, null, null, null], [2, null, null, null], [2, null, null, null], [2, null, null, null], [2, null, null, null], [0, 3, [0.12348855521644675, -0.4125640367458563, 0.7250017881393432], [0.0, 0.0, 0.0, 1.0]], [2, null, null, null], [0, 2, [-0.10103609063163825, -0.044904929169617, 0.7250017881393432], [0.0, 0.0, 0.0, 1.0]], [2, null, null, null]], "scene_graph": {"left": [[5, 6], [6, 3], [4, 5]], "right": [[5, 4], [6, 5], [3, 6]], "front": [[2, 5]], "behind": [[5, 2]], "on": [], "under": [], "leftbehind": [[4, 2]], "leftfront": [[2, 6]], "rightbehind": [[6, 2]], "rightfront": [[2, 4]]}}