{"objects": {"6": ["plate", "medium"], "5": ["bowl", "small"], "4": ["fork", "medium"], "3": ["knife", "medium"], "2": ["glass", "medium"]}, "action_order": [[0, 6, [0.16278036823986167, -0.26100990079839886, 0.7250017881393432], [0.0, 0.0, 0.0, 1.0]], [0, 5, [0.19365250704397335, 0.10945576485094147, 0.7250017881393432], [0.0, 0.0, 0.0, 1.0]], [1, 5, [0.16365250704397336, 0.10945576485094147, 0.8], [0.0, 0.0, 0.0, 1.0]], [2, null, null, null], [0, 4, [0.1740066005322659, -0.4799214305002818, 0.7250017881393432], [0.0, 0.0, 0.0, 1.0]], [2, null, null, null], [0, 3, [0.1655869263129627, 0.3676591075762392, 0.7250017881393432], [0.0, 0.0, 0.0, 1.0]], [2, null, null, null], [0, 2, [-0.08419674219303189, -0.06174427760822338, 0.7250017881393432], [0.0, 0.0, 0.0, 1.0]], [2, null, null, null]], "scene_graph": {"left": [[6, 4], [5, 6], [3, 5]], "right": [[6, 5], [5, 3], [4, 6]], "front": [], "behind": [], "on": [], "under": [], "leftbehind": [[5, 2]], "leftfront": [[2, 6]], "rightbehind": [[6, 2]], "rightfront": [[2, 5]]}}