{"objects": {"2": ["knife", "medium"], "3": ["fork", "medium"], "4": ["bowl", "small"], "5": ["plate", "medium"], "6": ["glass", "medium"]}, "action_order": [[0, 2, [0.07016395182752658, -0.09261641641233508, 0.7250017881393432], [0.0, 0.0, 0.0, 1.0]], [0, 3, [0.09261641641233508, -0.050518045315819125, 0.7250017881393432], [0.0, 0.0, 0.0, 1.0]], [0, 4, [0.11506888099714357, -0.21891152970188293, 0.7250017881393432], [0.0, 0.0, 0.0, 1.0]], [0, 5, [0.13471478750885102, 0.05893771953512232, 0.7250017881393432], [0.0, 0.0, 0.0, 1.0]], [2, null, null, null], [1, 5, [0.1347180511200688, 0.08894139327208635, 0.7894457624131213], [0.0, 0.0, 0.0, 1.0]], [1, 5, [0.1047180511200688, 0.08894139327208635, 0.8], [0.0, 0.0, 0.0, 1.0]], [2, null, null, null], [2, null, null, null], [0, 6, [0.1122623229240425, 0.26662301694460094, 0.7250017881393432], [0.0, 0.0, 0.0, 1.0]], [2, null, null, null]], "scene_graph": {"left": [[2, 4], [3, 2], [5, 3], [6, 5]], "right": [[2, 3], [3, 5], [4, 2], [5, 6]], "front": [], "behind": [], "on": [], "under": [], "leftbehind": [], "leftfront": [], "rightbehind": [], "rightfront": []}}