{"objects": {"6": ["plate", "medium"], "5": ["fork", "medium"], "4": ["knife", "medium"], "3": ["bowl", "small"], "2": ["glass", "medium"]}, "action_order": [[0, 6, [0.11506888099714355, -0.036485254950313815, 0.7250017881393432], [0.0, 0.0, 0.0, 1.0]], [0, 5, [0.12348855521644675, -0.24978366850599457, 0.7250017881393432], [0.0, 0.0, 0.0, 1.0]], [0, 4, [0.12348855521644675, 0.1964590651170744, 0.7250017881393432], [0.0, 0.0, 0.0, 1.0]], [2, null, null, null], [1, 4, [0.1234843636001855, 0.16646062235817274, 0.7806297781146745], [0.0, 0.0, 0.0, 1.0]], [2, null, null, null], [0, 3, [0.11979977103913943, -0.027860411869567316, 0.7313983201980591], [0.0, 0.0, 0.0, 1.0]], [0, 2, [-0.12068199714334568, 0.15997381016676052, 0.7250017881393432], [0.0, 0.0, 0.0, 1.0]], [2, null, null, null]], "scene_graph": {"left": [[4, 6], [4, 3], [6, 5], [3, 5]], "right": [[6, 4], [5, 6], [5, 3], [3, 4]], "front": [[2, 4]], "behind": [[4, 2]], "on": [[6, 3]], "under": [[3, 6]], "leftbehind": [], "leftfront": [[2, 6], [2, 3]], "rightbehind": [[6, 2], [3, 2]], "rightfront": []}}