{"objects": {"5": ["knife", "medium"], "4": ["fork", "medium"], "6": ["glass", "medium"], "3": ["plate", "medium"], "2": ["bowl", "small"]}, "action_order": [[0, 5, [0.07016395182752658, -0.09261641641233508, 0.7250017881393432], [0.0, 0.0, 0.0, 1.0]], [0, 4, [0.09261641641233508, -0.050518045315819125, 0.7250017881393432], [0.0, 0.0, 0.0, 1.0]], [2, null, null, null], [2, null, null, null], [2, null, null, null], [2, null, null, null], [0, 6, [-0.11787543907024464, -0.08139018411993082, 0.7250017881393432], [0.0, 0.0, 0.0, 1.0]], [0, 3, [0.1122623229240425, -0.21329841355568077, 0.7250017881393432], [0.0, 0.0, 0.0, 1.0]], [0, 2, [0.12629511328954784, 0.05332460338892019, 0.7250017881393432], [0.0, 0.0, 0.0, 1.0]], [2, null, null, null]], "scene_graph": {"left": [[5, 3], [4, 5], [2, 4]], "right": [[5, 4], [4, 2], [3, 5]], "front": [[6, 5], [6, 4], [6, 3]], "behind": [[5, 6], [4, 6], [3, 6]], "on": [], "under": [], "leftbehind": [], "leftfront": [], "rightbehind": [], "rightfront": []}}