{"objects": {"5": ["plate", "medium"], "2": ["fork", "medium"], "3": ["knife", "medium"], "6": ["bowl", "small"], "4": ["glass", "medium"]}, "action_order": [[0, 5, [0.03929181302341488, -0.06455083568132444, 0.7250017881393432], [0.0, 0.0, 0.0, 1.0]], [2, null, null, null], [2, null, null, null], [2, null, null, null], [0, 2, [0.044904929169617004, 0.08139018411993082, 0.7250017881393432], [0.0, 0.0, 0.0, 1.0]], [0, 3, [0.06455083568132444, 0.14594101980125526, 0.7250017881393432], [0.0, 0.0, 0.0, 1.0]], [2, null, null, null], [2, null, null, null], [0, 6, [-0.14032790365505315, -0.06174427760822338, 0.7250017881393432], [0.0, 0.0, 0.0, 1.0]], [2, null, null, null], [0, 4, [0.042098371096515944, -0.23575087814048928, 0.7250017881393432], [0.0, 0.0, 0.0, 1.0]], [2, null, null, null]], "scene_graph": {"left": [[5, 4], [2, 5], [3, 2]], "right": [[5, 2], [2, 3], [4, 5]], "front": [[6, 5]], "behind": [[5, 6]], "on": [], "under": [], "leftbehind": [[2, 6], [3, 6]], "leftfront": [[6, 4]], "rightbehind": [[4, 6]], "rightfront": [[6, 2], [6, 3]]}}