{"objects": {"6": ["knife", "medium"], "5": ["fork", "medium"], "2": ["glass", "medium"], "3": ["plate", "medium"], "4": ["bowl", "small"]}, "action_order": [[0, 6, [-0.06455083568132444, -0.11787543907024464, 0.7250017881393432], [0.0, 0.0, 0.0, 1.0]], [1, 6, [-0.06455083568132444, -0.11787543907024464, 0.8], [0.0, 0.0, 0.25881904510252074, 0.9659258262890683]], [1, 6, [-0.06455083568132444, -0.11787543907024464, 0.8], [0.0, 0.0, 0.25881904510252074, 0.9659258262890683]], [1, 6, [-0.06455083568132444, -0.11787543907024464, 0.8], [0.0, 0.0, 0.25881904510252074, 0.9659258262890683]], [2, null, null, null], [0, 5, [-0.14313446172815422, -0.12068199714334571, 0.7250017881393432], [0.0, 0.0, 0.0, 1.0]], [1, 5, [-0.14313446172815422, -0.12068199714334571, 0.8], [0.0, 0.0, 0.25881904510252074, 0.9659258262890683]], [1, 5, [-0.14313446172815422, -0.12068199714334571, 0.8], [0.0, 0.0, 0.25881904510252074, 0.9659258262890683]], [1, 5, [-0.14313446172815422, -0.12068199714334571, 0.8], [0.0, 0.0, 0.25881904510252074, 0.9659258262890683]], [1, 5, [-0.14313446172815422, -0.09068199714334571, 0.8], [0.0, 0.0, 0.0, 1.0]], [2, null, null, null], [2, null, null, null], [0, 2, [0.10384264870473932, -0.42659682711136154, 0.7250017881393432], [0.0, 0.0, 0.0, 1.0]], [0, 3, [0.10103609063163826, -0.13190822943574995, 0.7250017881393432], [0.0, 0.0, 0.0, 1.0]], [0, 4, [0.1122623229240425, 0.16558692631296268, 0.7250017881393432], [0.0, 0.0, 0.0, 1.0]], [2, null, null, null]], "scene_graph": {"left": [[4, 3], [3, 2]], "right": [[2, 3], [3, 4]], "front": [[6, 3], [5, 6]], "behind": [[6, 5], [3, 6]], "on": [], "under": [], "leftbehind": [[4, 6], [4, 5]], "leftfront": [[6, 2], [5, 2]], "rightbehind": [[2, 6], [2, 5]], "rightfront": [[6, 4], [5, 4]]}}