{"objects": {"2": ["plate", "medium"], "3": ["fork", "medium"], "4": ["knife", "medium"], "5": ["bowl", "small"], "6": ["glass", "medium"]}, "action_order": [[0, 2, [0.11506888099714355, -0.036485254950313815, 0.7250017881393432], [0.0, 0.0, 0.0, 1.0]], [0, 3, [0.12348855521644675, -0.24978366850599457, 0.7250017881393432], [0.0, 0.0, 0.0, 1.0]], [0, 4, [0.12348855521644675, 0.1964590651170744, 0.7250017881393432], [0.0, 0.0, 0.0, 1.0]], [2, null, null, null], [1, 4, [0.1234843636001855, 0.16646062235817274, 0.7806297781146745], [0.0, 0.0, 0.0, 1.0]], [2, null, null, null], [0, 5, [0.11979977103913943, -0.027860411869567316, 0.7313983201980591], [0.0, 0.0, 0.0, 1.0]], [2, null, null, null], [0, 6, [0.10945576485094145, 0.32836729455282426, 0.7250017881393432], [0.0, 0.0, 0.0, 1.0]], [2, null, null, null]], "scene_graph": {"left": [[4, 2], [6, 4], [6, 5], [2, 3], [5, 3]], "right": [[2, 4], [3, 2], [3, 5], [4, 6], [5, 6]], "front": [], "behind": [], "on": [[2, 5]], "under": [[5, 2]], "leftbehind": [], "leftfront": [], "rightbehind": [], "rightfront": []}}