{"objects": {"6": ["plate", "medium"], "5": ["knife", "medium"], "4": ["fork", "medium"], "3": ["bowl", "small"], "2": ["glass", "medium"]}, "action_order": [[0, 6, [0.03929181302341488, -0.06455083568132444, 0.7250017881393432], [0.0, 0.0, 0.0, 1.0]], [0, 5, [0.05051804531581913, -0.29468859767561156, 0.7250017881393432], [0.0, 0.0, 0.0, 1.0]], [0, 4, [0.06455083568132444, -0.24136399428669142, 0.7250017881393432], [0.0, 0.0, 0.0, 1.0]], [0, 3, [0.042098371096515944, 0.1431344617281542, 0.7250017881393432], [0.0, 0.0, 0.0, 1.0]], [0, 2, [-0.14594101980125526, 0.16558692631296268, 0.7250017881393432], [0.0, 0.0, 0.0, 1.0]], [2, null, null, null]], "scene_graph": {"left": [[6, 4], [4, 5], [3, 6]], "right": [[6, 3], [5, 4], [4, 6]], "front": [[2, 3]], "behind": [[3, 2]], "on": [], "under": [], "leftbehind": [], "leftfront": [[2, 6]], "rightbehind": [[6, 2]], "rightfront": []}}