{"objects": {"4": ["plate", "medium"], "2": ["bowl", "small"], "6": ["fork", "medium"], "3": ["knife", "medium"], "5": ["glass", "medium"]}, "action_order": [[0, 4, [0.03929181302341488, -0.06455083568132444, 0.7250017881393432], [0.0, 0.0, 0.0, 1.0]], [2, null, null, null], [2, null, null, null], [0, 2, [0.04771148724271807, -0.2525902265790957, 0.7250017881393432], [0.0, 0.0, 0.0, 1.0]], [2, null, null, null], [0, 6, [0.044904929169617004, 0.08139018411993082, 0.7250017881393432], [0.0, 0.0, 0.0, 1.0]], [0, 3, [0.06455083568132444, 0.14594101980125526, 0.7250017881393432], [0.0, 0.0, 0.0, 1.0]], [2, null, null, null], [0, 5, [-0.12348855521644676, 0.11787543907024464, 0.7250017881393432], [0.0, 0.0, 0.0, 1.0]], [2, null, null, null]], "scene_graph": {"left": [[4, 2], [6, 4], [3, 6]], "right": [[4, 6], [2, 4], [6, 3]], "front": [[5, 3], [5, 6]], "behind": [[6, 5], [3, 5]], "on": [], "under": [], "leftbehind": [], "leftfront": [[5, 4]], "rightbehind": [[4, 5]], "rightfront": []}}