{"objects": {"6": ["knife", "medium"], "5": ["fork", "medium"], "4": ["bowl", "small"], "3": ["plate", "medium"], "2": ["glass", "medium"]}, "action_order": [[0, 6, [0.07016395182752658, -0.09261641641233508, 0.7250017881393432], [0.0, 0.0, 0.0, 1.0]], [0, 5, [0.09261641641233508, -0.050518045315819125, 0.7250017881393432], [0.0, 0.0, 0.0, 1.0]], [0, 4, [0.11506888099714357, -0.21891152970188293, 0.7250017881393432], [0.0, 0.0, 0.0, 1.0]], [0, 3, [0.13471478750885102, 0.05893771953512232, 0.7250017881393432], [0.0, 0.0, 0.0, 1.0]], [2, null, null, null], [1, 3, [0.1347180511200688, 0.08894139327208635, 0.7894457624131213], [0.0, 0.0, 0.0, 1.0]], [1, 3, [0.1047180511200688, 0.08894139327208635, 0.8], [0.0, 0.0, 0.0, 1.0]], [2, null, null, null], [0, 2, [-0.14874757787435636, -0.07297050990062763, 0.7250017881393432], [0.0, 0.0, 0.0, 1.0]], [2, null, null, null]], "scene_graph": {"left": [[6, 4], [5, 6], [3, 5]], "right": [[6, 5], [5, 3], [4, 6]], "front": [[2, 6], [2, 5]], "behind": [[6, 2], [5, 2]], "on": [], "under": [], "leftbehind": [[3, 2]], "leftfront": [], "rightbehind": [], "rightfront": [[2, 3]]}}