{"objects": {"5": ["plate", "medium"], "4": ["glass", "medium"], "3": ["bowl", "small"], "6": ["fork", "medium"], "2": ["knife", "medium"]}, "action_order": [[0, 5, [0.03929181302341488, -0.06455083568132444, 0.7250017881393432], [0.0, 0.0, 0.0, 1.0]], [2, null, null, null], [0, 4, [-0.12910167136264888, -0.24136399428669142, 0.7250017881393432], [0.0, 0.0, 0.0, 1.0]], [2, null, null, null], [0, 3, [0.04771148724271807, -0.2525902265790957, 0.7250017881393432], [0.0, 0.0, 0.0, 1.0]], [2, null, null, null], [0, 6, [0.044904929169617004, 0.08139018411993082, 0.7250017881393432], [0.0, 0.0, 0.0, 1.0]], [0, 2, [0.06455083568132444, 0.14594101980125526, 0.7250017881393432], [0.0, 0.0, 0.0, 1.0]], [2, null, null, null]], "scene_graph": {"left": [[5, 3], [6, 5], [2, 6]], "right": [[5, 6], [3, 5], [6, 2]], "front": [[4, 3]], "behind": [[3, 4]], "on": [], "under": [], "leftbehind": [[5, 4], [6, 4]], "leftfront": [], "rightbehind": [], "rightfront": [[4, 5], [4, 6]]}}