{"objects": {"2": ["plate", "medium"], "3": ["fork", "medium"], "4": ["knife", "medium"], "5": ["bowl", "small"], "6": ["glass", "medium"]}, "action_order": [[0, 2, [0.11506888099714355, -0.036485254950313815, 0.7250017881393432], [0.0, 0.0, 0.0, 1.0]], [0, 3, [0.12348855521644675, -0.24978366850599457, 0.7250017881393432], [0.0, 0.0, 0.0, 1.0]], [0, 4, [0.12348855521644675, 0.1964590651170744, 0.7250017881393432], [0.0, 0.0, 0.0, 1.0]], [2, null, null, null], [1, 4, [0.1234843636001855, 0.16646062235817274, 0.7806297781146745], [0.0, 0.0, 0.0, 1.0]], [2, null, null, null], [0, 5, [0.11979977103913943, -0.027860411869567316, 0.7313983201980591], [0.0, 0.0, 0.0, 1.0]], [2, null, null, null], [2, null, null, null], [2, null, null, null], [0, 6, [-0.09542297448543612, -0.24978366850599457, 0.7250017881393432], [0.0, 0.0, 0.0, 1.0]], [2, null, null, null]], "scene_graph": {"left": [[4, 2], [2, 3], [5, 3]], "right": [[2, 4], [3, 2], [3, 5]], "front": [[6, 3]], "behind": [[3, 6]], "on": [[2, 5]], "under": [[5, 2]], "leftbehind": [[2, 6], [5, 6]], "leftfront": [], "rightbehind": [], "rightfront": [[6, 2], [6, 5]]}}