{"objects": {"2": ["plate", "medium"], "3": ["knife", "medium"], "4": ["fork", "medium"], "5": ["bowl", "small"], "6": ["glass", "medium"]}, "action_order": [[0, 2, [0.03929181302341488, -0.06455083568132444, 0.7250017881393432], [0.0, 0.0, 0.0, 1.0]], [0, 3, [0.05051804531581913, -0.29468859767561156, 0.7250017881393432], [0.0, 0.0, 0.0, 1.0]], [0, 4, [0.06455083568132444, -0.24136399428669142, 0.7250017881393432], [0.0, 0.0, 0.0, 1.0]], [0, 5, [0.042098371096515944, 0.1431344617281542, 0.7250017881393432], [0.0, 0.0, 0.0, 1.0]], [2, null, null, null], [0, 6, [-0.12910167136264888, -0.24136399428669142, 0.7250017881393432], [0.0, 0.0, 0.0, 1.0]], [2, null, null, null]], "scene_graph": {"left": [[2, 4], [4, 3], [5, 2]], "right": [[2, 5], [3, 4], [4, 2]], "front": [[6, 3], [6, 4]], "behind": [[3, 6], [4, 6]], "on": [], "under": [], "leftbehind": [[2, 6]], "leftfront": [], "rightbehind": [], "rightfront": [[6, 2]]}}