{"objects": {"7": ["plate", "medium"], "6": ["fork", "medium"], "5": ["fork", "medium"], "4": ["spoon", "medium"], "3": ["knife", "medium"], "2": ["glass", "medium"]}, "action_order": [[0, 7, [0.0757770679737287, -0.04771148724271807, 0.7250017881393432], [0.0, 0.0, 0.0, 1.0]], [2, null, null, null], [2, null, null, null], [0, 6, [0.07297050990062763, -0.26100990079839886, 0.7250017881393432], [0.0, 0.0, 0.0, 1.0]], [0, 5, [0.08419674219303189, -0.21610497162878187, 0.7250017881393432], [0.0, 0.0, 0.0, 1.0]], [2, null, null, null], [2, null, null, null], [2, null, null, null], [2, null, null, null], [0, 4, [0.08419674219303189, -0.3087213880411169, 0.7250017881393432], [0.0, 0.0, 0.0, 1.0]], [2, null, null, null], [0, 3, [0.08419674219303189, -0.37607878179554244, 0.7250017881393432], [0.0, 0.0, 0.0, 1.0]], [2, null, null, null], [2, null, null, null], [0, 2, [-0.12348855521644676, -0.04771148724271807, 0.7250017881393432], [0.0, 0.0, 0.0, 1.0]], [2, null, null, null]], "scene_graph": {"left": [[7, 5], [6, 4], [5, 6], [4, 3]], "right": [[6, 5], [5, 7], [4, 6], [3, 4]], "front": [[2, 7]], "behind": [[7, 2]], "on": [], "under": [], "leftbehind": [], "leftfront": [[2, 5], [2, 6]], "rightbehind": [[5, 2], [6, 2]], "rightfront": []}}