{"objects": {"5": ["plate", "medium"], "7": ["glass", "medium"], "4": ["spoon", "medium"], "2": ["knife", "medium"], "3": ["fork", "medium"], "6": ["fork", "medium"]}, "action_order": [[0, 5, [0.12629511328954784, -0.016839348438606377, 0.7250017881393432], [0.0, 0.0, 0.0, 1.0]], [2, null, null, null], [2, null, null, null], [2, null, null, null], [2, null, null, null], [2, null, null, null], [2, null, null, null], [2, null, null, null], [2, null, null, null], [2, null, null, null], [2, null, null, null], [1, 5, [0.15631643301314632, -0.016418641005655894, 0.7900235814221743], [0.0, 0.0, 0.0, 1.0]], [2, null, null, null], [2, null, null, null], [2, null, null, null], [2, null, null, null], [2, null, null, null], [1, 5, [0.12631643582632984, -0.016418631604547918, 0.7791136557454016], [0.0, 0.0, 0.0, 1.0]], [1, 5, [0.09631643582632984, -0.016418631604547918, 0.8], [0.0, 0.0, 0.0, 1.0]], [2, null, null, null], [0, 7, [-0.10945576485094145, -0.014032790365505313, 0.7250017881393432], [0.0, 0.0, 0.0, 1.0]], [2, null, null, null], [0, 4, [0.10103609063163826, -0.2048787393363776, 0.7250017881393432], [0.0, 0.0, 0.0, 1.0]], [2, null, null, null], [0, 2, [0.10945576485094145, 0.17120004245916481, 0.7250017881393432], [0.0, 0.0, 0.0, 1.0]], [2, null, null, null], [2, null, null, null], [2, null, null, null], [0, 3, [0.11787543907024464, -0.30030171382181375, 0.7250017881393432], [0.0, 0.0, 0.0, 1.0]], [1, 3, [0.08787543907024464, -0.30030171382181375, 0.8], [0.0, 0.0, 0.0, 1.0]], [1, 3, [0.08787543907024464, -0.2703017138218138, 0.8], [0.0, 0.0, 0.0, 1.0]], [2, null, null, null], [0, 6, [0.11506888099714357, 0.23013776199428715, 0.7250017881393432], [0.0, 0.0, 0.0, 1.0]], [2, null, null, null], [1, 6, [0.11556752253081702, 0.25446807134918975, 0.7859411322070824], [0.0, 0.0, 0.0, 1.0]], [2, null, null, null]], "scene_graph": {"left": [[5, 4], [4, 3], [2, 5], [6, 2]], "right": [[5, 2], [4, 5], [2, 6], [3, 4]], "front": [[7, 5]], "behind": [[5, 7]], "on": [], "under": [], "leftbehind": [[2, 7], [6, 7]], "leftfront": [[7, 4], [7, 3]], "rightbehind": [[4, 7], [3, 7]], "rightfront": [[7, 2], [7, 6]]}}