{"objects": {"3": ["plate", "medium"], "4": ["glass", "medium"], "6": ["knife", "medium"], "5": ["spoon", "medium"], "2": ["fork", "medium"], "7": ["fork", "medium"]}, "action_order": [[0, 3, [0.0757770679737287, -0.04771148724271807, 0.7250017881393432], [0.0, 0.0, 0.0, 1.0]], [2, null, null, null], [2, null, null, null], [2, null, null, null], [2, null, null, null], [2, null, null, null], [2, null, null, null], [2, null, null, null], [2, null, null, null], [2, null, null, null], [0, 4, [-0.12348855521644676, -0.04771148724271807, 0.7250017881393432], [0.0, 0.0, 0.0, 1.0]], [2, null, null, null], [0, 6, [0.0757770679737287, 0.10945576485094147, 0.7250017881393432], [0.0, 0.0, 0.0, 1.0]], [0, 5, [0.08419674219303189, 0.18242627475156906, 0.7250017881393432], [0.0, 0.0, 0.0, 1.0]], [0, 2, [0.10103609063163826, 0.26662301694460094, 0.7250017881393432], [0.0, 0.0, 0.0, 1.0]], [0, 7, [0.12068199714334571, 0.3480132010645318, 0.7250017881393432], [0.0, 0.0, 0.0, 1.0]], [2, null, null, null], [1, 7, [0.09121305682801217, 0.3426285805469082, 0.7859424491210644], [0.0, 0.0, 0.0, 1.0]], [1, 7, [0.061213056828012175, 0.3426285805469082, 0.8], [0.0, 0.0, 0.0, 1.0]], [2, null, null, null], [1, 2, [0.07156652354974648, 0.2610742881143207, 0.7859403335538854], [0.0, 0.0, 0.0, 1.0]], [2, null, null, null], [1, 7, [0.061212651691816986, 0.3126310224103699, 0.7859407219255199], [0.0, 0.0, 0.0, 1.0]], [2, null, null, null]], "scene_graph": {"left": [[6, 3], [5, 6], [2, 5], [7, 2]], "right": [[3, 6], [6, 5], [5, 2], [2, 7]], "front": [[4, 3]], "behind": [[3, 4]], "on": [], "under": [], "leftbehind": [[6, 4], [5, 4]], "leftfront": [], "rightbehind": [], "rightfront": [[4, 6], [4, 5]]}}