{"objects": {"7": ["plate", "medium"], "6": ["fork", "medium"], "5": ["fork", "medium"], "3": ["spoon", "medium"], "4": ["knife", "medium"], "2": ["glass", "medium"]}, "action_order": [[0, 7, [0.0757770679737287, -0.04771148724271807, 0.7250017881393432], [0.0, 0.0, 0.0, 1.0]], [2, null, null, null], [2, null, null, null], [0, 6, [0.07297050990062763, -0.26100990079839886, 0.7250017881393432], [0.0, 0.0, 0.0, 1.0]], [0, 5, [0.08419674219303189, -0.21610497162878187, 0.7250017881393432], [0.0, 0.0, 0.0, 1.0]], [2, null, null, null], [0, 3, [0.07858362604682977, 0.08700330026613295, 0.7250017881393432], [0.0, 0.0, 0.0, 1.0]], [0, 4, [0.08980985833923401, 0.15436069402055844, 0.7250017881393432], [0.0, 0.0, 0.0, 1.0]], [0, 2, [-0.09822953255853721, -0.039291813023414876, 0.7250017881393432], [0.0, 0.0, 0.0, 1.0]], [2, null, null, null]], "scene_graph": {"left": [[7, 5], [5, 6], [3, 7], [4, 3]], "right": [[7, 3], [6, 5], [5, 7], [3, 4]], "front": [[2, 7]], "behind": [[7, 2]], "on": [], "under": [], "leftbehind": [[3, 2], [4, 2]], "leftfront": [[2, 5], [2, 6]], "rightbehind": [[6, 2], [5, 2]], "rightfront": [[2, 3], [2, 4]]}}