{"objects": {"7": ["plate", "medium"], "5": ["glass", "medium"], "6": ["knife", "medium"], "4": ["fork", "medium"], "3": ["fork", "medium"], "2": ["spoon", "medium"]}, "action_order": [[0, 7, [-0.07858362604682977, -0.016839348438606377, 0.7250017881393432], [0.0, 0.0, 0.0, 1.0]], [0, 5, [-0.09822953255853721, 0.15436069402055844, 0.7250017881393432], [0.0, 0.0, 0.0, 1.0]], [2, null, null, null], [0, 6, [0.12348855521644676, -0.12348855521644676, 0.7250017881393432], [0.0, 0.0, 0.0, 1.0]], [2, null, null, null], [0, 4, [0.13190822943574995, -0.05893771953512232, 0.7250017881393432], [0.0, 0.0, 0.0, 1.0]], [2, null, null, null], [0, 3, [0.14874757787435636, 0.0, 0.7250017881393432], [0.0, 0.0, 0.0, 1.0]], [2, null, null, null], [0, 2, [0.14032790365505315, 0.06735739375442551, 0.7250017881393432], [0.0, 0.0, 0.0, 1.0]], [2, null, null, null]], "scene_graph": {"left": [[5, 7], [4, 6], [3, 4], [2, 3]], "right": [[6, 4], [4, 3], [3, 2], [7, 5]], "front": [[7, 4], [7, 3], [7, 2]], "behind": [[4, 7], [3, 7], [2, 7]], "on": [], "under": [], "leftbehind": [], "leftfront": [[7, 6], [5, 2], [5, 3]], "rightbehind": [[6, 7], [2, 5], [3, 5]], "rightfront": []}}