{"objects": {"7": ["plate", "medium"], "6": ["fork", "medium"], "5": ["knife", "medium"], "4": ["fork", "medium"], "3": ["spoon", "medium"], "2": ["glass", "medium"]}, "action_order": [[0, 7, [0.12629511328954784, -0.016839348438606377, 0.7250017881393432], [0.0, 0.0, 0.0, 1.0]], [2, null, null, null], [0, 6, [0.12483123759268071, -0.01664416501235743, 0.7351438164710998], [0.0, 0.0, 0.0, 1.0]], [1, 6, [0.12483123759268071, 0.013355834987642569, 0.8], [0.0, 0.0, 0.0, 1.0]], [1, 6, [0.12483123759268071, 0.04335583498764257, 0.8], [0.0, 0.0, 0.0, 1.0]], [1, 6, [0.12483123759268071, 0.07335583498764256, 0.8], [0.0, 0.0, 0.0, 1.0]], [1, 6, [0.12483123759268071, 0.10335583498764256, 0.8], [0.0, 0.0, 0.0, 1.0]], [1, 6, [0.12483123759268071, 0.13335583498764256, 0.8], [0.0, 0.0, 0.0, 1.0]], [1, 6, [0.12483123759268071, 0.16335583498764256, 0.8], [0.0, 0.0, 0.0, 1.0]], [1, 6, [0.12483123759268071, 0.19335583498764256, 0.8], [0.0, 0.0, 0.0, 1.0]], [1, 6, [0.09483123759268071, 0.19335583498764256, 0.8], [0.0, 0.0, 0.0, 1.0]], [2, null, null, null], [0, 5, [0.12629511328954784, 0.2918820396025105, 0.7250017881393432], [0.0, 0.0, 0.0, 1.0]], [1, 5, [0.09629511328954785, 0.2918820396025105, 0.8], [0.0, 0.0, 0.0, 1.0]], [2, null, null, null], [0, 4, [0.1122623229240425, -0.22733120392118614, 0.7250017881393432], [0.0, 0.0, 0.0, 1.0]], [1, 4, [0.08226232292404251, -0.22733120392118614, 0.8], [0.0, 0.0, 0.0, 1.0]], [2, null, null, null], [0, 3, [0.06455083568132444, -0.2497836685059946, 0.7250017881393432], [0.0, 0.0, 0.0, 1.0]], [1, 3, [0.06455083568132444, -0.27978366850599456, 0.8], [0.0, 0.0, 0.0, 1.0]], [1, 3, [0.06455083568132444, -0.3097836685059946, 0.8], [0.0, 0.0, 0.0, 1.0]], [1, 3, [0.06455083568132444, -0.27978366850599456, 0.8], [0.0, 0.0, 0.0, 1.0]], [2, null, null, null], [0, 2, [-0.10945576485094145, 0.1908459489708723, 0.7250017881393432], [0.0, 0.0, 0.0, 1.0]]], "scene_graph": {"left": [[7, 4], [5, 6], [4, 3], [6, 7]], "right": [[7, 6], [4, 7], [3, 4], [6, 5]], "front": [], "behind": [], "on": [], "under": [], "leftbehind": [], "leftfront": [], "rightbehind": [], "rightfront": []}}