{"objects": {"4": ["plate", "medium"], "5": ["spoon", "medium"], "3": ["fork", "medium"], "7": ["glass", "medium"], "2": ["fork", "medium"], "6": ["knife", "medium"]}, "action_order": [[0, 4, [0.12629511328954784, -0.016839348438606377, 0.7250017881393432], [0.0, 0.0, 0.0, 1.0]], [2, null, null, null], [2, null, null, null], [2, null, null, null], [2, null, null, null], [2, null, null, null], [2, null, null, null], [2, null, null, null], [2, null, null, null], [2, null, null, null], [2, null, null, null], [1, 4, [0.15631643301314632, -0.016418641005655894, 0.7900235814221743], [0.0, 0.0, 0.0, 1.0]], [2, null, null, null], [2, null, null, null], [2, null, null, null], [2, null, null, null], [2, null, null, null], [1, 4, [0.12631643582632984, -0.016418631604547918, 0.7791136557454016], [0.0, 0.0, 0.0, 1.0]], [1, 4, [0.09631643582632984, -0.016418631604547918, 0.8], [0.0, 0.0, 0.0, 1.0]], [2, null, null, null], [2, null, null, null], [0, 5, [0.10103609063163826, -0.2048787393363776, 0.7250017881393432], [0.0, 0.0, 0.0, 1.0]], [2, null, null, null], [2, null, null, null], [2, null, null, null], [2, null, null, null], [0, 3, [0.11787543907024464, -0.30030171382181375, 0.7250017881393432], [0.0, 0.0, 0.0, 1.0]], [1, 3, [0.08787543907024464, -0.30030171382181375, 0.8], [0.0, 0.0, 0.0, 1.0]], [1, 3, [0.08787543907024464, -0.2703017138218138, 0.8], [0.0, 0.0, 0.0, 1.0]], [2, null, null, null], [2, null, null, null], [2, null, null, null], [2, null, null, null], [0, 7, [0.09261641641233508, 0.19365250704397335, 0.7250017881393432], [0.0, 0.0, 0.0, 1.0]], [2, null, null, null], [2, null, null, null], [0, 2, [0.10384264870473932, -0.3480132010645318, 0.7250017881393432], [0.0, 0.0, 0.0, 1.0]], [2, null, null, null], [0, 6, [0.09542297448543614, -0.4406296174768669, 0.7250017881393432], [0.0, 0.0, 0.0, 1.0]], [2, null, null, null]], "scene_graph": {"left": [[4, 5], [5, 3], [3, 2], [7, 4], [2, 6]], "right": [[4, 7], [5, 4], [3, 5], [2, 3], [6, 2]], "front": [], "behind": [], "on": [], "under": [], "leftbehind": [], "leftfront": [], "rightbehind": [], "rightfront": []}}