{"objects": {"2": ["plate", "medium"], "3": ["fork", "medium"], "4": ["fork", "medium"], "5": ["spoon", "medium"], "6": ["knife", "medium"], "7": ["glass", "medium"]}, "action_order": [[0, 2, [0.0757770679737287, -0.04771148724271807, 0.7250017881393432], [0.0, 0.0, 0.0, 1.0]], [2, null, null, null], [2, null, null, null], [0, 3, [0.07297050990062763, -0.26100990079839886, 0.7250017881393432], [0.0, 0.0, 0.0, 1.0]], [0, 4, [0.08419674219303189, -0.21610497162878187, 0.7250017881393432], [0.0, 0.0, 0.0, 1.0]], [2, null, null, null], [2, null, null, null], [2, null, null, null], [2, null, null, null], [0, 5, [0.08419674219303189, -0.3087213880411169, 0.7250017881393432], [0.0, 0.0, 0.0, 1.0]], [2, null, null, null], [0, 6, [0.08419674219303189, -0.37607878179554244, 0.7250017881393432], [0.0, 0.0, 0.0, 1.0]], [2, null, null, null], [0, 7, [0.07016395182752658, 0.1571672520936595, 0.7250017881393432], [0.0, 0.0, 0.0, 1.0]], [2, null, null, null]], "scene_graph": {"left": [[2, 4], [3, 5], [4, 3], [5, 6], [7, 2]], "right": [[2, 7], [3, 4], [5, 3], [6, 5], [4, 2]], "front": [], "behind": [], "on": [], "under": [], "leftbehind": [], "leftfront": [], "rightbehind": [], "rightfront": []}}