{"objects": {"2": ["plate", "medium"], "4": ["fork", "medium"], "3": ["fork", "medium"], "5": ["spoon", "medium"], "6": ["knife", "medium"], "7": ["glass", "medium"]}, "action_order": [[0, 2, [0.0757770679737287, -0.04771148724271807, 0.7250017881393432], [0.0, 0.0, 0.0, 1.0]], [2, null, null, null], [2, null, null, null], [0, 4, [0.07297050990062763, -0.26100990079839886, 0.7250017881393432], [0.0, 0.0, 0.0, 1.0]], [0, 3, [0.08419674219303189, -0.21610497162878187, 0.7250017881393432], [0.0, 0.0, 0.0, 1.0]], [2, null, null, null], [0, 5, [0.07858362604682977, 0.08700330026613295, 0.7250017881393432], [0.0, 0.0, 0.0, 1.0]], [0, 6, [0.08980985833923401, 0.15436069402055844, 0.7250017881393432], [0.0, 0.0, 0.0, 1.0]], [2, null, null, null], [0, 7, [0.09261641641233508, -0.3508197591376329, 0.7250017881393432], [0.0, 0.0, 0.0, 1.0]], [2, null, null, null]], "scene_graph": {"left": [[2, 3], [4, 7], [3, 4], [5, 2], [6, 5]], "right": [[2, 5], [4, 3], [3, 2], [5, 6], [7, 4]], "front": [], "behind": [], "on": [], "under": [], "leftbehind": [], "leftfront": [], "rightbehind": [], "rightfront": []}}