{"objects": {"4": ["plate", "medium"], "7": ["knife", "medium"], "2": ["spoon", "medium"], "5": ["fork", "medium"], "6": ["fork", "medium"], "3": ["glass", "medium"]}, "action_order": [[0, 4, [0.0757770679737287, -0.04771148724271807, 0.7250017881393432], [0.0, 0.0, 0.0, 1.0]], [2, null, null, null], [2, null, null, null], [2, null, null, null], [2, null, null, null], [2, null, null, null], [2, null, null, null], [2, null, null, null], [2, null, null, null], [2, null, null, null], [2, null, null, null], [0, 7, [0.0757770679737287, 0.10945576485094147, 0.7250017881393432], [0.0, 0.0, 0.0, 1.0]], [0, 2, [0.08419674219303189, 0.18242627475156906, 0.7250017881393432], [0.0, 0.0, 0.0, 1.0]], [0, 5, [0.10103609063163826, 0.26662301694460094, 0.7250017881393432], [0.0, 0.0, 0.0, 1.0]], [0, 6, [0.12068199714334571, 0.3480132010645318, 0.7250017881393432], [0.0, 0.0, 0.0, 1.0]], [2, null, null, null], [1, 6, [0.09121305682801217, 0.3426285805469082, 0.7859424491210644], [0.0, 0.0, 0.0, 1.0]], [1, 6, [0.061213056828012175, 0.3426285805469082, 0.8], [0.0, 0.0, 0.0, 1.0]], [2, null, null, null], [1, 5, [0.07156652354974648, 0.2610742881143207, 0.7859403335538854], [0.0, 0.0, 0.0, 1.0]], [2, null, null, null], [1, 6, [0.061212651691816986, 0.3126310224103699, 0.7859407219255199], [0.0, 0.0, 0.0, 1.0]], [2, null, null, null], [0, 3, [0.07297050990062763, -0.21891152970188293, 0.7250017881393432], [0.0, 0.0, 0.0, 1.0]], [2, null, null, null]], "scene_graph": {"left": [[4, 3], [7, 4], [2, 7], [5, 2], [6, 5]], "right": [[4, 7], [7, 2], [2, 5], [5, 6], [3, 4]], "front": [], "behind": [], "on": [], "under": [], "leftbehind": [], "leftfront": [], "rightbehind": [], "rightfront": []}}