{"objects": {"6": ["book", "medium"], "5": ["book", "medium"], "4": ["cup", "medium"], "3": ["can_drink", "medium"], "2": ["marker", "medium"]}, "action_order": [[0, 6, [0.05893771953512231, -0.0028065580731010623, 0.7250017881393432], [0.0, 0.0, 0.0, 1.0]], [2, null, null, null], [2, null, null, null], [0, 5, [0.09542297448543612, -0.32836729455282426, 0.7250017881393432], [0.0, 0.0, 0.0, 1.0]], [2, null, null, null], [0, 4, [-0.019645906511707435, 0.21610497162878184, 0.7250017881393432], [0.0, 0.0, 0.0, 1.0]], [0, 3, [0.15155413594745737, 0.21610497162878184, 0.7250017881393432], [0.0, 0.0, 0.0, 1.0]], [2, null, null, null], [0, 2, [0.06076036486390762, -0.00792526498224882, 0.776382303237915], [0.0, 0.0, 0.0, 1.0]], [2, null, null, null], [2, null, null, null]], "scene_graph": {"left": [[4, 6], [4, 2], [3, 6], [3, 2]], "right": [[6, 4], [2, 4], [6, 3], [2, 3]], "front": [[4, 3]], "behind": [[3, 4]], "on": [[6, 2]], "under": [[2, 6]], "leftbehind": [], "leftfront": [], "rightbehind": [], "rightfront": []}}