{"objects": {"6": ["book", "medium"], "2": ["book", "medium"], "5": ["marker", "medium"], "3": ["cup", "medium"], "4": ["can_drink", "medium"]}, "action_order": [[0, 6, [0.05893771953512231, -0.0028065580731010623, 0.7250017881393432], [0.0, 0.0, 0.0, 1.0]], [2, null, null, null], [2, null, null, null], [2, null, null, null], [2, null, null, null], [2, null, null, null], [2, null, null, null], [2, null, null, null], [2, null, null, null], [2, null, null, null], [2, null, null, null], [0, 2, [0.044904929169617, 0.25259022657909563, 0.7250017881393432], [0.0, 0.0, 0.0, 1.0]], [2, null, null, null], [2, null, null, null], [0, 5, [0.06455083568132444, -0.1712000424591648, 0.7250017881393432], [0.0, 0.0, 0.0, 1.0]], [2, null, null, null], [2, null, null, null], [2, null, null, null], [0, 3, [-0.22733120392118605, 0.050518045315819125, 0.7250017881393432], [0.0, 0.0, 0.0, 1.0]], [2, null, null, null], [0, 4, [-0.22733120392118605, -0.12629511328954782, 0.7250017881393432], [0.0, 0.0, 0.0, 1.0]], [2, null, null, null]], "scene_graph": {"left": [[6, 5], [2, 6], [3, 4]], "right": [[6, 2], [5, 6], [4, 3]], "front": [[3, 6], [4, 6], [4, 5]], "behind": [[6, 3], [5, 4], [6, 4]], "on": [], "under": [], "leftbehind": [[2, 3], [2, 4]], "leftfront": [[3, 5]], "rightbehind": [[5, 3]], "rightfront": [[3, 2], [4, 2]]}}