{"objects": {"4": ["book", "medium"], "3": ["book", "medium"], "5": ["marker", "medium"], "2": ["can_drink", "medium"], "6": ["cup", "medium"]}, "action_order": [[0, 4, [0.05893771953512231, -0.0028065580731010623, 0.7250017881393432], [0.0, 0.0, 0.0, 1.0]], [2, null, null, null], [2, null, null, null], [2, null, null, null], [2, null, null, null], [2, null, null, null], [2, null, null, null], [2, null, null, null], [2, null, null, null], [2, null, null, null], [2, null, null, null], [0, 3, [0.044904929169617, 0.25259022657909563, 0.7250017881393432], [0.0, 0.0, 0.0, 1.0]], [2, null, null, null], [2, null, null, null], [0, 5, [0.06455083568132444, -0.1712000424591648, 0.7250017881393432], [0.0, 0.0, 0.0, 1.0]], [2, null, null, null], [0, 2, [-0.016839348438606374, -0.31433450418731895, 0.7250017881393432], [0.0, 0.0, 0.0, 1.0]], [0, 6, [0.17400660053226588, -0.35081975913763286, 0.7250017881393432], [0.0, 0.0, 0.0, 1.0]], [2, null, null, null]], "scene_graph": {"left": [[4, 5], [3, 4], [5, 2], [5, 6]], "right": [[4, 3], [5, 4], [2, 5], [6, 5]], "front": [[2, 6]], "behind": [[6, 2]], "on": [], "under": [], "leftbehind": [], "leftfront": [], "rightbehind": [], "rightfront": []}}