{"objects": {"2": ["book", "medium"], "3": ["book", "medium"], "4": ["cup", "medium"], "5": ["can_drink", "medium"], "6": ["marker", "medium"]}, "action_order": [[0, 2, [0.05893771953512231, -0.0028065580731010623, 0.7250017881393432], [0.0, 0.0, 0.0, 1.0]], [2, null, null, null], [2, null, null, null], [0, 3, [0.09542297448543612, -0.32836729455282426, 0.7250017881393432], [0.0, 0.0, 0.0, 1.0]], [2, null, null, null], [0, 4, [-0.019645906511707435, 0.21610497162878184, 0.7250017881393432], [0.0, 0.0, 0.0, 1.0]], [0, 5, [0.15155413594745737, 0.21610497162878184, 0.7250017881393432], [0.0, 0.0, 0.0, 1.0]], [2, null, null, null], [2, null, null, null], [2, null, null, null], [0, 6, [0.07577706797372868, -0.16839348438606375, 0.7250017881393432], [0.0, 0.0, 0.0, 1.0]]], "scene_graph": {"left": [[4, 2], [5, 2]], "right": [[2, 4], [2, 5]], "front": [[4, 5]], "behind": [[5, 4]], "on": [], "under": [], "leftbehind": [], "leftfront": [], "rightbehind": [], "rightfront": []}}