{"objects": {"2": ["book", "medium"], "6": ["book", "medium"], "5": ["marker", "medium"], "3": ["can_drink", "medium"], "4": ["cup", "medium"]}, "action_order": [[0, 2, [0.05893771953512231, -0.0028065580731010623, 0.7250017881393432], [0.0, 0.0, 0.0, 1.0]], [2, null, null, null], [2, null, null, null], [2, null, null, null], [2, null, null, null], [2, null, null, null], [2, null, null, null], [2, null, null, null], [2, null, null, null], [2, null, null, null], [2, null, null, null], [0, 6, [0.044904929169617, 0.25259022657909563, 0.7250017881393432], [0.0, 0.0, 0.0, 1.0]], [2, null, null, null], [2, null, null, null], [0, 5, [0.06455083568132444, -0.1712000424591648, 0.7250017881393432], [0.0, 0.0, 0.0, 1.0]], [2, null, null, null], [2, null, null, null], [0, 3, [-0.2301377619942871, 0.18242627475156903, 0.7250017881393432], [0.0, 0.0, 0.0, 1.0]], [0, 4, [-0.2553967846521967, 0.362045991430037, 0.7250017881393432], [0.0, 0.0, 0.0, 1.0]], [2, null, null, null]], "scene_graph": {"left": [[2, 5], [6, 2], [4, 3]], "right": [[2, 6], [5, 2], [3, 4]], "front": [[3, 6], [4, 6]], "behind": [[6, 3], [6, 4]], "on": [], "under": [], "leftbehind": [], "leftfront": [[3, 2], [4, 2]], "rightbehind": [[2, 3], [2, 4]], "rightfront": []}}