{"objects": {"4": ["book", "medium"], "3": ["book", "medium"], "5": ["marker", "medium"], "6": ["can_drink", "medium"], "2": ["cup", "medium"]}, "action_order": [[0, 4, [0.05893771953512231, -0.0028065580731010623, 0.7250017881393432], [0.0, 0.0, 0.0, 1.0]], [2, null, null, null], [2, null, null, null], [2, null, null, null], [2, null, null, null], [2, null, null, null], [2, null, null, null], [2, null, null, null], [2, null, null, null], [2, null, null, null], [2, null, null, null], [0, 3, [0.044904929169617, 0.25259022657909563, 0.7250017881393432], [0.0, 0.0, 0.0, 1.0]], [2, null, null, null], [2, null, null, null], [0, 5, [0.06455083568132444, -0.1712000424591648, 0.7250017881393432], [0.0, 0.0, 0.0, 1.0]], [2, null, null, null], [2, null, null, null], [0, 6, [-0.2301377619942871, 0.18242627475156903, 0.7250017881393432], [0.0, 0.0, 0.0, 1.0]], [2, null, null, null], [0, 2, [-0.22733120392118605, 0.050518045315819125, 0.7250017881393432], [0.0, 0.0, 0.0, 1.0]], [2, null, null, null]], "scene_graph": {"left": [[4, 5], [3, 4], [6, 2]], "right": [[4, 3], [5, 4], [2, 6]], "front": [[6, 3], [2, 4]], "behind": [[4, 2], [3, 6]], "on": [], "under": [], "leftbehind": [[3, 2]], "leftfront": [[6, 4], [2, 5]], "rightbehind": [[5, 2], [4, 6]], "rightfront": [[2, 3]]}}