{"objects": {"5": ["book", "medium"], "3": ["book", "medium"], "4": ["cup", "medium"], "2": ["can_drink", "medium"], "6": ["marker", "medium"]}, "action_order": [[0, 5, [0.05893771953512231, -0.0028065580731010623, 0.7250017881393432], [0.0, 0.0, 0.0, 1.0]], [2, null, null, null], [2, null, null, null], [2, null, null, null], [2, null, null, null], [2, null, null, null], [2, null, null, null], [2, null, null, null], [2, null, null, null], [2, null, null, null], [2, null, null, null], [0, 3, [0.044904929169617, 0.25259022657909563, 0.7250017881393432], [0.0, 0.0, 0.0, 1.0]], [0, 4, [-0.03648525495031381, -0.269429575017702, 0.7250017881393432], [0.0, 0.0, 0.0, 1.0]], [0, 2, [0.15716725209365948, -0.30310827189491474, 0.7250017881393432], [0.0, 0.0, 0.0, 1.0]], [2, null, null, null], [0, 6, [0.047551589893492924, 0.0, 0.776382303237915], [0.0, 0.0, 0.0, 1.0]], [2, null, null, null]], "scene_graph": {"left": [[3, 5], [5, 4], [6, 4], [5, 2], [6, 2]], "right": [[5, 3], [4, 5], [4, 6], [2, 5], [2, 6]], "front": [[4, 2]], "behind": [[2, 4]], "on": [[5, 6]], "under": [[6, 5]], "leftbehind": [], "leftfront": [], "rightbehind": [], "rightfront": []}}