{"objects": {"6": ["book", "medium"], "2": ["book", "medium"], "3": ["cup", "medium"], "4": ["can_drink", "medium"], "5": ["marker", "medium"]}, "action_order": [[0, 6, [0.05893771953512231, -0.0028065580731010623, 0.7250017881393432], [0.0, 0.0, 0.0, 1.0]], [2, null, null, null], [2, null, null, null], [0, 2, [0.09542297448543612, -0.32836729455282426, 0.7250017881393432], [0.0, 0.0, 0.0, 1.0]], [2, null, null, null], [2, null, null, null], [2, null, null, null], [2, null, null, null], [2, null, null, null], [0, 3, [0.12910167136264888, 0.17400660053226588, 0.7250017881393432], [0.0, 0.0, 0.0, 1.0]], [0, 4, [-0.016839348438606374, 0.17681315860536695, 0.7250017881393432], [0.0, 0.0, 0.0, 1.0]], [2, null, null, null], [2, null, null, null], [0, 5, [0.08139018411993082, -0.5360525919623028, 0.7250017881393432], [0.0, 0.0, 0.0, 1.0]], [2, null, null, null]], "scene_graph": {"left": [[6, 2], [2, 5], [3, 6], [4, 6]], "right": [[6, 3], [6, 4], [2, 6], [5, 2]], "front": [[4, 3]], "behind": [[3, 4]], "on": [], "under": [], "leftbehind": [], "leftfront": [], "rightbehind": [], "rightfront": []}}