{"objects": {"6": ["book", "medium"], "3": ["marker", "medium"], "2": ["scissors", "medium"], "5": ["glue", "medium"], "4": ["stapler", "medium"]}, "action_order": [[0, 6, [0.1122623229240425, 0.10945576485094147, 0.7250017881393432], [0.0, 0.0, 0.0, 1.0]], [0, 3, [0.12910167136264888, 0.2890754815294095, 0.7250017881393432], [0.0, 0.0, 0.0, 1.0]], [2, null, null, null], [2, null, null, null], [0, 2, [0.13190822943574995, -0.08700330026613295, 0.7250017881393432], [0.0, 0.0, 0.0, 1.0]], [0, 5, [-0.11787543907024464, 0.044904929169617004, 0.7250017881393432], [0.0, 0.0, 0.0, 1.0]], [0, 4, [-0.11787543907024464, 0.1431344617281542, 0.7250017881393432], [0.0, 0.0, 0.0, 1.0]], [2, null, null, null]], "scene_graph": {"left": [[6, 2], [3, 6], [4, 5]], "right": [[2, 6], [5, 4], [6, 3]], "front": [[5, 6], [4, 6]], "behind": [[6, 5], [6, 4]], "on": [], "under": [], "leftbehind": [[3, 4], [3, 5]], "leftfront": [[5, 2], [4, 2]], "rightbehind": [[2, 5], [2, 4]], "rightfront": [[4, 3], [5, 3]]}}