{"objects": {"6": ["book", "medium"], "5": ["glue", "medium"], "4": ["stapler", "medium"], "3": ["marker", "medium"], "2": ["scissors", "medium"]}, "action_order": [[0, 6, [0.1122623229240425, 0.10945576485094147, 0.7250017881393432], [0.0, 0.0, 0.0, 1.0]], [0, 5, [0.05051804531581913, -0.04771148724271807, 0.7250017881393432], [0.0, 0.0, -0.7071067811865475, 0.7071067811865476]], [0, 4, [0.19645906511707442, -0.044904929169617004, 0.7250017881393432], [0.0, 0.0, -0.7071067811865475, 0.7071067811865476]], [0, 3, [0.12910167136264888, 0.2890754815294095, 0.7250017881393432], [0.0, 0.0, 0.0, 1.0]], [0, 2, [-0.1066492067778404, 0.10664920677784039, 0.7250017881393432], [0.0, 0.0, -0.7071067811865475, 0.7071067811865476]], [2, null, null, null], [1, 2, [-0.13664920656386373, 0.10664920884815544, 0.776816974453731], [0.0, 0.0, 0.0, 1.0]], [1, 2, [-0.13664920656386373, 0.07664920884815545, 0.8], [0.0, 0.0, 0.0, 1.0]], [2, null, null, null]], "scene_graph": {"left": [[6, 4], [6, 5], [3, 6]], "right": [[5, 6], [4, 6], [6, 3]], "front": [[5, 4], [2, 6]], "behind": [[6, 2], [4, 5]], "on": [], "under": [], "leftbehind": [[3, 2]], "leftfront": [[2, 5], [2, 4]], "rightbehind": [[5, 2], [4, 2]], "rightfront": [[2, 3]]}}