{"objects": {"6": ["book", "medium"], "2": ["scissors", "medium"], "3": ["stapler", "medium"], "4": ["glue", "medium"], "5": ["marker", "medium"]}, "action_order": [[0, 6, [0.09822953255853721, -0.13471478750885102, 0.7250017881393432], [0.0, 0.0, 0.0, 1.0]], [0, 2, [0.033678696877212755, 0.022452464584808502, 0.7250017881393432], [0.0, 0.0, 0.0, 1.0]], [2, null, null, null], [0, 3, [0.16839348438606377, 0.036485254950313815, 0.7250017881393432], [0.0, 0.0, -0.7071067811865475, 0.7071067811865476]], [2, null, null, null], [2, null, null, null], [0, 4, [0.16278036823986167, 0.10103609063163825, 0.7250017881393432], [0.0, 0.0, -0.7071067811865475, 0.7071067811865476]], [2, null, null, null], [0, 5, [0.022452464584808502, 0.1122623229240425, 0.7250017881393432], [0.0, 0.0, 0.0, 1.0]], [2, null, null, null], [1, 3, [0.18896598011033156, 0.0364307019119809, 0.8], [0.0, 0.0, 0.0, 1.0]], [2, null, null, null], [1, 2, [0.06367862072760794, 0.02245257493428948, 0.7768277256510854], [0.0, 0.0, 0.0, 1.0]], [2, null, null, null]], "scene_graph": {"left": [[2, 6], [4, 3], [5, 2], [3, 6]], "right": [[6, 2], [6, 3], [3, 4], [2, 5]], "front": [[2, 3], [5, 4]], "behind": [[3, 2], [4, 5]], "on": [], "under": [], "leftbehind": [[4, 2]], "leftfront": [[5, 3]], "rightbehind": [[3, 5]], "rightfront": [[2, 4]]}}