{"objects": {"2": ["book", "medium"], "3": ["scissors", "medium"], "4": ["marker", "medium"], "5": ["stapler", "medium"], "6": ["glue", "medium"]}, "action_order": [[0, 2, [0.09822953255853721, -0.13471478750885102, 0.7250017881393432], [0.0, 0.0, 0.0, 1.0]], [2, null, null, null], [2, null, null, null], [2, null, null, null], [2, null, null, null], [2, null, null, null], [2, null, null, null], [2, null, null, null], [0, 3, [0.17961971667846802, 0.022452464584808502, 0.7250017881393432], [0.0, 0.0, 0.0, 1.0]], [1, 3, [0.17961971667846802, 0.0524524645848085, 0.8], [0.0, 0.0, 0.0, 1.0]], [1, 3, [0.17961971667846802, 0.0224524645848085, 0.8], [0.0, 0.0, 0.0, 1.0]], [1, 3, [0.17961971667846802, 0.0524524645848085, 0.8], [0.0, 0.0, 0.0, 1.0]], [1, 3, [0.17961971667846802, 0.0524524645848085, 0.8], [0.0, 0.0, 0.25881904510252074, 0.9659258262890683]], [1, 3, [0.17961971667846802, 0.0524524645848085, 0.8], [0.0, 0.0, -0.25881904510252074, 0.9659258262890683]], [2, null, null, null], [1, 3, [0.17961971240698746, 0.05245234884250555, 0.7768069610824724], [0.0, 0.0, 0.25881904510252074, 0.9659258262890683]], [2, null, null, null], [0, 4, [0.1122623229240425, 0.0028065580731010628, 0.7250017881393432], [0.0, 0.0, 0.0, 1.0]], [1, 3, [0.17961959757438117, 0.0824524282247904, 0.7768048991026202], [0.0, 0.0, 0.0, 1.0]], [1, 3, [0.17961959757438117, 0.0824524282247904, 0.7768048991026202], [0.0, 0.0, 0.0, 1.0]], [1, 3, [0.17961959757438117, 0.1124524282247904, 0.8], [0.0, 0.0, 0.0, 1.0]], [1, 3, [0.17961959757438117, 0.0824524282247904, 0.8], [0.0, 0.0, 0.0, 1.0]], [1, 3, [0.17961959757438117, 0.0824524282247904, 0.8], [0.0, 0.0, 0.0, 1.0]], [1, 3, [0.17961959757438117, 0.1124524282247904, 0.8], [0.0, 0.0, 0.0, 1.0]], [1, 3, [0.17961959757438117, 0.0824524282247904, 0.8], [0.0, 0.0, 0.0, 1.0]], [2, null, null, null], [1, 4, [0.1121042765365491, 0.03355190626531837, 0.7842515112496408], [0.0, 0.0, 0.0, 1.0]], [2, null, null, null], [0, 5, [-0.12348855521644676, -0.19645906511707442, 0.7250017881393432], [0.0, 0.0, 0.0, 1.0]], [0, 6, [-0.12629511328954784, -0.08139018411993082, 0.7250017881393432], [0.0, 0.0, 0.0, 1.0]], [2, null, null, null]], "scene_graph": {"left": [[3, 4], [4, 2], [6, 5]], "right": [[2, 4], [4, 3], [5, 6]], "front": [[5, 2], [6, 2]], "behind": [[2, 6], [2, 5]], "on": [], "under": [], "leftbehind": [[3, 6], [4, 6], [4, 5]], "leftfront": [], "rightbehind": [], "rightfront": [[5, 4], [6, 4], [6, 3]]}}