{"objects": {"5": ["book", "medium"], "6": ["marker", "medium"], "4": ["scissors", "medium"], "3": ["stapler", "medium"], "2": ["glue", "medium"]}, "action_order": [[0, 5, [0.09822953255853721, -0.13471478750885102, 0.7250017881393432], [0.0, 0.0, 0.0, 1.0]], [0, 6, [-0.1066492067778404, -0.16278036823986164, 0.7250017881393432], [0.0, 0.0, -0.7071067811865475, 0.7071067811865476]], [0, 4, [0.033678696877212755, 0.022452464584808502, 0.7250017881393432], [0.0, 0.0, 0.0, 1.0]], [2, null, null, null], [0, 3, [0.16839348438606377, 0.036485254950313815, 0.7250017881393432], [0.0, 0.0, -0.7071067811865475, 0.7071067811865476]], [2, null, null, null], [2, null, null, null], [0, 2, [0.16278036823986167, 0.10103609063163825, 0.7250017881393432], [0.0, 0.0, -0.7071067811865475, 0.7071067811865476]], [2, null, null, null]], "scene_graph": {"left": [[4, 5], [3, 5], [2, 3], [4, 6]], "right": [[5, 4], [5, 3], [6, 4], [3, 2]], "front": [[6, 5], [4, 3], [4, 2]], "behind": [[5, 6], [3, 4], [2, 4]], "on": [], "under": [], "leftbehind": [[3, 6]], "leftfront": [], "rightbehind": [], "rightfront": [[6, 3]]}}