{"objects": {"3": ["book", "medium"], "6": ["marker", "medium"], "2": ["scissors", "medium"], "4": ["stapler", "medium"], "5": ["glue", "medium"]}, "action_order": [[0, 3, [0.1122623229240425, 0.10945576485094147, 0.7250017881393432], [0.0, 0.0, 0.0, 1.0]], [0, 6, [0.12910167136264888, 0.2890754815294095, 0.7250017881393432], [0.0, 0.0, 0.0, 1.0]], [2, null, null, null], [2, null, null, null], [0, 2, [0.13190822943574995, -0.08700330026613295, 0.7250017881393432], [0.0, 0.0, 0.0, 1.0]], [2, null, null, null], [1, 2, [0.16190822817636655, -0.08700329869775965, 0.7768169913744583], [0.0, 0.0, 0.0, 1.0]], [1, 2, [0.19190822817636655, -0.08700329869775965, 0.8], [0.0, 0.0, 0.0, 1.0]], [1, 2, [0.22190822817636655, -0.08700329869775965, 0.8], [0.0, 0.0, 0.0, 1.0]], [1, 2, [0.22190822817636655, -0.11700329869775965, 0.8], [0.0, 0.0, 0.0, 1.0]], [2, null, null, null], [0, 4, [0.022452464584808502, -0.08700330026613295, 0.7250017881393432], [0.0, 0.0, -0.7071067811865475, 0.7071067811865476]], [2, null, null, null], [1, 2, [0.2519082092708156, -0.11700345315249502, 0.776827295154665], [0.0, 0.0, 0.0, 1.0]], [2, null, null, null], [1, 4, [0.02253603374442423, -0.05711481444268407, 0.7866398522287719], [0.0, 0.0, 0.0, 1.0]], [2, null, null, null], [2, null, null, null], [0, 5, [-0.10945576485094145, 0.09542297448543614, 0.7250017881393432], [0.0, 0.0, 0.0, 1.0]], [2, null, null, null]], "scene_graph": {"left": [[3, 4], [3, 2], [6, 3]], "right": [[2, 3], [4, 3], [3, 6]], "front": [[4, 2], [5, 3]], "behind": [[3, 5], [2, 4]], "on": [], "under": [], "leftbehind": [[6, 5]], "leftfront": [[5, 4], [5, 2]], "rightbehind": [[2, 5], [4, 5]], "rightfront": [[5, 6]]}}