{"objects": {"4": ["book", "medium"], "6": ["scissors", "medium"], "5": ["stapler", "medium"], "3": ["glue", "medium"], "2": ["marker", "medium"]}, "action_order": [[0, 4, [0.09822953255853721, -0.13471478750885102, 0.7250017881393432], [0.0, 0.0, 0.0, 1.0]], [2, null, null, null], [2, null, null, null], [2, null, null, null], [2, null, null, null], [2, null, null, null], [2, null, null, null], [2, null, null, null], [0, 6, [0.17961971667846802, 0.022452464584808502, 0.7250017881393432], [0.0, 0.0, 0.0, 1.0]], [1, 6, [0.17961971667846802, 0.0524524645848085, 0.8], [0.0, 0.0, 0.0, 1.0]], [1, 6, [0.17961971667846802, 0.0224524645848085, 0.8], [0.0, 0.0, 0.0, 1.0]], [1, 6, [0.17961971667846802, 0.0524524645848085, 0.8], [0.0, 0.0, 0.0, 1.0]], [1, 6, [0.17961971667846802, 0.0524524645848085, 0.8], [0.0, 0.0, 0.25881904510252074, 0.9659258262890683]], [1, 6, [0.17961971667846802, 0.0524524645848085, 0.8], [0.0, 0.0, -0.25881904510252074, 0.9659258262890683]], [2, null, null, null], [1, 6, [0.17961971240698746, 0.05245234884250555, 0.7768069610824724], [0.0, 0.0, 0.25881904510252074, 0.9659258262890683]], [2, null, null, null], [1, 6, [0.17961959757438117, 0.0824524282247904, 0.7768048991026202], [0.0, 0.0, 0.0, 1.0]], [1, 6, [0.17961959757438117, 0.0824524282247904, 0.7768048991026202], [0.0, 0.0, 0.0, 1.0]], [1, 6, [0.17961959757438117, 0.1124524282247904, 0.8], [0.0, 0.0, 0.0, 1.0]], [1, 6, [0.17961959757438117, 0.0824524282247904, 0.8], [0.0, 0.0, 0.0, 1.0]], [1, 6, [0.17961959757438117, 0.0824524282247904, 0.8], [0.0, 0.0, 0.0, 1.0]], [1, 6, [0.17961959757438117, 0.1124524282247904, 0.8], [0.0, 0.0, 0.0, 1.0]], [1, 6, [0.17961959757438117, 0.0824524282247904, 0.8], [0.0, 0.0, 0.0, 1.0]], [2, null, null, null], [2, null, null, null], [0, 5, [-0.12348855521644676, -0.19645906511707442, 0.7250017881393432], [0.0, 0.0, 0.0, 1.0]], [0, 3, [-0.12629511328954784, -0.08139018411993082, 0.7250017881393432], [0.0, 0.0, 0.0, 1.0]], [2, null, null, null], [0, 2, [0.10886347674541776, -0.1354155442443001, 0.7721884608268738], [0.0, 0.0, 0.0, 1.0]], [1, 6, [0.17961968335847603, 0.052452498108719894, 0.7768279415911553], [0.0, 0.0, 0.0, 1.0]], [2, null, null, null]], "scene_graph": {"left": [[6, 4], [3, 5]], "right": [[5, 3], [4, 6]], "front": [[5, 4], [5, 2], [3, 4], [3, 6]], "behind": [[4, 5], [6, 3], [2, 5], [4, 3]], "on": [[4, 2]], "under": [[2, 4]], "leftbehind": [], "leftfront": [], "rightbehind": [], "rightfront": []}}