{"objects": {"2": ["book", "medium"], "3": ["marker", "medium"], "4": ["stapler", "medium"], "5": ["cup", "medium"], "6": ["can_drink", "medium"]}, "action_order": [[0, 2, [-0.0224524645848085, 0.0, 0.7250017881393432], [0.0, 0.0, 0.0, 1.0]], [0, 3, [-0.005613116146202125, -0.23575087814048923, 0.7250017881393432], [0.0, 0.0, 0.0, 1.0]], [0, 4, [0.0, -0.3760787817955423, 0.7250017881393432], [0.0, 0.0, -0.7071067811865475, 0.7071067811865476]], [2, null, null, null], [2, null, null, null], [0, 5, [-0.08700330026613294, 0.18523283282467012, 0.7250017881393432], [0.0, 0.0, 0.0, 1.0]], [0, 6, [0.07297050990062762, 0.18803939089777116, 0.7250017881393432], [0.0, 0.0, 0.0, 1.0]], [2, null, null, null]], "scene_graph": {"left": [[2, 3], [3, 4], [5, 2], [6, 2]], "right": [[2, 5], [2, 6], [3, 2], [4, 3]], "front": [[5, 6]], "behind": [[6, 5]], "on": [], "under": [], "leftbehind": [], "leftfront": [], "rightbehind": [], "rightfront": []}}