{"objects": {"5": ["book", "medium"], "2": ["can_drink", "medium"], "6": ["cup", "medium"], "4": ["marker", "medium"], "3": ["stapler", "medium"]}, "action_order": [[0, 5, [-0.01122623229240425, -0.01122623229240425, 0.7250017881393432], [0.0, 0.0, 0.0, 1.0]], [2, null, null, null], [0, 2, [-0.08419674219303187, -0.21891152970188285, 0.7250017881393432], [0.0, 0.0, 0.0, 1.0]], [0, 6, [0.07297050990062762, -0.21891152970188285, 0.7250017881393432], [0.0, 0.0, 0.0, 1.0]], [2, null, null, null], [0, 4, [-0.0224524645848085, 0.23855743621359035, 0.7250017881393432], [0.0, 0.0, 0.0, 1.0]], [2, null, null, null], [0, 3, [-0.2553967846521967, -0.014032790365505313, 0.7250017881393432], [0.0, 0.0, 0.0, 1.0]], [2, null, null, null], [1, 4, [-0.022614810607720994, 0.20947864564360294, 0.7842939136917746], [0.0, 0.0, 0.0, 1.0]], [1, 4, [-0.022614810607720994, 0.17947864564360294, 0.8], [0.0, 0.0, 0.0, 1.0]], [1, 4, [-0.022614810607720994, 0.14947864564360294, 0.8], [0.0, 0.0, 0.0, 1.0]], [2, null, null, null], [2, null, null, null]], "scene_graph": {"left": [[5, 6], [4, 5], [5, 2]], "right": [[5, 4], [2, 5], [6, 5]], "front": [[2, 6], [3, 5]], "behind": [[5, 3], [6, 2]], "on": [], "under": [], "leftbehind": [[4, 3]], "leftfront": [[3, 2]], "rightbehind": [[2, 3]], "rightfront": [[3, 4]]}}