{"objects": {"6": ["book", "medium"], "5": ["can_drink", "medium"], "4": ["cup", "medium"], "3": ["marker", "medium"], "2": ["stapler", "medium"]}, "action_order": [[0, 6, [0.01122623229240425, -0.005613116146202125, 0.7250017881393432], [0.0, 0.0, 0.0, 1.0]], [0, 5, [-0.28065580731010625, -0.08700330026613294, 0.7250017881393432], [0.0, 0.0, 0.0, 1.0]], [0, 4, [-0.30310827189491474, 0.061744277608223375, 0.7250017881393432], [0.0, 0.0, 0.0, 1.0]], [2, null, null, null], [0, 3, [0.01122623229240425, -0.18803939089777116, 0.7250017881393432], [0.0, 0.0, 0.0, 1.0]], [0, 2, [0.0224524645848085, -0.31433450418731895, 0.7250017881393432], [0.0, 0.0, -0.7071067811865475, 0.7071067811865476]], [2, null, null, null]], "scene_graph": {"left": [[6, 3], [4, 5], [3, 2]], "right": [[5, 4], [3, 6], [2, 3]], "front": [[5, 6], [4, 6]], "behind": [[6, 4], [6, 5]], "on": [], "under": [], "leftbehind": [], "leftfront": [[5, 3], [4, 3], [5, 2]], "rightbehind": [[3, 5], [2, 5], [3, 4]], "rightfront": []}}