{"objects": {"4": ["book", "medium"], "3": ["stapler", "medium"], "2": ["marker", "medium"], "5": ["can_drink", "medium"], "6": ["cup", "medium"]}, "action_order": [[0, 4, [-0.005613116146202125, 0.005613116146202125, 0.7250017881393432], [0.0, 0.0, 0.0, 1.0]], [0, 3, [-0.269429575017702, 0.03367869687721275, 0.7250017881393432], [0.0, 0.0, 0.0, 1.0]], [2, null, null, null], [0, 2, [-0.013276165665012392, 0.013276165665012395, 0.7721802353858948], [0.0, 0.0, 0.0, 1.0]], [2, null, null, null], [2, null, null, null], [0, 5, [-0.11226232292404249, 0.18803939089777116, 0.7250017881393432], [0.0, 0.0, 0.0, 1.0]], [0, 6, [0.07858362604682974, 0.1908459489708722, 0.7250017881393432], [0.0, 0.0, 0.0, 1.0]], [2, null, null, null]], "scene_graph": {"left": [[5, 4], [5, 2], [6, 4], [6, 2]], "right": [[4, 6], [2, 6], [4, 5], [2, 5]], "front": [[3, 4], [5, 6]], "behind": [[6, 5], [4, 3]], "on": [[4, 2]], "under": [[2, 4]], "leftbehind": [[5, 3]], "leftfront": [], "rightbehind": [], "rightfront": [[3, 5]]}}