{"objects": {"6": ["book", "medium"], "5": ["stapler", "medium"], "4": ["cup", "medium"], "3": ["can_drink", "medium"], "2": ["marker", "medium"]}, "action_order": [[0, 6, [-0.005613116146202125, 0.005613116146202125, 0.7250017881393432], [0.0, 0.0, 0.0, 1.0]], [0, 5, [-0.269429575017702, 0.03367869687721275, 0.7250017881393432], [0.0, 0.0, 0.0, 1.0]], [0, 4, [-0.11226232292404249, 0.22171808777498392, 0.7250017881393432], [0.0, 0.0, 0.0, 1.0]], [0, 3, [0.08139018411993082, 0.21610497162878184, 0.7250017881393432], [0.0, 0.0, 0.0, 1.0]], [2, null, null, null], [0, 2, [-0.013276165665012392, 0.013276165665012395, 0.7721802353858948], [0.0, 0.0, 0.0, 1.0]], [2, null, null, null], [2, null, null, null]], "scene_graph": {"left": [[4, 6], [3, 6], [3, 2]], "right": [[6, 4], [6, 3], [2, 3]], "front": [[5, 6], [4, 3]], "behind": [[3, 4], [6, 5]], "on": [[6, 2]], "under": [[2, 6]], "leftbehind": [[4, 5]], "leftfront": [[5, 2]], "rightbehind": [[2, 5]], "rightfront": [[5, 4]]}}