{"objects": {"4": ["book", "medium"], "6": ["marker", "medium"], "5": ["cup", "medium"], "3": ["can_drink", "medium"], "2": ["stapler", "medium"]}, "action_order": [[0, 4, [-0.0224524645848085, 0.0, 0.7250017881393432], [0.0, 0.0, 0.0, 1.0]], [0, 6, [-0.005613116146202125, -0.23575087814048923, 0.7250017881393432], [0.0, 0.0, 0.0, 1.0]], [2, null, null, null], [2, null, null, null], [0, 5, [-0.08700330026613294, 0.18523283282467012, 0.7250017881393432], [0.0, 0.0, 0.0, 1.0]], [0, 3, [0.07297050990062762, 0.18803939089777116, 0.7250017881393432], [0.0, 0.0, 0.0, 1.0]], [2, null, null, null], [0, 2, [-0.019645906511707435, -0.16558692631296265, 0.7250017881393432], [0.0, 0.0, -0.7071067811865475, 0.7071067811865476]], [2, null, null, null]], "scene_graph": {"left": [[4, 2], [5, 4], [3, 4], [2, 6]], "right": [[4, 5], [4, 3], [6, 2], [2, 4]], "front": [[5, 3]], "behind": [[3, 5]], "on": [], "under": [], "leftbehind": [], "leftfront": [], "rightbehind": [], "rightfront": []}}