{"objects": {"4": ["book", "medium"], "3": ["can_drink", "medium"], "6": ["cup", "medium"], "2": ["stapler", "medium"], "5": ["marker", "medium"]}, "action_order": [[0, 4, [-0.01122623229240425, -0.01122623229240425, 0.7250017881393432], [0.0, 0.0, 0.0, 1.0]], [2, null, null, null], [0, 3, [-0.08419674219303187, -0.21891152970188285, 0.7250017881393432], [0.0, 0.0, 0.0, 1.0]], [0, 6, [0.07297050990062762, -0.21891152970188285, 0.7250017881393432], [0.0, 0.0, 0.0, 1.0]], [2, null, null, null], [2, null, null, null], [0, 2, [-0.2553967846521967, -0.014032790365505313, 0.7250017881393432], [0.0, 0.0, 0.0, 1.0]], [2, null, null, null], [2, null, null, null], [2, null, null, null], [0, 5, [-0.013312885033394657, -0.005325154013357863, 0.7698906421661377], [0.0, 0.0, 0.0, 1.0]], [2, null, null, null], [2, null, null, null]], "scene_graph": {"left": [[4, 6], [5, 6], [4, 3], [5, 3]], "right": [[3, 4], [3, 5], [6, 4], [6, 5]], "front": [[3, 6], [2, 4], [2, 5]], "behind": [[6, 3], [4, 2], [5, 2]], "on": [[4, 5]], "under": [[5, 4]], "leftbehind": [], "leftfront": [[2, 3]], "rightbehind": [[3, 2]], "rightfront": []}}