{"objects": {"3": ["book", "medium"], "4": ["can_drink", "medium"], "6": ["cup", "medium"], "5": ["stapler", "medium"], "2": ["marker", "medium"]}, "action_order": [[0, 3, [-0.01122623229240425, -0.01122623229240425, 0.7250017881393432], [0.0, 0.0, 0.0, 1.0]], [2, null, null, null], [0, 4, [-0.08419674219303187, -0.21891152970188285, 0.7250017881393432], [0.0, 0.0, 0.0, 1.0]], [0, 6, [0.07297050990062762, -0.21891152970188285, 0.7250017881393432], [0.0, 0.0, 0.0, 1.0]], [2, null, null, null], [0, 5, [-0.028065580731010623, 0.1431344617281542, 0.7250017881393432], [0.0, 0.0, -0.7071067811865475, 0.7071067811865476]], [0, 2, [-0.0224524645848085, 0.23855743621359035, 0.7250017881393432], [0.0, 0.0, 0.0, 1.0]], [2, null, null, null]], "scene_graph": {"left": [[3, 6], [3, 4], [5, 3], [2, 5]], "right": [[3, 5], [4, 3], [6, 3], [5, 2]], "front": [[4, 6]], "behind": [[6, 4]], "on": [], "under": [], "leftbehind": [], "leftfront": [], "rightbehind": [], "rightfront": []}}