{"objects": {"2": ["book", "medium"], "3": ["marker", "medium"], "4": ["stapler", "medium"], "5": ["can_drink", "medium"], "6": ["cup", "medium"]}, "action_order": [[0, 2, [-0.01122623229240425, -0.01122623229240425, 0.7250017881393432], [0.0, 0.0, 0.0, 1.0]], [0, 3, [-0.016839348438606374, 0.18242627475156903, 0.7250017881393432], [0.0, 0.0, 0.0, 1.0]], [0, 4, [-0.03648525495031381, 0.28065580731010625, 0.7250017881393432], [0.0, 0.0, -0.7071067811865475, 0.7071067811865476]], [2, null, null, null], [0, 5, [-0.08419674219303187, -0.21891152970188285, 0.7250017881393432], [0.0, 0.0, 0.0, 1.0]], [0, 6, [0.07297050990062762, -0.21891152970188285, 0.7250017881393432], [0.0, 0.0, 0.0, 1.0]], [2, null, null, null]], "scene_graph": {"left": [[2, 6], [2, 5], [3, 2], [4, 3]], "right": [[2, 3], [3, 4], [5, 2], [6, 2]], "front": [[5, 6]], "behind": [[6, 5]], "on": [], "under": [], "leftbehind": [], "leftfront": [], "rightbehind": [], "rightfront": []}}