{"objects": {"6": ["book", "medium"], "5": ["cup", "medium"], "4": ["can_drink", "medium"], "3": ["marker", "medium"], "2": ["stapler", "medium"]}, "action_order": [[0, 6, [0.005613116146202125, 0.0, 0.7250017881393432], [0.0, 0.0, 0.0, 1.0]], [0, 5, [-0.28907548152940943, -0.07577706797372868, 0.7250017881393432], [0.0, 0.0, 0.0, 1.0]], [0, 4, [-0.31152794611421797, 0.07297050990062763, 0.7250017881393432], [0.0, 0.0, 0.0, 1.0]], [2, null, null, null], [0, 3, [-0.01065099322295805, -0.034615727974613666, 0.7698372364044189], [0.0, 0.0, 0.0, 1.0]], [0, 2, [-0.02662649464652101, 0.021301195717216812, 0.7698680520057678], [0.0, 0.0, -0.7071067811865475, 0.7071067811865476]], [2, null, null, null]], "scene_graph": {"left": [[4, 5], [2, 3]], "right": [[5, 4], [3, 2]], "front": [[5, 6], [5, 3], [4, 6], [4, 2]], "behind": [[6, 5], [3, 5], [6, 4], [2, 4]], "on": [[6, 3], [6, 2]], "under": [[3, 6], [2, 6]], "leftbehind": [], "leftfront": [], "rightbehind": [], "rightfront": []}}