{"objects": {"3": ["book", "medium"], "2": ["cup", "medium"], "4": ["can_drink", "medium"], "5": ["marker", "medium"], "6": ["stapler", "medium"]}, "action_order": [[0, 3, [0.005613116146202125, 0.0, 0.7250017881393432], [0.0, 0.0, 0.0, 1.0]], [0, 2, [-0.28907548152940943, -0.07577706797372868, 0.7250017881393432], [0.0, 0.0, 0.0, 1.0]], [0, 4, [-0.31152794611421797, 0.07297050990062763, 0.7250017881393432], [0.0, 0.0, 0.0, 1.0]], [2, null, null, null], [2, null, null, null], [0, 5, [0.0, 0.1431344617281542, 0.7250017881393432], [0.0, 0.0, 0.0, 1.0]], [0, 6, [-0.0028065580731010623, 0.23575087814048923, 0.7250017881393432], [0.0, 0.0, -0.7071067811865475, 0.7071067811865476]], [2, null, null, null]], "scene_graph": {"left": [[4, 2], [5, 3], [6, 5]], "right": [[3, 5], [2, 4], [5, 6]], "front": [[2, 3], [4, 3]], "behind": [[3, 2], [3, 4]], "on": [], "under": [], "leftbehind": [[5, 4], [6, 4], [5, 2]], "leftfront": [], "rightbehind": [], "rightfront": [[2, 5], [4, 5], [4, 6]]}}