{"objects": {"6": ["book", "medium"], "5": ["marker", "medium"], "4": ["stapler", "medium"], "3": ["cup", "medium"], "2": ["can_drink", "medium"]}, "action_order": [[0, 6, [-0.01122623229240425, -0.01122623229240425, 0.7250017881393432], [0.0, 0.0, 0.0, 1.0]], [0, 5, [-0.016839348438606374, 0.18242627475156903, 0.7250017881393432], [0.0, 0.0, 0.0, 1.0]], [0, 4, [-0.03648525495031381, 0.28065580731010625, 0.7250017881393432], [0.0, 0.0, -0.7071067811865475, 0.7071067811865476]], [0, 3, [-0.0673573937544255, -0.24417055235979243, 0.7250017881393432], [0.0, 0.0, 0.0, 1.0]], [0, 2, [0.10664920677784037, -0.27504269116390406, 0.7250017881393432], [0.0, 0.0, 0.0, 1.0]], [2, null, null, null]], "scene_graph": {"left": [[6, 3], [6, 2], [5, 6], [4, 5]], "right": [[6, 5], [5, 4], [3, 6], [2, 6]], "front": [[3, 2]], "behind": [[2, 3]], "on": [], "under": [], "leftbehind": [], "leftfront": [], "rightbehind": [], "rightfront": []}}