{"objects": {"6": ["book", "medium"], "5": ["marker", "medium"], "4": ["stapler", "medium"], "3": ["can_drink", "medium"], "2": ["cup", "medium"]}, "action_order": [[0, 6, [-0.0224524645848085, 0.0, 0.7250017881393432], [0.0, 0.0, 0.0, 1.0]], [0, 5, [-0.005613116146202125, -0.23575087814048923, 0.7250017881393432], [0.0, 0.0, 0.0, 1.0]], [0, 4, [0.0, -0.3760787817955423, 0.7250017881393432], [0.0, 0.0, -0.7071067811865475, 0.7071067811865476]], [2, null, null, null], [0, 3, [-0.11226232292404249, 0.2104918554825797, 0.7250017881393432], [0.0, 0.0, 0.0, 1.0]], [0, 2, [0.04771148724271806, 0.2104918554825797, 0.7250017881393432], [0.0, 0.0, 0.0, 1.0]], [2, null, null, null]], "scene_graph": {"left": [[6, 5], [5, 4], [3, 6], [2, 6]], "right": [[6, 2], [6, 3], [5, 6], [4, 5]], "front": [[3, 2]], "behind": [[2, 3]], "on": [], "under": [], "leftbehind": [], "leftfront": [], "rightbehind": [], "rightfront": []}}