{"objects": {"6": ["stapler", "medium"], "7": ["book", "medium"], "5": ["marker", "medium"], "2": ["cup", "medium"], "3": ["glue", "medium"], "4": ["scissors", "medium"]}, "action_order": [[2, null, null, null], [2, null, null, null], [2, null, null, null], [2, null, null, null], [0, 6, [0.20207218126327653, 0.19365250704397335, 0.7250017881393432], [0.0, 0.0, 0.0, 1.0]], [2, null, null, null], [2, null, null, null], [0, 7, [0.14313446172815422, -0.3816918979417446, 0.7250017881393432], [0.0, 0.0, 0.0, 1.0]], [0, 5, [0.18523283282467015, -0.12068199714334571, 0.7250017881393432], [0.0, 0.0, 0.0, 1.0]], [2, null, null, null], [2, null, null, null], [0, 2, [-0.17120004245916487, -0.3844984560148456, 0.7250017881393432], [0.0, 0.0, 0.0, 1.0]], [2, null, null, null], [0, 3, [0.19365250704397335, 0.022452464584808502, 0.7250017881393432], [0.0, 0.0, 0.0, 1.0]], [0, 4, [0.2048787393363776, 0.43782305940376587, 0.7250017881393432], [0.0, 0.0, 0.0, 1.0]], [2, null, null, null], [2, null, null, null]], "scene_graph": {"left": [[6, 3], [5, 7], [3, 5], [4, 6]], "right": [[6, 4], [7, 5], [5, 3], [3, 6]], "front": [[2, 7]], "behind": [[7, 2]], "on": [], "under": [], "leftbehind": [], "leftfront": [], "rightbehind": [], "rightfront": []}}