{"objects": {"7": ["book", "medium"], "6": ["cup", "medium"], "5": ["glue", "medium"], "4": ["marker", "medium"], "3": ["stapler", "medium"], "2": ["scissors", "medium"]}, "action_order": [[0, 7, [0.06174427760822338, -0.044904929169617004, 0.7250017881393432], [0.0, 0.0, 0.0, 1.0]], [0, 6, [-0.22171808777498397, -0.05332460338892019, 0.7250017881393432], [0.0, 0.0, 0.0, 1.0]], [0, 5, [-0.2441705523597925, 0.1122623229240425, 0.7250017881393432], [0.0, 0.0, 0.0, 1.0]], [2, null, null, null], [0, 4, [0.07016395182752658, 0.12348855521644676, 0.7250017881393432], [0.0, 0.0, 0.0, 1.0]], [2, null, null, null], [0, 3, [0.07858362604682977, -0.2553967846521967, 0.7250017881393432], [0.0, 0.0, 0.0, 1.0]], [1, 3, [0.07858362604682977, -0.2553967846521967, 0.8], [0.0, 0.0, -0.25881904510252074, 0.9659258262890683]], [1, 3, [0.07858362604682977, -0.2553967846521967, 0.8], [0.0, 0.0, -0.25881904510252074, 0.9659258262890683]], [1, 3, [0.07858362604682977, -0.2553967846521967, 0.8], [0.0, 0.0, -0.25881904510252074, 0.9659258262890683]], [1, 3, [0.07858362604682977, -0.22539678465219667, 0.8], [0.0, 0.0, 0.0, 1.0]], [2, null, null, null], [0, 2, [0.07858362604682977, -0.32275417840662224, 0.7250017881393432], [0.0, 0.0, 0.0, 1.0]], [2, null, null, null]], "scene_graph": {"left": [[7, 3], [5, 6], [4, 7], [3, 2]], "right": [[7, 4], [6, 5], [3, 7], [2, 3]], "front": [[6, 7], [5, 4]], "behind": [[7, 6], [4, 5]], "on": [], "under": [], "leftbehind": [[4, 6]], "leftfront": [[6, 2], [5, 7], [6, 3]], "rightbehind": [[3, 6], [2, 6], [7, 5]], "rightfront": [[6, 4]]}}