{"objects": {"6": ["book", "medium"], "5": ["cup", "medium"], "4": ["marker", "medium"], "2": ["stapler", "medium"], "7": ["scissors", "medium"], "3": ["glue", "medium"]}, "action_order": [[0, 6, [0.14874757787435636, -0.12348855521644676, 0.7250017881393432], [0.0, 0.0, 0.0, 1.0]], [0, 5, [0.17961971667846802, 0.09822953255853721, 0.7250017881393432], [0.0, 0.0, 0.0, 1.0]], [2, null, null, null], [0, 4, [0.15436069402055846, -0.30591482996801583, 0.7250017881393432], [0.0, 0.0, 0.0, 1.0]], [2, null, null, null], [2, null, null, null], [2, null, null, null], [0, 2, [0.033678696877212755, 0.07858362604682975, 0.7250017881393432], [0.0, 0.0, 0.0, 1.0]], [2, null, null, null], [0, 7, [0.1655869263129627, -0.40133780445345196, 0.7250017881393432], [0.0, 0.0, 0.0, 1.0]], [2, null, null, null], [2, null, null, null], [2, null, null, null], [0, 3, [0.036485254950313815, 0.21610497162878187, 0.7250017881393432], [0.0, 0.0, 0.0, 1.0]], [2, null, null, null]], "scene_graph": {"left": [[6, 4], [5, 6], [4, 7], [2, 6], [3, 2]], "right": [[6, 2], [6, 5], [4, 6], [2, 3], [7, 4]], "front": [[2, 5]], "behind": [[5, 2]], "on": [], "under": [], "leftbehind": [], "leftfront": [[3, 5]], "rightbehind": [[5, 3]], "rightfront": []}}