{"objects": {"3": ["book", "medium"], "4": ["marker", "medium"], "2": ["stapler", "medium"], "5": ["cup", "medium"], "6": ["glue", "medium"], "7": ["scissors", "medium"]}, "action_order": [[0, 3, [0.05051804531581913, -0.28346236538320735, 0.7250017881393432], [0.0, 0.0, 0.0, 1.0]], [0, 4, [0.05893771953512232, -0.1431344617281542, 0.7250017881393432], [0.0, 0.0, 0.0, 1.0]], [0, 2, [0.06455083568132444, -0.0757770679737287, 0.7250017881393432], [0.0, 0.0, 0.0, 1.0]], [1, 2, [0.06455083568132444, -0.0757770679737287, 0.8], [0.0, 0.0, 0.25881904510252074, 0.9659258262890683]], [1, 2, [0.06455083568132444, -0.0757770679737287, 0.8], [0.0, 0.0, 0.25881904510252074, 0.9659258262890683]], [1, 2, [0.06455083568132444, -0.0757770679737287, 0.8], [0.0, 0.0, 0.25881904510252074, 0.9659258262890683]], [2, null, null, null], [2, null, null, null], [2, null, null, null], [0, 5, [0.07016395182752658, 0.022452464584808502, 0.7250017881393432], [0.0, 0.0, 0.0, 1.0]], [2, null, null, null], [1, 5, [0.06975609937049315, 0.04843099623780593, 0.8], [0.0, 0.0, 0.0, 1.0]], [2, null, null, null], [2, null, null, null], [2, null, null, null], [0, 6, [0.0757770679737287, 0.19365250704397335, 0.7250017881393432], [0.0, 0.0, 0.0, 1.0]], [2, null, null, null], [0, 7, [-0.042098371096515944, 0.1908459489708723, 0.7250017881393432], [0.0, 0.0, 0.0, 1.0]], [1, 7, [-0.042098371096515944, 0.1908459489708723, 0.8], [0.0, 0.0, 0.25881904510252074, 0.9659258262890683]], [1, 7, [-0.042098371096515944, 0.1908459489708723, 0.8], [0.0, 0.0, 0.25881904510252074, 0.9659258262890683]], [1, 7, [-0.042098371096515944, 0.1908459489708723, 0.8], [0.0, 0.0, 0.25881904510252074, 0.9659258262890683]], [1, 7, [-0.042098371096515944, 0.1908459489708723, 0.8], [0.0, 0.0, 0.25881904510252074, 0.9659258262890683]], [1, 7, [-0.042098371096515944, 0.1608459489708723, 0.8], [0.0, 0.0, 0.0, 1.0]], [2, null, null, null]], "scene_graph": {"left": [[4, 3], [2, 4], [5, 2], [6, 5], [7, 2]], "right": [[3, 4], [4, 2], [2, 5], [5, 6], [2, 7]], "front": [], "behind": [], "on": [], "under": [], "leftbehind": [[6, 7]], "leftfront": [[7, 5]], "rightbehind": [[5, 7]], "rightfront": [[7, 6]]}}