{"objects": {"7": ["book", "medium"], "6": ["marker", "medium"], "5": ["stapler", "medium"], "4": ["glue", "medium"], "3": ["scissors", "medium"], "2": ["cup", "medium"]}, "action_order": [[0, 7, [0.05051804531581913, -0.28346236538320735, 0.7250017881393432], [0.0, 0.0, 0.0, 1.0]], [0, 6, [0.05893771953512232, -0.1431344617281542, 0.7250017881393432], [0.0, 0.0, 0.0, 1.0]], [0, 5, [0.06455083568132444, -0.0757770679737287, 0.7250017881393432], [0.0, 0.0, 0.0, 1.0]], [1, 5, [0.06455083568132444, -0.0757770679737287, 0.8], [0.0, 0.0, 0.25881904510252074, 0.9659258262890683]], [1, 5, [0.06455083568132444, -0.0757770679737287, 0.8], [0.0, 0.0, 0.25881904510252074, 0.9659258262890683]], [1, 5, [0.06455083568132444, -0.0757770679737287, 0.8], [0.0, 0.0, 0.25881904510252074, 0.9659258262890683]], [2, null, null, null], [0, 4, [-0.0757770679737287, -0.0757770679737287, 0.7250017881393432], [0.0, 0.0, 0.0, 1.0]], [0, 3, [0.05051804531581913, 0.011226232292404251, 0.7250017881393432], [0.0, 0.0, 0.0, 1.0]], [0, 2, [0.07297050990062763, 0.14594101980125526, 0.7250017881393432], [0.0, 0.0, 0.0, 1.0]], [2, null, null, null], [1, 3, [0.08051798358856124, 0.011226017460183042, 0.7768172902817311], [0.0, 0.0, 0.0, 1.0]], [2, null, null, null]], "scene_graph": {"left": [[6, 7], [5, 6], [4, 7], [3, 5], [2, 3]], "right": [[7, 6], [7, 4], [6, 5], [5, 3], [3, 2]], "front": [[4, 5]], "behind": [[5, 4]], "on": [], "under": [], "leftbehind": [[3, 4], [2, 4]], "leftfront": [[4, 6]], "rightbehind": [[6, 4]], "rightfront": [[4, 3], [4, 2]]}}