{"objects": {"2": ["book", "medium"], "4": ["glue", "medium"], "3": ["stapler", "medium"], "6": ["marker", "medium"], "7": ["scissors", "medium"], "5": ["cup", "medium"]}, "action_order": [[0, 2, [0.10945576485094145, -0.0028065580731010628, 0.7250017881393432], [0.0, 0.0, 0.0, 1.0]], [2, null, null, null], [2, null, null, null], [2, null, null, null], [2, null, null, null], [2, null, null, null], [0, 4, [0.12910167136264888, -0.2525902265790957, 0.7250017881393432], [0.0, 0.0, 0.0, 1.0]], [2, null, null, null], [0, 3, [0.022452464584808502, -0.2638164588714999, 0.7250017881393432], [0.0, 0.0, 0.0, 1.0]], [2, null, null, null], [2, null, null, null], [0, 6, [0.14594101980125526, 0.16278036823986164, 0.7250017881393432], [0.0, 0.0, 0.0, 1.0]], [2, null, null, null], [0, 7, [0.14032790365505315, 0.2385574362135904, 0.7250017881393432], [0.0, 0.0, 0.0, 1.0]], [2, null, null, null], [0, 5, [0.0958532471364979, 0.0, 0.7698865294456482], [0.0, 0.0, 0.0, 1.0]], [2, null, null, null]], "scene_graph": {"left": [[6, 2], [7, 6], [2, 4], [5, 4], [2, 3]], "right": [[2, 6], [4, 2], [4, 5], [3, 2], [6, 7]], "front": [[3, 4]], "behind": [[4, 3]], "on": [[2, 5]], "under": [[5, 2]], "leftbehind": [], "leftfront": [], "rightbehind": [], "rightfront": []}}