{"objects": {"2": ["book", "medium"], "6": ["marker", "medium"], "3": ["stapler", "medium"], "4": ["glue", "medium"], "5": ["cup", "medium"], "7": ["scissors", "medium"]}, "action_order": [[0, 2, [0.14594101980125526, -0.019645906511707438, 0.7250017881393432], [0.0, 0.0, 0.0, 1.0]], [0, 6, [0.17961971667846802, -0.31714106226042005, 0.7250017881393432], [0.0, 0.0, 0.0, 1.0]], [0, 3, [-0.08139018411993083, -0.356432875283835, 0.7250017881393432], [0.0, 0.0, 0.0, 1.0]], [0, 4, [-0.22733120392118608, -0.39291813023414884, 0.7250017881393432], [0.0, 0.0, 0.0, 1.0]], [2, null, null, null], [1, 4, [-0.22091792169692157, -0.36506262447939297, 0.8], [0.0, 0.0, 0.0, 1.0]], [1, 4, [-0.22091792169692157, -0.33506262447939295, 0.8], [0.0, 0.0, 0.0, 1.0]], [1, 4, [-0.22091792169692157, -0.3050626244793929, 0.8], [0.0, 0.0, 0.0, 1.0]], [2, null, null, null], [1, 3, [-0.08147510255348824, -0.32700590776304206, 0.8], [0.0, 0.0, 0.0, 1.0]], [1, 3, [-0.08147510255348824, -0.29700590776304203, 0.8], [0.0, 0.0, 0.0, 1.0]], [2, null, null, null], [0, 5, [-0.1515541359474574, -0.011226232292404251, 0.7250017881393432], [0.0, 0.0, 0.0, 1.0]], [2, null, null, null], [0, 7, [0.15716725209365953, 0.25820334272529777, 0.7250017881393432], [0.0, 0.0, 0.0, 1.0]], [2, null, null, null]], "scene_graph": {"left": [[5, 3], [5, 4], [7, 2], [2, 6]], "right": [[2, 7], [6, 2], [3, 5], [4, 5]], "front": [[4, 3], [5, 2], [3, 6]], "behind": [[2, 5], [6, 3], [3, 4]], "on": [], "under": [], "leftbehind": [[2, 3], [7, 5], [2, 4]], "leftfront": [], "rightbehind": [], "rightfront": [[3, 2], [4, 2], [5, 7]]}}