{"objects": {"7": ["book", "medium"], "6": ["cup", "medium"], "5": ["marker", "medium"], "4": ["stapler", "medium"], "3": ["scissors", "medium"], "2": ["glue", "medium"]}, "action_order": [[0, 7, [0.06174427760822338, 0.044904929169617004, 0.7250017881393432], [0.0, 0.0, 0.0, 1.0]], [0, 6, [0.08419674219303189, 0.2553967846521967, 0.7250017881393432], [0.0, 0.0, 0.0, 1.0]], [0, 5, [0.08980985833923401, -0.14874757787435636, 0.7250017881393432], [0.0, 0.0, 0.0, 1.0]], [0, 4, [0.10384264870473932, -0.23575087814048928, 0.7250017881393432], [0.0, 0.0, 0.0, 1.0]], [1, 4, [0.10384264870473932, -0.23575087814048928, 0.8], [0.0, 0.0, 0.25881904510252074, 0.9659258262890683]], [1, 4, [0.10384264870473932, -0.23575087814048928, 0.8], [0.0, 0.0, 0.25881904510252074, 0.9659258262890683]], [1, 4, [0.10384264870473932, -0.23575087814048928, 0.8], [0.0, 0.0, 0.25881904510252074, 0.9659258262890683]], [1, 4, [0.10384264870473932, -0.20575087814048929, 0.8], [0.0, 0.0, 0.0, 1.0]], [2, null, null, null], [0, 3, [0.09822953255853721, -0.2806558073101063, 0.7250017881393432], [0.0, 0.0, 0.0, 1.0]], [2, null, null, null], [1, 3, [0.09822953103146696, -0.31065580531909387, 0.7768169678331345], [0.0, 0.0, 0.0, 1.0]], [2, null, null, null], [0, 2, [-0.06455083568132444, -0.14874757787435636, 0.7250017881393432], [0.0, 0.0, 0.0, 1.0]], [2, null, null, null], [2, null, null, null]], "scene_graph": {"left": [[7, 2], [7, 5], [6, 7], [5, 4], [4, 3], [2, 3]], "right": [[7, 6], [5, 7], [4, 5], [3, 4], [3, 2], [2, 7]], "front": [[2, 5], [2, 4]], "behind": [[5, 2], [4, 2]], "on": [], "under": [], "leftbehind": [], "leftfront": [], "rightbehind": [], "rightfront": []}}