{"objects": {"6": ["book", "medium"], "5": ["stapler", "medium"], "7": ["glue", "medium"], "4": ["scissors", "medium"], "3": ["cup", "medium"], "2": ["marker", "medium"]}, "action_order": [[0, 6, [0.14594101980125526, -0.019645906511707438, 0.7250017881393432], [0.0, 0.0, 0.0, 1.0]], [0, 5, [-0.08139018411993083, -0.356432875283835, 0.7250017881393432], [0.0, 0.0, 0.0, 1.0]], [0, 7, [-0.22733120392118608, -0.39291813023414884, 0.7250017881393432], [0.0, 0.0, 0.0, 1.0]], [2, null, null, null], [1, 7, [-0.22091792169692157, -0.36506262447939297, 0.8], [0.0, 0.0, 0.0, 1.0]], [1, 7, [-0.22091792169692157, -0.33506262447939295, 0.8], [0.0, 0.0, 0.0, 1.0]], [1, 7, [-0.22091792169692157, -0.3050626244793929, 0.8], [0.0, 0.0, 0.0, 1.0]], [2, null, null, null], [1, 5, [-0.08147510255348824, -0.32700590776304206, 0.8], [0.0, 0.0, 0.0, 1.0]], [1, 5, [-0.08147510255348824, -0.29700590776304203, 0.8], [0.0, 0.0, 0.0, 1.0]], [2, null, null, null], [2, null, null, null], [0, 4, [0.15716725209365953, 0.25820334272529777, 0.7250017881393432], [0.0, 0.0, 0.0, 1.0]], [2, null, null, null], [0, 3, [0.1515541359474574, -0.30030171382181375, 0.7250017881393432], [0.0, 0.0, 0.0, 1.0]], [0, 2, [0.14874757787435636, 0.4237902690382605, 0.7250017881393432], [0.0, 0.0, 0.0, 1.0]], [2, null, null, null]], "scene_graph": {"left": [[6, 3], [4, 6], [2, 4]], "right": [[6, 4], [4, 2], [3, 6]], "front": [[5, 3], [7, 5]], "behind": [[5, 7], [3, 5]], "on": [], "under": [], "leftbehind": [[6, 5], [6, 7]], "leftfront": [], "rightbehind": [], "rightfront": [[5, 6], [7, 6]]}}