{"objects": {"5": ["book", "medium"], "7": ["marker", "medium"], "3": ["cup", "medium"], "6": ["glue", "medium"], "4": ["scissors", "medium"], "2": ["stapler", "medium"]}, "action_order": [[0, 5, [-0.11787543907024464, -0.022452464584808502, 0.7250017881393432], [0.0, 0.0, 0.0, 1.0]], [1, 5, [-0.11787543907024464, -0.022452464584808502, 0.8], [0.0, 0.0, -0.25881904510252074, 0.9659258262890683]], [1, 5, [-0.11787543907024464, -0.022452464584808502, 0.8], [0.0, 0.0, -0.25881904510252074, 0.9659258262890683]], [1, 5, [-0.11787543907024464, -0.022452464584808502, 0.8], [0.0, 0.0, -0.25881904510252074, 0.9659258262890683]], [0, 7, [0.20207218126327653, -0.2750426911639042, 0.7250017881393432], [0.0, 0.0, 0.0, 1.0]], [2, null, null, null], [2, null, null, null], [0, 3, [0.224524645848085, 0.43220994325756373, 0.7250017881393432], [0.0, 0.0, 0.0, 1.0]], [2, null, null, null], [0, 6, [0.1908459489708723, -0.014032790365505313, 0.7250017881393432], [0.0, 0.0, 0.0, 1.0]], [2, null, null, null], [0, 4, [-0.09261641641233508, 0.33678696877212755, 0.7250017881393432], [0.0, 0.0, 0.0, 1.0]], [0, 2, [0.20207218126327653, 0.19365250704397335, 0.7250017881393432], [0.0, 0.0, 0.0, 1.0]], [2, null, null, null], [2, null, null, null]], "scene_graph": {"left": [[3, 2], [6, 7], [4, 5], [2, 6]], "right": [[5, 4], [7, 6], [6, 2], [2, 3]], "front": [[5, 6], [4, 3], [5, 2]], "behind": [[3, 4], [6, 5], [2, 5]], "on": [], "under": [], "leftbehind": [], "leftfront": [[5, 7], [4, 2]], "rightbehind": [[7, 5], [2, 4]], "rightfront": []}}