{"objects": {"7": ["book", "medium"], "6": ["stapler", "medium"], "5": ["marker", "medium"], "4": ["scissors", "medium"], "3": ["glue", "medium"], "2": ["cup", "medium"]}, "action_order": [[0, 7, [0.08980985833923401, 0.10945576485094147, 0.7250017881393432], [0.0, 0.0, 0.0, 1.0]], [0, 6, [0.14032790365505315, -0.06735739375442551, 0.7250017881393432], [0.0, 0.0, 0.0, 1.0]], [1, 6, [0.14032790365505315, -0.06735739375442551, 0.8], [0.0, 0.0, 0.25881904510252074, 0.9659258262890683]], [1, 6, [0.14032790365505315, -0.06735739375442551, 0.8], [0.0, 0.0, 0.25881904510252074, 0.9659258262890683]], [1, 6, [0.14032790365505315, -0.06735739375442551, 0.8], [0.0, 0.0, 0.25881904510252074, 0.9659258262890683]], [2, null, null, null], [0, 5, [0.15716725209365953, -0.13471478750885102, 0.7250017881393432], [0.0, 0.0, 0.0, 1.0]], [0, 4, [0.17681315860536695, -0.2497836685059946, 0.7250017881393432], [0.0, 0.0, 0.0, 1.0]], [0, 3, [-0.008419674219303189, -0.08139018411993082, 0.7250017881393432], [0.0, 0.0, 0.0, 1.0]], [2, null, null, null], [0, 2, [0.08981966979881997, 0.10038668977515174, 0.776382303237915], [0.0, 0.0, 0.0, 1.0]], [2, null, null, null]], "scene_graph": {"left": [[7, 6], [6, 5], [5, 4], [3, 4], [7, 3]], "right": [[6, 7], [5, 6], [4, 5], [4, 3], [3, 7]], "front": [[3, 5], [3, 6]], "behind": [[6, 3], [5, 3]], "on": [[7, 2]], "under": [[2, 7]], "leftbehind": [], "leftfront": [], "rightbehind": [], "rightfront": []}}