{"objects": {"7": ["book", "medium"], "6": ["cup", "medium"], "5": ["marker", "medium"], "4": ["stapler", "medium"], "3": ["glue", "medium"], "2": ["scissors", "medium"]}, "action_order": [[0, 7, [0.14594101980125526, -0.019645906511707438, 0.7250017881393432], [0.0, 0.0, 0.0, 1.0]], [0, 6, [0.2048787393363776, 0.31152794611421797, 0.7250017881393432], [0.0, 0.0, 0.0, 1.0]], [0, 5, [0.17961971667846802, -0.31714106226042005, 0.7250017881393432], [0.0, 0.0, 0.0, 1.0]], [0, 4, [-0.08139018411993083, -0.356432875283835, 0.7250017881393432], [0.0, 0.0, 0.0, 1.0]], [0, 3, [-0.22733120392118608, -0.39291813023414884, 0.7250017881393432], [0.0, 0.0, 0.0, 1.0]], [0, 2, [-0.044904929169617004, 0.3255607364797233, 0.7250017881393432], [0.0, 0.0, 0.0, 1.0]], [2, null, null, null], [1, 3, [-0.22091792169692157, -0.36506262447939297, 0.8], [0.0, 0.0, 0.0, 1.0]], [1, 3, [-0.22091792169692157, -0.33506262447939295, 0.8], [0.0, 0.0, 0.0, 1.0]], [1, 3, [-0.22091792169692157, -0.3050626244793929, 0.8], [0.0, 0.0, 0.0, 1.0]], [2, null, null, null], [1, 4, [-0.08147510255348824, -0.32700590776304206, 0.8], [0.0, 0.0, 0.0, 1.0]], [1, 4, [-0.08147510255348824, -0.29700590776304203, 0.8], [0.0, 0.0, 0.0, 1.0]], [2, null, null, null]], "scene_graph": {"left": [[7, 5], [6, 7], [2, 7]], "right": [[7, 6], [5, 7], [7, 2]], "front": [[4, 5], [3, 4], [2, 6]], "behind": [[6, 2], [5, 4], [4, 3]], "on": [], "under": [], "leftbehind": [[7, 4], [7, 3]], "leftfront": [], "rightbehind": [], "rightfront": [[4, 7], [3, 7]]}}