{"objects": {"6": ["book", "medium"], "5": ["cup", "medium"], "7": ["scissors", "medium"], "4": ["marker", "medium"], "3": ["glue", "medium"], "2": ["stapler", "medium"]}, "action_order": [[0, 6, [0.14874757787435636, -0.12348855521644676, 0.7250017881393432], [0.0, 0.0, 0.0, 1.0]], [0, 5, [0.17961971667846802, 0.09822953255853721, 0.7250017881393432], [0.0, 0.0, 0.0, 1.0]], [2, null, null, null], [0, 7, [-0.1066492067778404, -0.2890754815294095, 0.7250017881393432], [0.0, 0.0, 0.0, 1.0]], [0, 4, [0.15436069402055846, -0.30591482996801583, 0.7250017881393432], [0.0, 0.0, 0.0, 1.0]], [2, null, null, null], [2, null, null, null], [0, 3, [-0.12910167136264888, -0.11506888099714357, 0.7250017881393432], [0.0, 0.0, 0.0, 1.0]], [2, null, null, null], [0, 2, [0.033678696877212755, 0.07858362604682975, 0.7250017881393432], [0.0, 0.0, 0.0, 1.0]], [2, null, null, null]], "scene_graph": {"left": [[5, 6], [3, 7], [2, 6], [6, 4]], "right": [[6, 5], [6, 2], [7, 3], [4, 6]], "front": [[7, 6], [7, 4], [3, 6], [2, 5]], "behind": [[6, 7], [5, 2], [4, 7], [6, 3]], "on": [], "under": [], "leftbehind": [[5, 3], [2, 3]], "leftfront": [[3, 4]], "rightbehind": [[4, 3]], "rightfront": [[3, 2], [3, 5]]}}