{"objects": {"4": ["cup", "medium"], "5": ["stapler", "medium"], "6": ["book", "medium"], "7": ["marker", "medium"], "2": ["glue", "medium"], "3": ["scissors", "medium"]}, "action_order": [[2, null, null, null], [2, null, null, null], [0, 4, [0.224524645848085, 0.43220994325756373, 0.7250017881393432], [0.0, 0.0, 0.0, 1.0]], [2, null, null, null], [2, null, null, null], [0, 5, [0.20207218126327653, 0.19365250704397335, 0.7250017881393432], [0.0, 0.0, 0.0, 1.0]], [2, null, null, null], [2, null, null, null], [0, 6, [0.14313446172815422, -0.3816918979417446, 0.7250017881393432], [0.0, 0.0, 0.0, 1.0]], [0, 7, [0.18523283282467015, -0.12068199714334571, 0.7250017881393432], [0.0, 0.0, 0.0, 1.0]], [0, 2, [-0.044904929169617004, -0.13190822943574995, 0.7250017881393432], [0.0, 0.0, 0.0, 1.0]], [2, null, null, null], [0, 3, [-0.042098371096515944, 0.19365250704397335, 0.7250017881393432], [0.0, 0.0, 0.0, 1.0]], [2, null, null, null]], "scene_graph": {"left": [[4, 5], [5, 7], [7, 6], [3, 2]], "right": [[5, 4], [6, 7], [7, 5], [2, 3]], "front": [[2, 7], [3, 5]], "behind": [[5, 3], [7, 2]], "on": [], "under": [], "leftbehind": [[4, 3]], "leftfront": [[2, 6]], "rightbehind": [[6, 2]], "rightfront": [[3, 4]]}}