{"objects": {"3": ["book", "medium"], "2": ["scissors", "medium"], "4": ["cup", "medium"], "5": ["marker", "medium"], "6": ["glue", "medium"], "7": ["stapler", "medium"]}, "action_order": [[0, 3, [0.10945576485094145, -0.0028065580731010628, 0.7250017881393432], [0.0, 0.0, 0.0, 1.0]], [0, 2, [0.10138696769757657, 0.0, 0.8473969459533691], [0.0, 0.0, 0.0, 1.0]], [2, null, null, null], [0, 4, [0.14032790365505315, 0.18242627475156906, 0.7250017881393432], [0.0, 0.0, 0.0, 1.0]], [2, null, null, null], [0, 5, [0.11787543907024464, -0.16278036823986164, 0.7250017881393432], [0.0, 0.0, 0.0, 1.0]], [2, null, null, null], [2, null, null, null], [2, null, null, null], [0, 6, [0.12910167136264888, -0.2525902265790957, 0.7250017881393432], [0.0, 0.0, 0.0, 1.0]], [2, null, null, null], [0, 7, [0.022452464584808502, -0.2638164588714999, 0.7250017881393432], [0.0, 0.0, 0.0, 1.0]], [2, null, null, null]], "scene_graph": {"left": [[4, 3], [4, 2], [5, 6], [5, 7], [3, 5]], "right": [[3, 4], [2, 4], [5, 3], [6, 5], [7, 5]], "front": [[7, 6]], "behind": [[6, 7]], "on": [[3, 2]], "under": [[2, 3]], "leftbehind": [], "leftfront": [], "rightbehind": [], "rightfront": []}}