{"objects": {"4": ["stapler", "medium"], "3": ["book", "medium"], "2": ["marker", "medium"], "7": ["glue", "medium"], "6": ["scissors", "medium"], "5": ["cup", "medium"]}, "action_order": [[2, null, null, null], [2, null, null, null], [2, null, null, null], [2, null, null, null], [0, 4, [0.20207218126327653, 0.19365250704397335, 0.7250017881393432], [0.0, 0.0, 0.0, 1.0]], [2, null, null, null], [2, null, null, null], [0, 3, [0.14313446172815422, -0.3816918979417446, 0.7250017881393432], [0.0, 0.0, 0.0, 1.0]], [0, 2, [0.18523283282467015, -0.12068199714334571, 0.7250017881393432], [0.0, 0.0, 0.0, 1.0]], [0, 7, [-0.044904929169617004, -0.13190822943574995, 0.7250017881393432], [0.0, 0.0, 0.0, 1.0]], [2, null, null, null], [0, 6, [-0.042098371096515944, 0.19365250704397335, 0.7250017881393432], [0.0, 0.0, 0.0, 1.0]], [2, null, null, null], [0, 5, [-0.17120004245916487, -0.3844984560148456, 0.7250017881393432], [0.0, 0.0, 0.0, 1.0]], [2, null, null, null]], "scene_graph": {"left": [[4, 2], [2, 3], [7, 3], [6, 7]], "right": [[3, 7], [3, 2], [2, 4], [7, 6]], "front": [[7, 2], [6, 4], [5, 3]], "behind": [[4, 6], [3, 5], [2, 7]], "on": [], "under": [], "leftbehind": [[7, 5]], "leftfront": [[6, 2]], "rightbehind": [[2, 6]], "rightfront": [[5, 7]]}}