{"objects": {"3": ["book", "medium"], "7": ["cup", "medium"], "2": ["marker", "medium"], "4": ["stapler", "medium"], "5": ["scissors", "medium"], "6": ["glue", "medium"]}, "action_order": [[0, 3, [0.14874757787435636, -0.12348855521644676, 0.7250017881393432], [0.0, 0.0, 0.0, 1.0]], [0, 7, [0.17961971667846802, 0.09822953255853721, 0.7250017881393432], [0.0, 0.0, 0.0, 1.0]], [2, null, null, null], [0, 2, [0.15436069402055846, -0.30591482996801583, 0.7250017881393432], [0.0, 0.0, 0.0, 1.0]], [2, null, null, null], [2, null, null, null], [2, null, null, null], [0, 4, [0.033678696877212755, 0.07858362604682975, 0.7250017881393432], [0.0, 0.0, 0.0, 1.0]], [2, null, null, null], [0, 5, [0.1655869263129627, -0.40133780445345196, 0.7250017881393432], [0.0, 0.0, 0.0, 1.0]], [2, null, null, null], [2, null, null, null], [0, 6, [-0.09542297448543614, -0.1375213455819521, 0.7250017881393432], [0.0, 0.0, 0.0, 1.0]], [2, null, null, null]], "scene_graph": {"left": [[7, 3], [2, 5], [4, 3], [3, 2]], "right": [[3, 4], [3, 7], [2, 3], [5, 2]], "front": [[4, 7], [6, 3]], "behind": [[3, 6], [7, 4]], "on": [], "under": [], "leftbehind": [[7, 6], [4, 6]], "leftfront": [[6, 5], [6, 2]], "rightbehind": [[2, 6], [5, 6]], "rightfront": [[6, 4], [6, 7]]}}