{"objects": {"6": ["book", "medium"], "4": ["scissors", "medium"], "3": ["cup", "medium"], "2": ["marker", "medium"], "5": ["glue", "medium"], "7": ["stapler", "medium"]}, "action_order": [[0, 6, [0.14594101980125526, -0.019645906511707438, 0.7250017881393432], [0.0, 0.0, 0.0, 1.0]], [2, null, null, null], [2, null, null, null], [2, null, null, null], [2, null, null, null], [0, 4, [0.15716725209365953, 0.25820334272529777, 0.7250017881393432], [0.0, 0.0, 0.0, 1.0]], [2, null, null, null], [0, 3, [0.1515541359474574, -0.30030171382181375, 0.7250017881393432], [0.0, 0.0, 0.0, 1.0]], [0, 2, [0.14874757787435636, 0.4237902690382605, 0.7250017881393432], [0.0, 0.0, 0.0, 1.0]], [2, null, null, null], [2, null, null, null], [0, 5, [0.16839348438606377, -0.5416657081085051, 0.7250017881393432], [0.0, 0.0, 0.0, 1.0]], [2, null, null, null], [0, 7, [0.14594101980125526, 0.5556984984740105, 0.7250017881393432], [0.0, 0.0, 0.0, 1.0]], [2, null, null, null]], "scene_graph": {"left": [[6, 3], [4, 6], [3, 5], [2, 4], [7, 2]], "right": [[6, 4], [4, 2], [3, 6], [2, 7], [5, 3]], "front": [], "behind": [], "on": [], "under": [], "leftbehind": [], "leftfront": [], "rightbehind": [], "rightfront": []}}