{"objects": {"7": ["book", "medium"], "6": ["cup", "medium"], "5": ["marker", "medium"], "4": ["stapler", "medium"], "3": ["glue", "medium"], "2": ["scissors", "medium"]}, "action_order": [[0, 7, [-0.11787543907024464, -0.022452464584808502, 0.7250017881393432], [0.0, 0.0, 0.0, 1.0]], [1, 7, [-0.11787543907024464, -0.022452464584808502, 0.8], [0.0, 0.0, -0.25881904510252074, 0.9659258262890683]], [1, 7, [-0.11787543907024464, -0.022452464584808502, 0.8], [0.0, 0.0, -0.25881904510252074, 0.9659258262890683]], [1, 7, [-0.11787543907024464, -0.022452464584808502, 0.8], [0.0, 0.0, -0.25881904510252074, 0.9659258262890683]], [0, 6, [0.18803939089777122, -0.033678696877212755, 0.7250017881393432], [0.0, 0.0, 0.0, 1.0]], [0, 5, [0.20207218126327653, -0.2750426911639042, 0.7250017881393432], [0.0, 0.0, 0.0, 1.0]], [0, 4, [0.20207218126327653, -0.443436175549968, 0.7250017881393432], [0.0, 0.0, 0.0, 1.0]], [0, 3, [0.22733120392118608, 0.221718087774984, 0.7250017881393432], [0.0, 0.0, 0.0, 1.0]], [0, 2, [0.2441705523597925, 0.47150175628097857, 0.7250017881393432], [0.0, 0.0, 0.0, 1.0]], [2, null, null, null]], "scene_graph": {"left": [[6, 5], [5, 4], [3, 6], [2, 3]], "right": [[6, 3], [5, 6], [4, 5], [3, 2]], "front": [[7, 6]], "behind": [[6, 7]], "on": [], "under": [], "leftbehind": [[3, 7]], "leftfront": [[7, 5]], "rightbehind": [[5, 7]], "rightfront": [[7, 3]]}}