{"objects": {"2": ["marker", "medium"], "3": ["book", "medium"], "4": ["cup", "medium"], "6": ["scissors", "medium"], "7": ["glue", "medium"], "5": ["stapler", "medium"]}, "action_order": [[2, null, null, null], [2, null, null, null], [2, null, null, null], [2, null, null, null], [2, null, null, null], [2, null, null, null], [0, 2, [0.18523283282467015, -0.12068199714334571, 0.7250017881393432], [0.0, 0.0, 0.0, 1.0]], [2, null, null, null], [2, null, null, null], [2, null, null, null], [2, null, null, null], [2, null, null, null], [0, 3, [0.18523283282467015, 0.2890754815294095, 0.7250017881393432], [0.0, 0.0, 0.0, 1.0]], [2, null, null, null], [0, 4, [-0.1655869263129627, 0.2918820396025105, 0.7250017881393432], [0.0, 0.0, 0.0, 1.0]], [2, null, null, null], [2, null, null, null], [2, null, null, null], [0, 6, [0.18523283282467015, -0.28346236538320735, 0.7250017881393432], [0.0, 0.0, 0.0, 1.0]], [2, null, null, null], [0, 7, [-0.14313446172815422, -0.21891152970188293, 0.7250017881393432], [0.0, 0.0, 0.0, 1.0]], [2, null, null, null], [0, 5, [-0.13471478750885102, 0.025259022657909563, 0.7250017881393432], [0.0, 0.0, 0.0, 1.0]], [2, null, null, null], [1, 6, [0.1852328156328554, -0.2834623206917375, 0.7768281312204521], [0.0, 0.0, 0.25881904510252074, 0.9659258262890683]], [1, 6, [0.1852328156328554, -0.2834623206917375, 0.8], [0.0, 0.0, 0.25881904510252074, 0.9659258262890683]], [1, 6, [0.1852328156328554, -0.2834623206917375, 0.8], [0.0, 0.0, 0.25881904510252074, 0.9659258262890683]], [1, 6, [0.1852328156328554, -0.2834623206917375, 0.8], [0.0, 0.0, 0.25881904510252074, 0.9659258262890683]], [1, 6, [0.1852328156328554, -0.2834623206917375, 0.8], [0.0, 0.0, 0.25881904510252074, 0.9659258262890683]], [2, null, null, null], [1, 3, [0.18525090895891813, 0.2591639258756878, 0.7974945801308275], [0.0, 0.0, 0.0, 1.0]], [1, 3, [0.18525090895891813, 0.22916392587568782, 0.8], [0.0, 0.0, 0.0, 1.0]], [1, 3, [0.18525090895891813, 0.19916392587568782, 0.8], [0.0, 0.0, 0.0, 1.0]], [1, 3, [0.18525090895891813, 0.16916392587568782, 0.8], [0.0, 0.0, 0.0, 1.0]], [2, null, null, null]], "scene_graph": {"left": [[2, 6], [3, 2], [4, 5], [5, 7]], "right": [[2, 3], [6, 2], [7, 5], [5, 4]], "front": [[4, 3], [7, 6], [5, 3]], "behind": [[3, 4], [3, 5], [6, 7]], "on": [], "under": [], "leftbehind": [[2, 7]], "leftfront": [], "rightbehind": [], "rightfront": [[7, 2]]}}