{"objects": {"5": ["book", "medium"], "4": ["scissors", "medium"], "7": ["glue", "medium"], "6": ["stapler", "medium"], "2": ["cup", "medium"], "3": ["marker", "medium"]}, "action_order": [[0, 5, [0.10945576485094145, -0.0028065580731010628, 0.7250017881393432], [0.0, 0.0, 0.0, 1.0]], [0, 4, [0.10138696769757657, 0.0, 0.8473969459533691], [0.0, 0.0, 0.0, 1.0]], [2, null, null, null], [2, null, null, null], [2, null, null, null], [2, null, null, null], [2, null, null, null], [0, 7, [0.12910167136264888, -0.2525902265790957, 0.7250017881393432], [0.0, 0.0, 0.0, 1.0]], [2, null, null, null], [0, 6, [0.022452464584808502, -0.2638164588714999, 0.7250017881393432], [0.0, 0.0, 0.0, 1.0]], [2, null, null, null], [0, 2, [-0.14313446172815422, -0.014032790365505313, 0.7250017881393432], [0.0, 0.0, 0.0, 1.0]], [2, null, null, null], [0, 3, [0.14594101980125526, 0.16278036823986164, 0.7250017881393432], [0.0, 0.0, 0.0, 1.0]], [2, null, null, null]], "scene_graph": {"left": [[3, 5], [5, 7], [4, 7], [5, 6]], "right": [[7, 5], [7, 4], [6, 5], [5, 3]], "front": [[6, 7], [2, 5], [2, 4]], "behind": [[5, 2], [4, 2], [7, 6]], "on": [[5, 4]], "under": [[4, 5]], "leftbehind": [], "leftfront": [[2, 6]], "rightbehind": [[6, 2]], "rightfront": []}}