{"objects": {"7": ["book", "medium"], "6": ["marker", "medium"], "5": ["stapler", "medium"], "4": ["glue", "medium"], "2": ["cup", "medium"], "3": ["scissors", "medium"]}, "action_order": [[0, 7, [0.05051804531581913, -0.28346236538320735, 0.7250017881393432], [0.0, 0.0, 0.0, 1.0]], [0, 6, [0.05893771953512232, -0.1431344617281542, 0.7250017881393432], [0.0, 0.0, 0.0, 1.0]], [0, 5, [0.06455083568132444, -0.0757770679737287, 0.7250017881393432], [0.0, 0.0, 0.0, 1.0]], [1, 5, [0.06455083568132444, -0.0757770679737287, 0.8], [0.0, 0.0, 0.25881904510252074, 0.9659258262890683]], [1, 5, [0.06455083568132444, -0.0757770679737287, 0.8], [0.0, 0.0, 0.25881904510252074, 0.9659258262890683]], [1, 5, [0.06455083568132444, -0.0757770679737287, 0.8], [0.0, 0.0, 0.25881904510252074, 0.9659258262890683]], [2, null, null, null], [0, 4, [-0.0757770679737287, -0.0757770679737287, 0.7250017881393432], [0.0, 0.0, 0.0, 1.0]], [2, null, null, null], [2, null, null, null], [0, 2, [0.07016395182752658, 0.022452464584808502, 0.7250017881393432], [0.0, 0.0, 0.0, 1.0]], [2, null, null, null], [1, 2, [0.06975609937049315, 0.04843099623780593, 0.8], [0.0, 0.0, 0.0, 1.0]], [2, null, null, null], [2, null, null, null], [0, 3, [-0.20768529740947864, -0.2918820396025105, 0.7250017881393432], [0.0, 0.0, 0.0, 1.0]], [1, 3, [-0.20768529740947864, -0.2918820396025105, 0.8], [0.0, 0.0, 0.25881904510252074, 0.9659258262890683]], [1, 3, [-0.20768529740947864, -0.2918820396025105, 0.8], [0.0, 0.0, 0.25881904510252074, 0.9659258262890683]], [1, 3, [-0.20768529740947864, -0.2918820396025105, 0.8], [0.0, 0.0, 0.25881904510252074, 0.9659258262890683]], [1, 3, [-0.20768529740947864, -0.2918820396025105, 0.8], [0.0, 0.0, 0.25881904510252074, 0.9659258262890683]], [1, 3, [-0.20768529740947864, -0.26188203960251055, 0.8], [0.0, 0.0, 0.0, 1.0]], [1, 3, [-0.20768529740947864, -0.23188203960251055, 0.8], [0.0, 0.0, 0.0, 1.0]], [1, 3, [-0.20768529740947864, -0.20188203960251055, 0.8], [0.0, 0.0, 0.0, 1.0]], [2, null, null, null]], "scene_graph": {"left": [[6, 7], [5, 6], [4, 7], [2, 5]], "right": [[7, 6], [7, 4], [6, 5], [5, 2]], "front": [[4, 5], [3, 7], [3, 6]], "behind": [[7, 3], [5, 4], [6, 3]], "on": [], "under": [], "leftbehind": [[2, 4], [4, 3]], "leftfront": [[4, 6]], "rightbehind": [[6, 4]], "rightfront": [[3, 4], [4, 2]]}}