{"objects": {"7": ["book", "medium"], "6": ["marker", "medium"], "5": ["stapler", "medium"], "4": ["scissors", "medium"], "3": ["glue", "medium"], "2": ["cup", "medium"]}, "action_order": [[0, 7, [0.08139018411993083, 0.039291813023414876, 0.7250017881393432], [0.0, 0.0, 0.0, 1.0]], [0, 6, [0.08980985833923401, -0.15997381016676054, 0.7250017881393432], [0.0, 0.0, 0.0, 1.0]], [0, 5, [0.10103609063163826, -0.2638164588714999, 0.7250017881393432], [0.0, 0.0, 0.0, 1.0]], [1, 5, [0.10103609063163826, -0.2638164588714999, 0.8], [0.0, 0.0, 0.25881904510252074, 0.9659258262890683]], [1, 5, [0.10103609063163826, -0.2638164588714999, 0.8], [0.0, 0.0, 0.25881904510252074, 0.9659258262890683]], [1, 5, [0.10103609063163826, -0.2638164588714999, 0.8], [0.0, 0.0, 0.25881904510252074, 0.9659258262890683]], [1, 5, [0.10103609063163826, -0.2338164588714999, 0.8], [0.0, 0.0, 0.0, 1.0]], [2, null, null, null], [0, 4, [0.12348855521644676, -0.33117385262592536, 0.7250017881393432], [0.0, 0.0, 0.0, 1.0]], [2, null, null, null], [1, 4, [0.12348850121198635, -0.3611739554493991, 0.7768169714150474], [0.0, 0.0, 0.0, 1.0]], [1, 4, [0.15348850121198634, -0.3611739554493991, 0.8], [0.0, 0.0, 0.0, 1.0]], [2, null, null, null], [0, 3, [0.008419674219303189, 0.23294432006738827, 0.7250017881393432], [0.0, 0.0, 0.0, 1.0]], [0, 2, [0.1740066005322659, 0.23575087814048928, 0.7250017881393432], [0.0, 0.0, 0.0, 1.0]], [2, null, null, null]], "scene_graph": {"left": [[7, 6], [6, 5], [5, 4], [3, 7], [2, 7]], "right": [[7, 2], [7, 3], [6, 7], [5, 6], [4, 5]], "front": [[3, 2]], "behind": [[2, 3]], "on": [], "under": [], "leftbehind": [], "leftfront": [], "rightbehind": [], "rightfront": []}}