{"objects": {"4": ["book", "medium"], "3": ["glue", "medium"], "6": ["stapler", "medium"], "7": ["cup", "medium"], "5": ["scissors", "medium"], "2": ["marker", "medium"]}, "action_order": [[2, null, null, null], [2, null, null, null], [2, null, null, null], [2, null, null, null], [2, null, null, null], [2, null, null, null], [2, null, null, null], [2, null, null, null], [2, null, null, null], [2, null, null, null], [2, null, null, null], [0, 4, [0.18523283282467015, 0.2890754815294095, 0.7250017881393432], [0.0, 0.0, 0.0, 1.0]], [2, null, null, null], [2, null, null, null], [2, null, null, null], [2, null, null, null], [2, null, null, null], [0, 3, [-0.14313446172815422, -0.21891152970188293, 0.7250017881393432], [0.0, 0.0, 0.0, 1.0]], [2, null, null, null], [0, 6, [-0.13471478750885102, 0.025259022657909563, 0.7250017881393432], [0.0, 0.0, 0.0, 1.0]], [2, null, null, null], [2, null, null, null], [1, 4, [0.18525090895891813, 0.2591639258756878, 0.7974945801308275], [0.0, 0.0, 0.0, 1.0]], [1, 4, [0.18525090895891813, 0.22916392587568782, 0.8], [0.0, 0.0, 0.0, 1.0]], [1, 4, [0.18525090895891813, 0.19916392587568782, 0.8], [0.0, 0.0, 0.0, 1.0]], [1, 4, [0.18525090895891813, 0.16916392587568782, 0.8], [0.0, 0.0, 0.0, 1.0]], [2, null, null, null], [0, 7, [0.20207218126327653, 0.4237902690382605, 0.7250017881393432], [0.0, 0.0, 0.0, 1.0]], [2, null, null, null], [2, null, null, null], [1, 4, [0.18531616263613315, 0.16926245387545621, 0.7759839166620054], [0.0, 0.0, 0.25881904510252074, 0.9659258262890683]], [1, 4, [0.18531616263613315, 0.16926245387545621, 0.8], [0.0, 0.0, 0.25881904510252074, 0.9659258262890683]], [1, 4, [0.18531616263613315, 0.16926245387545621, 0.8], [0.0, 0.0, 0.25881904510252074, 0.9659258262890683]], [1, 4, [0.18531616263613315, 0.13926245387545622, 0.8], [0.0, 0.0, 0.0, 1.0]], [1, 4, [0.18531616263613315, 0.10926245387545622, 0.8], [0.0, 0.0, 0.0, 1.0]], [1, 4, [0.18531616263613315, 0.07926245387545622, 0.8], [0.0, 0.0, 0.0, 1.0]], [1, 4, [0.18531616263613315, 0.04926245387545622, 0.8], [0.0, 0.0, 0.0, 1.0]], [2, null, null, null], [0, 5, [-0.15716725209365953, 0.27784924923700527, 0.7250017881393432], [0.0, 0.0, 0.0, 1.0]], [2, null, null, null], [0, 2, [0.1740066005322659, -0.3199476203335211, 0.7250017881393432], [0.0, 0.0, 0.0, 1.0]], [2, null, null, null]], "scene_graph": {"left": [[6, 3], [7, 4], [5, 6], [4, 2]], "right": [[4, 7], [3, 6], [6, 5], [2, 4]], "front": [[6, 4]], "behind": [[4, 6]], "on": [], "under": [], "leftbehind": [[7, 5], [4, 3]], "leftfront": [[3, 2], [5, 4]], "rightbehind": [[4, 5], [2, 3]], "rightfront": [[3, 4], [5, 7]]}}