{"objects": {"2": ["book", "medium"], "3": ["marker", "medium"], "4": ["stapler", "medium"], "5": ["scissors", "medium"], "6": ["glue", "medium"], "7": ["cup", "medium"]}, "action_order": [[0, 2, [0.08139018411993083, 0.039291813023414876, 0.7250017881393432], [0.0, 0.0, 0.0, 1.0]], [0, 3, [0.08980985833923401, -0.15997381016676054, 0.7250017881393432], [0.0, 0.0, 0.0, 1.0]], [0, 4, [0.10103609063163826, -0.2638164588714999, 0.7250017881393432], [0.0, 0.0, 0.0, 1.0]], [1, 4, [0.10103609063163826, -0.2638164588714999, 0.8], [0.0, 0.0, 0.25881904510252074, 0.9659258262890683]], [1, 4, [0.10103609063163826, -0.2638164588714999, 0.8], [0.0, 0.0, 0.25881904510252074, 0.9659258262890683]], [1, 4, [0.10103609063163826, -0.2638164588714999, 0.8], [0.0, 0.0, 0.25881904510252074, 0.9659258262890683]], [1, 4, [0.10103609063163826, -0.2338164588714999, 0.8], [0.0, 0.0, 0.0, 1.0]], [2, null, null, null], [0, 5, [0.12348855521644676, -0.33117385262592536, 0.7250017881393432], [0.0, 0.0, 0.0, 1.0]], [2, null, null, null], [1, 5, [0.12348850121198635, -0.3611739554493991, 0.7768169714150474], [0.0, 0.0, 0.0, 1.0]], [1, 5, [0.15348850121198634, -0.3611739554493991, 0.8], [0.0, 0.0, 0.0, 1.0]], [2, null, null, null], [2, null, null, null], [0, 6, [-0.1740066005322659, 0.044904929169617004, 0.7250017881393432], [0.0, 0.0, 0.0, 1.0]], [0, 7, [0.0757770679737287, 0.24697711043289353, 0.7250017881393432], [0.0, 0.0, 0.0, 1.0]], [2, null, null, null]], "scene_graph": {"left": [[2, 3], [3, 4], [4, 5], [7, 2]], "right": [[2, 7], [3, 2], [4, 3], [5, 4]], "front": [[6, 2]], "behind": [[2, 6]], "on": [], "under": [], "leftbehind": [[7, 6]], "leftfront": [[6, 3]], "rightbehind": [[3, 6]], "rightfront": [[6, 7]]}}