{"objects": {"7": ["book", "medium"], "6": ["scissors", "medium"], "5": ["cup", "medium"], "4": ["marker", "medium"], "3": ["stapler", "medium"], "2": ["glue", "medium"]}, "action_order": [[0, 7, [0.10945576485094145, -0.0028065580731010628, 0.7250017881393432], [0.0, 0.0, 0.0, 1.0]], [0, 6, [0.10138696769757657, 0.0, 0.8473969459533691], [0.0, 0.0, 0.0, 1.0]], [2, null, null, null], [0, 5, [0.14032790365505315, 0.18242627475156906, 0.7250017881393432], [0.0, 0.0, 0.0, 1.0]], [2, null, null, null], [0, 4, [0.11787543907024464, -0.16278036823986164, 0.7250017881393432], [0.0, 0.0, 0.0, 1.0]], [2, null, null, null], [0, 3, [-0.14032790365505315, -0.0056131161462021255, 0.7250017881393432], [0.0, 0.0, 0.0, 1.0]], [2, null, null, null], [0, 2, [0.0056131161462021255, 0.1740066005322659, 0.7250017881393432], [0.0, 0.0, 0.0, 1.0]], [2, null, null, null]], "scene_graph": {"left": [[5, 7], [5, 6], [2, 7], [2, 6], [7, 4]], "right": [[7, 5], [6, 5], [4, 7], [7, 2], [6, 2]], "front": [[3, 7], [2, 5]], "behind": [[5, 2], [7, 3]], "on": [[7, 6]], "under": [[6, 7]], "leftbehind": [], "leftfront": [], "rightbehind": [], "rightfront": []}}