{"objects": {"3": ["book", "medium"], "2": ["marker", "medium"], "4": ["stapler", "medium"], "5": ["glue", "medium"], "6": ["cup", "medium"], "7": ["scissors", "medium"]}, "action_order": [[0, 3, [0.05051804531581913, -0.28346236538320735, 0.7250017881393432], [0.0, 0.0, 0.0, 1.0]], [0, 2, [0.05893771953512232, -0.1431344617281542, 0.7250017881393432], [0.0, 0.0, 0.0, 1.0]], [0, 4, [0.06455083568132444, -0.0757770679737287, 0.7250017881393432], [0.0, 0.0, 0.0, 1.0]], [1, 4, [0.06455083568132444, -0.0757770679737287, 0.8], [0.0, 0.0, 0.25881904510252074, 0.9659258262890683]], [1, 4, [0.06455083568132444, -0.0757770679737287, 0.8], [0.0, 0.0, 0.25881904510252074, 0.9659258262890683]], [1, 4, [0.06455083568132444, -0.0757770679737287, 0.8], [0.0, 0.0, 0.25881904510252074, 0.9659258262890683]], [2, null, null, null], [0, 5, [-0.0757770679737287, -0.0757770679737287, 0.7250017881393432], [0.0, 0.0, 0.0, 1.0]], [2, null, null, null], [2, null, null, null], [0, 6, [0.07016395182752658, 0.022452464584808502, 0.7250017881393432], [0.0, 0.0, 0.0, 1.0]], [2, null, null, null], [1, 6, [0.06975609937049315, 0.04843099623780593, 0.8], [0.0, 0.0, 0.0, 1.0]], [2, null, null, null], [0, 7, [0.039938655100183976, -0.27424543168793003, 0.7698906421661377], [0.0, 0.0, 0.0, 1.0]], [2, null, null, null]], "scene_graph": {"left": [[2, 3], [4, 2], [5, 3], [6, 4]], "right": [[3, 2], [2, 4], [4, 6], [3, 5]], "front": [[5, 4]], "behind": [[4, 5]], "on": [[3, 7]], "under": [[7, 3]], "leftbehind": [[6, 5]], "leftfront": [[5, 2]], "rightbehind": [[2, 5]], "rightfront": [[5, 6]]}}