{"objects": {"7": ["book", "medium"], "5": ["scissors", "medium"], "2": ["cup", "medium"], "3": ["marker", "medium"], "4": ["glue", "medium"], "6": ["stapler", "medium"]}, "action_order": [[0, 7, [0.14594101980125526, -0.019645906511707438, 0.7250017881393432], [0.0, 0.0, 0.0, 1.0]], [2, null, null, null], [2, null, null, null], [2, null, null, null], [2, null, null, null], [0, 5, [0.15716725209365953, 0.25820334272529777, 0.7250017881393432], [0.0, 0.0, 0.0, 1.0]], [2, null, null, null], [0, 2, [0.1515541359474574, -0.30030171382181375, 0.7250017881393432], [0.0, 0.0, 0.0, 1.0]], [0, 3, [0.14874757787435636, 0.4237902690382605, 0.7250017881393432], [0.0, 0.0, 0.0, 1.0]], [2, null, null, null], [0, 4, [-0.11506888099714357, -0.31152794611421797, 0.7250017881393432], [0.0, 0.0, 0.0, 1.0]], [0, 6, [-0.11787543907024464, 0.19365250704397335, 0.7250017881393432], [0.0, 0.0, 0.0, 1.0]], [2, null, null, null]], "scene_graph": {"left": [[7, 2], [5, 7], [3, 5]], "right": [[7, 5], [5, 3], [2, 7]], "front": [[4, 2], [6, 5]], "behind": [[5, 6], [2, 4]], "on": [], "under": [], "leftbehind": [[3, 6], [7, 4]], "leftfront": [[6, 7]], "rightbehind": [[7, 6]], "rightfront": [[4, 7], [6, 3]]}}