{"objects": {"3": ["marker", "medium"], "6": ["cup", "medium"], "4": ["book", "medium"], "7": ["scissors", "medium"], "2": ["glue", "medium"], "5": ["stapler", "medium"]}, "action_order": [[2, null, null, null], [2, null, null, null], [2, null, null, null], [2, null, null, null], [2, null, null, null], [2, null, null, null], [0, 3, [0.18523283282467015, -0.12068199714334571, 0.7250017881393432], [0.0, 0.0, 0.0, 1.0]], [2, null, null, null], [2, null, null, null], [0, 6, [-0.17120004245916487, -0.3844984560148456, 0.7250017881393432], [0.0, 0.0, 0.0, 1.0]], [2, null, null, null], [2, null, null, null], [2, null, null, null], [0, 4, [0.18523283282467015, 0.2890754815294095, 0.7250017881393432], [0.0, 0.0, 0.0, 1.0]], [0, 7, [0.18803939089777122, -0.43501650133066483, 0.7250017881393432], [0.0, 0.0, 0.0, 1.0]], [0, 2, [-0.14594101980125526, -0.11506888099714357, 0.7250017881393432], [0.0, 0.0, 0.0, 1.0]], [0, 5, [-0.16278036823986167, 0.314334504187319, 0.7250017881393432], [0.0, 0.0, 0.0, 1.0]], [2, null, null, null]], "scene_graph": {"left": [[3, 7], [2, 6]], "right": [[6, 2], [7, 3]], "front": [[6, 7], [2, 3], [5, 4]], "behind": [[3, 2], [4, 5], [7, 6]], "on": [], "under": [], "leftbehind": [], "leftfront": [[2, 7]], "rightbehind": [[7, 2]], "rightfront": []}}