{"objects": {"2": ["book", "medium"], "7": ["book", "medium"], "8": ["cup", "medium"], "3": ["scissors", "medium"], "6": ["stapler", "medium"], "4": ["glue", "medium"], "5": ["marker", "medium"]}, "action_order": [[0, 2, [0.08419674219303189, -0.1908459489708723, 0.7250017881393432], [0.0, 0.0, 0.0, 1.0]], [0, 7, [0.09261641641233508, 0.07297050990062763, 0.7250017881393432], [0.0, 0.0, 0.0, 1.0]], [2, null, null, null], [2, null, null, null], [2, null, null, null], [2, null, null, null], [2, null, null, null], [2, null, null, null], [2, null, null, null], [2, null, null, null], [2, null, null, null], [1, 7, [0.09261662839318296, 0.04296955868001026, 0.775989759366058], [0.0, 0.0, 0.0, 1.0]], [2, null, null, null], [2, null, null, null], [2, null, null, null], [2, null, null, null], [0, 8, [-0.14874757787435636, 0.042098371096515944, 0.7250017881393432], [0.0, 0.0, 0.0, 1.0]], [2, null, null, null], [1, 8, [-0.15030968902136932, 0.07225582403093608, 0.8], [0.0, 0.0, 0.0, 1.0]], [2, null, null, null], [1, 8, [-0.15031218477766128, 0.04226060711918758, 0.8], [0.0, 0.0, 0.0, 1.0]], [2, null, null, null], [2, null, null, null], [0, 3, [0.0757770679737287, -0.4097574786727552, 0.7250017881393432], [0.0, 0.0, 0.0, 1.0]], [2, null, null, null], [1, 3, [0.10577704610434757, -0.4097576025403682, 0.7768171698080122], [0.0, 0.0, 0.0, 1.0]], [2, null, null, null], [0, 6, [0.11506888099714357, 0.2048787393363776, 0.7250017881393432], [0.0, 0.0, -0.7071067811865475, 0.7071067811865476]], [2, null, null, null], [1, 6, [0.11492010595828547, 0.23538162541107427, 0.7863941146882761], [0.0, 0.0, 0.0, 1.0]], [2, null, null, null], [0, 4, [0.2189115297018829, -0.3901115721610478, 0.7250017881393432], [0.0, 0.0, 0.0, 1.0]], [2, null, null, null], [2, null, null, null], [0, 5, [-0.14313446172815422, -0.21049185548257973, 0.7250017881393432], [0.0, 0.0, -0.7071067811865475, 0.7071067811865476]], [2, null, null, null]], "scene_graph": {"left": [[2, 3], [7, 2], [8, 5], [6, 7], [2, 4]], "right": [[2, 7], [7, 6], [3, 2], [4, 2], [5, 8]], "front": [[8, 7], [3, 4], [5, 2]], "behind": [[2, 5], [7, 8], [4, 3]], "on": [], "under": [], "leftbehind": [[6, 8], [7, 5]], "leftfront": [[8, 2], [5, 3]], "rightbehind": [[3, 5], [2, 8]], "rightfront": [[5, 7], [8, 6]]}}