{"objects": {"2": ["book", "medium"], "3": ["marker", "medium"], "4": ["book", "medium"], "5": ["stapler", "medium"], "6": ["scissors", "medium"], "8": ["cup", "medium"], "7": ["glue", "medium"]}, "action_order": [[0, 2, [0.044904929169617004, -0.1375213455819521, 0.7250017881393432], [0.0, 0.0, 0.0, 1.0]], [0, 3, [0.022452464584808502, 0.016839348438606377, 0.7250017881393432], [0.0, 0.0, 0.0, 1.0]], [0, 4, [0.008419674219303189, 0.18803939089777122, 0.7250017881393432], [0.0, 0.0, 0.0, 1.0]], [2, null, null, null], [1, 4, [0.03842055022404746, 0.18803872133110894, 0.7759753566332116], [0.0, 0.0, 0.0, 1.0]], [2, null, null, null], [0, 5, [-0.1908459489708723, -0.16278036823986164, 0.7250017881393432], [0.0, 0.0, 0.0, 1.0]], [0, 6, [0.05613116146202125, -0.3648525495031381, 0.7250017881393432], [0.0, 0.0, 0.0, 1.0]], [0, 8, [-0.23294432006738822, 0.1908459489708723, 0.7250017881393432], [0.0, 0.0, 0.0, 1.0]], [2, null, null, null], [2, null, null, null], [0, 7, [0.008419674219303189, -0.46308208206167545, 0.7250017881393432], [0.0, 0.0, -0.7071067811865475, 0.7071067811865476]], [2, null, null, null], [1, 8, [-0.20279255602345136, 0.19067066210588812, 0.8], [0.0, 0.0, 0.0, 1.0]], [2, null, null, null], [1, 5, [-0.16122630228446272, -0.16748677396368672, 0.8], [0.0, 0.0, 0.0, 1.0]], [1, 5, [-0.16122630228446272, -0.16748677396368672, 0.8], [0.0, 0.0, 0.0, 1.0]], [1, 5, [-0.16122630228446272, -0.16748677396368672, 0.8], [0.0, 0.0, 0.0, 1.0]], [2, null, null, null], [1, 7, [0.006362270699329096, -0.43914704446688657, 0.8], [0.0, 0.0, 0.0, 1.0]], [2, null, null, null]], "scene_graph": {"left": [[2, 6], [3, 2], [4, 3], [6, 7]], "right": [[2, 3], [3, 4], [6, 2], [7, 6]], "front": [[5, 2], [8, 4]], "behind": [[2, 5], [4, 8]], "on": [], "under": [], "leftbehind": [[3, 5]], "leftfront": [[5, 6], [8, 3], [8, 2], [5, 7]], "rightbehind": [[3, 8], [6, 5], [7, 5], [2, 8]], "rightfront": [[5, 3]]}}