{"objects": {"8": ["book", "medium"], "7": ["marker", "medium"], "6": ["book", "medium"], "5": ["stapler", "medium"], "4": ["scissors", "medium"], "3": ["glue", "medium"], "2": ["cup", "medium"]}, "action_order": [[0, 8, [0.044904929169617004, -0.1375213455819521, 0.7250017881393432], [0.0, 0.0, 0.0, 1.0]], [0, 7, [0.022452464584808502, 0.016839348438606377, 0.7250017881393432], [0.0, 0.0, 0.0, 1.0]], [0, 6, [0.008419674219303189, 0.18803939089777122, 0.7250017881393432], [0.0, 0.0, 0.0, 1.0]], [2, null, null, null], [1, 6, [0.03842055022404746, 0.18803872133110894, 0.7759753566332116], [0.0, 0.0, 0.0, 1.0]], [2, null, null, null], [0, 5, [-0.1908459489708723, -0.16278036823986164, 0.7250017881393432], [0.0, 0.0, 0.0, 1.0]], [0, 4, [0.05613116146202125, -0.3648525495031381, 0.7250017881393432], [0.0, 0.0, 0.0, 1.0]], [2, null, null, null], [2, null, null, null], [0, 3, [0.008419674219303189, -0.46308208206167545, 0.7250017881393432], [0.0, 0.0, -0.7071067811865475, 0.7071067811865476]], [2, null, null, null], [2, null, null, null], [1, 5, [-0.16122630228446272, -0.16748677396368672, 0.8], [0.0, 0.0, 0.0, 1.0]], [1, 5, [-0.16122630228446272, -0.16748677396368672, 0.8], [0.0, 0.0, 0.0, 1.0]], [1, 5, [-0.16122630228446272, -0.16748677396368672, 0.8], [0.0, 0.0, 0.0, 1.0]], [2, null, null, null], [1, 3, [0.006362270699329096, -0.43914704446688657, 0.8], [0.0, 0.0, 0.0, 1.0]], [2, null, null, null], [0, 2, [0.05051804531581913, 0.3873050140879467, 0.7250017881393432], [0.0, 0.0, 0.0, 1.0]], [2, null, null, null]], "scene_graph": {"left": [[8, 4], [7, 8], [6, 7], [4, 3], [2, 6]], "right": [[8, 7], [7, 6], [6, 2], [4, 8], [3, 4]], "front": [[5, 8]], "behind": [[8, 5]], "on": [], "under": [], "leftbehind": [[7, 5]], "leftfront": [[5, 4], [5, 3]], "rightbehind": [[4, 5], [3, 5]], "rightfront": [[5, 7]]}}