{"objects": {"5": ["book", "medium"], "2": ["marker", "medium"], "3": ["book", "medium"], "4": ["scissors", "medium"], "6": ["glue", "medium"], "7": ["cup", "medium"], "8": ["stapler", "medium"]}, "action_order": [[0, 5, [0.044904929169617004, -0.1375213455819521, 0.7250017881393432], [0.0, 0.0, 0.0, 1.0]], [0, 2, [0.022452464584808502, 0.016839348438606377, 0.7250017881393432], [0.0, 0.0, 0.0, 1.0]], [0, 3, [0.008419674219303189, 0.18803939089777122, 0.7250017881393432], [0.0, 0.0, 0.0, 1.0]], [2, null, null, null], [1, 3, [0.03842055022404746, 0.18803872133110894, 0.7759753566332116], [0.0, 0.0, 0.0, 1.0]], [2, null, null, null], [0, 4, [0.05613116146202125, -0.3648525495031381, 0.7250017881393432], [0.0, 0.0, 0.0, 1.0]], [2, null, null, null], [2, null, null, null], [0, 6, [0.008419674219303189, -0.46308208206167545, 0.7250017881393432], [0.0, 0.0, -0.7071067811865475, 0.7071067811865476]], [2, null, null, null], [2, null, null, null], [2, null, null, null], [1, 6, [0.006362270699329096, -0.43914704446688657, 0.8], [0.0, 0.0, 0.0, 1.0]], [2, null, null, null], [0, 7, [0.05051804531581913, 0.3873050140879467, 0.7250017881393432], [0.0, 0.0, 0.0, 1.0]], [2, null, null, null], [0, 8, [-0.05051804531581913, 0.37888533986864353, 0.7250017881393432], [0.0, 0.0, 0.0, 1.0]], [2, null, null, null], [1, 7, [0.08052001972131854, 0.3873047133320594, 0.8], [0.0, 0.0, 0.0, 1.0]], [2, null, null, null], [1, 8, [-0.04799543253167891, 0.4088383778962049, 0.7866337983342263], [0.0, 0.0, 0.0, 1.0]], [2, null, null, null]], "scene_graph": {"left": [[5, 4], [2, 5], [3, 2], [4, 6], [7, 3], [8, 3]], "right": [[5, 2], [2, 3], [3, 7], [3, 8], [4, 5], [6, 4]], "front": [[8, 7]], "behind": [[7, 8]], "on": [], "under": [], "leftbehind": [], "leftfront": [], "rightbehind": [], "rightfront": []}}