{"objects": {"7": ["book", "medium"], "8": ["book", "medium"], "6": ["stapler", "medium"], "5": ["glue", "medium"], "4": ["scissors", "medium"], "3": ["marker", "medium"], "2": ["cup", "medium"]}, "action_order": [[0, 7, [-0.224524645848085, -0.18803939089777122, 0.7250017881393432], [0.0, -0.0, -0.7071067811865476, -0.7071067811865475]], [0, 8, [-0.28626892345630844, 0.21049185548257973, 0.7250017881393432], [0.0, -0.0, -0.7071067811865476, -0.7071067811865475]], [2, null, null, null], [1, 8, [-0.2562635575144172, 0.2104981071765671, 0.7759656236685604], [0.0, 0.0, 0.0, 1.0]], [2, null, null, null], [1, 8, [-0.22635724617302747, 0.21043606212532356, 0.775902712189446], [0.0, 0.0, 0.0, 1.0]], [2, null, null, null], [1, 8, [-0.22644633768098685, 0.18049312659364222, 0.7759024185192068], [0.0, 0.0, 0.0, 1.0]], [2, null, null, null], [0, 6, [-0.0056131161462021255, -0.3031082718949148, 0.7250017881393432], [0.0, 0.0, -0.7071067811865475, 0.7071067811865476]], [0, 5, [-0.016839348438606377, -0.24697711043289353, 0.7250017881393432], [0.0, 0.0, -0.7071067811865475, 0.7071067811865476]], [0, 4, [-0.014032790365505313, -0.1122623229240425, 0.7250017881393432], [0.0, 0.0, 0.0, 1.0]], [1, 4, [0.015967209634494686, -0.1122623229240425, 0.8], [0.0, 0.0, 0.0, 1.0]], [1, 4, [0.04596720963449469, -0.1122623229240425, 0.8], [0.0, 0.0, 0.0, 1.0]], [1, 4, [0.04596720963449469, -0.1122623229240425, 0.8], [0.0, 0.0, 0.0, 1.0]], [1, 4, [0.04596720963449469, -0.1122623229240425, 0.8], [0.0, 0.0, 0.0, 1.0]], [1, 4, [0.04596720963449469, -0.1122623229240425, 0.8], [0.0, 0.0, 0.0, 1.0]], [1, 4, [0.04596720963449469, -0.08226232292404251, 0.8], [0.0, 0.0, 0.0, 1.0]], [2, null, null, null], [1, 5, [-0.01936353210224075, -0.2229713713197121, 0.8], [0.0, 0.0, 0.0, 1.0]], [1, 5, [-0.01936353210224075, -0.1929713713197121, 0.8], [0.0, 0.0, 0.0, 1.0]], [2, null, null, null], [1, 4, [0.04596719726090618, -0.11226238361932127, 0.776828001986934], [0.0, 0.0, 0.0, 1.0]], [2, null, null, null], [2, null, null, null], [2, null, null, null], [2, null, null, null], [0, 3, [-0.07297050990062763, 0.16558692631296268, 0.7250017881393432], [0.0, 0.0, -0.7071067811865475, 0.7071067811865476]], [0, 2, [-0.24697711043289353, 0.4771148724271808, 0.7250017881393432], [0.0, 0.0, 0.0, 1.0]], [2, null, null, null]], "scene_graph": {"left": [[8, 7], [5, 6], [4, 5], [3, 4], [2, 8]], "right": [[7, 8], [8, 2], [6, 5], [5, 4], [4, 3]], "front": [[7, 4], [7, 6], [8, 3], [7, 5]], "behind": [[6, 7], [5, 7], [4, 7], [3, 8]], "on": [], "under": [], "leftbehind": [[3, 7]], "leftfront": [[2, 3], [8, 4]], "rightbehind": [[4, 8], [3, 2]], "rightfront": [[7, 3]]}}