{"objects": {"2": ["book", "medium"], "3": ["cup", "medium"], "4": ["book", "medium"], "5": ["marker", "medium"], "6": ["scissors", "medium"], "7": ["stapler", "medium"], "8": ["glue", "medium"]}, "action_order": [[0, 2, [0.07016395182752658, -0.21610497162878187, 0.7250017881393432], [0.0, 0.0, 0.0, 1.0]], [0, 3, [0.09542297448543614, 0.028065580731010627, 0.7250017881393432], [0.0, 0.0, 0.0, 1.0]], [0, 4, [0.07297050990062763, 0.23294432006738827, 0.7250017881393432], [0.0, 0.0, 0.0, 1.0]], [2, null, null, null], [0, 5, [-0.15997381016676057, 0.221718087774984, 0.7250017881393432], [0.0, 0.0, -0.7071067811865475, 0.7071067811865476]], [0, 6, [0.06455083568132444, 0.43220994325756373, 0.7250017881393432], [0.0, 0.0, 0.0, 1.0]], [1, 6, [0.06455083568132444, 0.43220994325756373, 0.8], [0.0, 0.0, 0.25881904510252074, 0.9659258262890683]], [2, null, null, null], [1, 6, [0.09455084490135784, 0.43220990885889876, 0.7768068852707521], [0.0, 0.0, 0.0, 1.0]], [1, 6, [0.09455084490135784, 0.43220990885889876, 0.7768068852707521], [0.0, 0.0, 0.0, 1.0]], [2, null, null, null], [0, 7, [-0.16839348438606377, -0.2918820396025105, 0.7250017881393432], [0.0, 0.0, 0.0, 1.0]], [0, 8, [-0.18242627475156908, -0.1740066005322659, 0.7250017881393432], [0.0, 0.0, 0.0, 1.0]], [2, null, null, null], [2, null, null, null]], "scene_graph": {"left": [[3, 2], [4, 3], [6, 4], [8, 7]], "right": [[2, 3], [3, 4], [4, 6], [7, 8]], "front": [[5, 4], [7, 2], [8, 2]], "behind": [[2, 7], [2, 8], [4, 5]], "on": [], "under": [], "leftbehind": [[6, 5], [3, 8]], "leftfront": [[5, 3]], "rightbehind": [[3, 5]], "rightfront": [[5, 6], [8, 3]]}}