{"objects": {"3": ["book", "medium"], "2": ["marker", "medium"]}, "action_order": [[0, 3, [0.033678696877212755, -0.12068199714334571, 0.7250017881393432], [0.0, 0.0, 0.0, 1.0]], [0, 2, [0.03087213880411169, 0.0757770679737287, 0.7250017881393432], [0.0, 0.0, 0.0, 1.0]], [2, null, null, null]], "scene_graph": {"left": [[2, 3]], "right": [[3, 2]], "front": [], "behind": [], "on": [], "under": [], "leftbehind": [], "leftfront": [], "rightbehind": [], "rightfront": []}}