{"objects": {"2": ["book", "medium"], "3": ["marker", "medium"]}, "action_order": [[0, 2, [0.044904929169617004, 0.07858362604682975, 0.7250017881393432], [0.0, 0.0, 0.0, 1.0]], [2, null, null, null], [2, null, null, null], [2, null, null, null], [0, 3, [0.05613116146202125, -0.10103609063163825, 0.7250017881393432], [0.0, 0.0, 0.0, 1.0]], [2, null, null, null]], "scene_graph": {"left": [[2, 3]], "right": [[3, 2]], "front": [], "behind": [], "on": [], "under": [], "leftbehind": [], "leftfront": [], "rightbehind": [], "rightfront": []}}