{"objects": {"4": ["book", "medium"], "3": ["cup", "medium"], "2": ["marker", "medium"]}, "action_order": [[0, 4, [-0.01122623229240425, -0.0224524645848085, 0.7250017881393432], [0.0, 0.0, 0.0, 1.0]], [0, 3, [-0.016839348438606374, 0.18803939089777116, 0.7250017881393432], [0.0, 0.0, 0.0, 1.0]], [0, 2, [0.008419674219303187, -0.2553967846521967, 0.7250017881393432], [0.0, 0.0, 0.0, 1.0]], [2, null, null, null], [2, null, null, null], [2, null, null, null]], "scene_graph": {"left": [[4, 2], [3, 4]], "right": [[4, 3], [2, 4]], "front": [], "behind": [], "on": [], "under": [], "leftbehind": [], "leftfront": [], "rightbehind": [], "rightfront": []}}