{"objects": {"3": ["book", "medium"], "2": ["marker", "medium"], "4": ["cup", "medium"]}, "action_order": [[0, 3, [-0.01122623229240425, -0.0224524645848085, 0.7250017881393432], [0.0, 0.0, 0.0, 1.0]], [0, 2, [0.008419674219303187, -0.2553967846521967, 0.7250017881393432], [0.0, 0.0, 0.0, 1.0]], [2, null, null, null], [2, null, null, null], [2, null, null, null], [2, null, null, null], [0, 4, [-0.28626892345630833, -0.019645906511707435, 0.7250017881393432], [0.0, 0.0, 0.0, 1.0]], [2, null, null, null], [2, null, null, null]], "scene_graph": {"left": [[3, 2]], "right": [[2, 3]], "front": [[4, 3]], "behind": [[3, 4]], "on": [], "under": [], "leftbehind": [], "leftfront": [[4, 2]], "rightbehind": [[2, 4]], "rightfront": []}}