{"objects": {"4": ["book", "medium"], "3": ["marker", "medium"], "2": ["cup", "medium"]}, "action_order": [[0, 4, [0.01122623229240425, -0.028065580731010627, 0.7250017881393432], [0.0, 0.0, 0.0, 1.0]], [2, null, null, null], [0, 3, [0.013208807471352533, -0.015850568965623042, 0.7763802766799927], [0.0, 0.0, 0.0, 1.0]], [2, null, null, null], [2, null, null, null], [2, null, null, null], [2, null, null, null], [2, null, null, null], [0, 2, [0.03648525495031381, 0.1431344617281542, 0.7250017881393432], [0.0, 0.0, 0.0, 1.0]], [2, null, null, null], [2, null, null, null], [2, null, null, null]], "scene_graph": {"left": [[2, 4], [2, 3]], "right": [[4, 2], [3, 2]], "front": [], "behind": [], "on": [[4, 3]], "under": [[3, 4]], "leftbehind": [], "leftfront": [], "rightbehind": [], "rightfront": []}}