{"objects": {"2": ["book", "medium"], "3": ["marker", "medium"], "4": ["cup", "medium"], "5": ["can_drink", "medium"]}, "action_order": [[0, 2, [0.08419674219303187, -0.01122623229240425, 0.7250017881393432], [0.0, 0.0, 0.0, 1.0]], [2, null, null, null], [2, null, null, null], [2, null, null, null], [2, null, null, null], [2, null, null, null], [2, null, null, null], [2, null, null, null], [2, null, null, null], [2, null, null, null], [0, 3, [0.07455215618701008, 0.005325154013357863, 0.7698906421661377], [0.0, 0.0, 0.0, 1.0]], [2, null, null, null], [2, null, null, null], [2, null, null, null], [0, 4, [0.01122623229240425, 0.1964590651170744, 0.7250017881393432], [0.0, 0.0, 0.0, 1.0]], [2, null, null, null], [0, 5, [0.19365250704397333, 0.17681315860536695, 0.7250017881393432], [0.0, 0.0, 0.0, 1.0]], [2, null, null, null], [2, null, null, null]], "scene_graph": {"left": [[4, 2], [4, 3], [5, 2], [5, 3]], "right": [[2, 5], [3, 4], [2, 4], [3, 5]], "front": [[4, 5]], "behind": [[5, 4]], "on": [[2, 3]], "under": [[3, 2]], "leftbehind": [], "leftfront": [], "rightbehind": [], "rightfront": []}}