{"objects": {"4": ["book", "medium"], "5": ["marker", "medium"], "2": ["can_drink", "medium"], "3": ["cup", "medium"]}, "action_order": [[0, 4, [0.08419674219303187, -0.01122623229240425, 0.7250017881393432], [0.0, 0.0, 0.0, 1.0]], [2, null, null, null], [2, null, null, null], [2, null, null, null], [2, null, null, null], [2, null, null, null], [2, null, null, null], [2, null, null, null], [2, null, null, null], [2, null, null, null], [2, null, null, null], [2, null, null, null], [2, null, null, null], [2, null, null, null], [2, null, null, null], [2, null, null, null], [2, null, null, null], [0, 5, [0.09261641641233505, -0.19926562319017543, 0.7250017881393432], [0.0, 0.0, 0.0, 1.0]], [2, null, null, null], [2, null, null, null], [2, null, null, null], [2, null, null, null], [0, 2, [0.089809858339234, 0.18242627475156903, 0.7250017881393432], [0.0, 0.0, 0.0, 1.0]], [2, null, null, null], [0, 3, [0.08700330026613294, 0.3059148299680158, 0.7250017881393432], [0.0, 0.0, 0.0, 1.0]], [2, null, null, null], [2, null, null, null]], "scene_graph": {"left": [[4, 5], [2, 4], [3, 2]], "right": [[4, 2], [5, 4], [2, 3]], "front": [], "behind": [], "on": [], "under": [], "leftbehind": [], "leftfront": [], "rightbehind": [], "rightfront": []}}