{"objects": {"2": ["book", "medium"], "3": ["can_drink", "medium"], "5": ["cup", "medium"], "4": ["marker", "medium"]}, "action_order": [[0, 2, [0.08419674219303187, -0.01122623229240425, 0.7250017881393432], [0.0, 0.0, 0.0, 1.0]], [2, null, null, null], [2, null, null, null], [2, null, null, null], [2, null, null, null], [2, null, null, null], [2, null, null, null], [2, null, null, null], [2, null, null, null], [2, null, null, null], [2, null, null, null], [2, null, null, null], [2, null, null, null], [2, null, null, null], [2, null, null, null], [2, null, null, null], [2, null, null, null], [2, null, null, null], [2, null, null, null], [2, null, null, null], [2, null, null, null], [2, null, null, null], [2, null, null, null], [2, null, null, null], [2, null, null, null], [0, 3, [0.0028065580731010623, -0.20487873933637754, 0.7250017881393432], [0.0, 0.0, 0.0, 1.0]], [0, 5, [0.16839348438606375, -0.23575087814048923, 0.7250017881393432], [0.0, 0.0, 0.0, 1.0]], [2, null, null, null], [0, 4, [0.1038426487047393, 0.16278036823986158, 0.7250017881393432], [0.0, 0.0, 0.0, 1.0]], [2, null, null, null], [2, null, null, null]], "scene_graph": {"left": [[2, 5], [2, 3], [4, 2]], "right": [[2, 4], [3, 2], [5, 2]], "front": [[3, 5]], "behind": [[5, 3]], "on": [], "under": [], "leftbehind": [], "leftfront": [], "rightbehind": [], "rightfront": []}}