{"objects": {"5": ["book", "medium"], "4": ["marker", "medium"], "3": ["can_drink", "medium"], "2": ["cup", "medium"]}, "action_order": [[0, 5, [0.08419674219303187, -0.01122623229240425, 0.7250017881393432], [0.0, 0.0, 0.0, 1.0]], [2, null, null, null], [2, null, null, null], [0, 4, [0.08700330026613294, -0.21891152970188285, 0.7250017881393432], [0.0, 0.0, 0.0, 1.0]], [2, null, null, null], [2, null, null, null], [0, 3, [-0.01122623229240425, 0.2104918554825797, 0.7250017881393432], [0.0, 0.0, 0.0, 1.0]], [2, null, null, null], [2, null, null, null], [0, 2, [0.15155413594745737, 0.20487873933637754, 0.7250017881393432], [0.0, 0.0, 0.0, 1.0]], [2, null, null, null], [2, null, null, null]], "scene_graph": {"left": [[5, 4], [3, 5], [2, 5]], "right": [[5, 2], [5, 3], [4, 5]], "front": [[3, 2]], "behind": [[2, 3]], "on": [], "under": [], "leftbehind": [], "leftfront": [], "rightbehind": [], "rightfront": []}}