{"objects": {"5": ["book", "medium"], "4": ["marker", "medium"], "3": ["cup", "medium"], "2": ["can_drink", "medium"]}, "action_order": [[0, 5, [-0.0224524645848085, 0.016839348438606374, 0.7250017881393432], [0.0, 0.0, 0.0, 1.0]], [2, null, null, null], [2, null, null, null], [0, 4, [0.23294432006738822, 0.014032790365505313, 0.7250017881393432], [0.0, 0.0, -0.7071067811865475, 0.7071067811865476]], [2, null, null, null], [2, null, null, null], [0, 3, [-0.09822953255853718, 0.1908459489708722, 0.7250017881393432], [0.0, 0.0, 0.0, 1.0]], [2, null, null, null], [0, 2, [0.03648525495031381, 0.1936525070439733, 0.7250017881393432], [0.0, 0.0, 0.0, 1.0]], [2, null, null, null], [2, null, null, null]], "scene_graph": {"left": [[3, 5], [2, 5]], "right": [[5, 3], [5, 2]], "front": [[5, 4], [3, 2]], "behind": [[4, 5], [2, 3]], "on": [], "under": [], "leftbehind": [], "leftfront": [[3, 4], [2, 4]], "rightbehind": [[4, 2], [4, 3]], "rightfront": []}}