{"objects": {"3": ["book", "medium"], "5": ["cup", "medium"], "4": ["can_drink", "medium"], "2": ["marker", "medium"]}, "action_order": [[0, 3, [0.08419674219303187, -0.01122623229240425, 0.7250017881393432], [0.0, 0.0, 0.0, 1.0]], [2, null, null, null], [2, null, null, null], [2, null, null, null], [2, null, null, null], [2, null, null, null], [2, null, null, null], [2, null, null, null], [2, null, null, null], [2, null, null, null], [2, null, null, null], [2, null, null, null], [2, null, null, null], [0, 5, [0.01122623229240425, 0.1964590651170744, 0.7250017881393432], [0.0, 0.0, 0.0, 1.0]], [2, null, null, null], [0, 4, [0.19365250704397333, 0.17681315860536695, 0.7250017881393432], [0.0, 0.0, 0.0, 1.0]], [2, null, null, null], [2, null, null, null], [2, null, null, null], [0, 2, [0.09261641641233505, -0.19926562319017543, 0.7250017881393432], [0.0, 0.0, 0.0, 1.0]], [2, null, null, null], [2, null, null, null], [2, null, null, null]], "scene_graph": {"left": [[3, 2], [5, 3], [4, 3]], "right": [[3, 4], [3, 5], [2, 3]], "front": [[5, 4]], "behind": [[4, 5]], "on": [], "under": [], "leftbehind": [], "leftfront": [], "rightbehind": [], "rightfront": []}}