{"objects": {"5": ["book", "medium"], "4": ["can_drink", "medium"], "3": ["cup", "medium"], "2": ["marker", "medium"]}, "action_order": [[0, 5, [0.09542297448543612, -0.0028065580731010623, 0.7250017881393432], [0.0, 0.0, 0.0, 1.0]], [2, null, null, null], [0, 4, [0.0028065580731010623, 0.23013776199428715, 0.7250017881393432], [0.0, 0.0, 0.0, 1.0]], [2, null, null, null], [0, 3, [0.17120004245916481, 0.224524645848085, 0.7250017881393432], [0.0, 0.0, 0.0, 1.0]], [2, null, null, null], [2, null, null, null], [0, 2, [0.09851558975406043, 0.0, 0.7698886156082153], [0.0, 0.0, 0.0, 1.0]], [2, null, null, null], [2, null, null, null]], "scene_graph": {"left": [[4, 5], [4, 2], [3, 5], [3, 2]], "right": [[5, 3], [2, 3], [5, 4], [2, 4]], "front": [[4, 3]], "behind": [[3, 4]], "on": [[5, 2]], "under": [[2, 5]], "leftbehind": [], "leftfront": [], "rightbehind": [], "rightfront": []}}