{"objects": {"2": ["book", "medium"], "3": ["marker", "medium"], "4": ["cup", "medium"], "5": ["can_drink", "medium"]}, "action_order": [[0, 2, [-0.0224524645848085, 0.016839348438606374, 0.7250017881393432], [0.0, 0.0, 0.0, 1.0]], [2, null, null, null], [2, null, null, null], [0, 3, [0.23294432006738822, 0.014032790365505313, 0.7250017881393432], [0.0, 0.0, -0.7071067811865475, 0.7071067811865476]], [2, null, null, null], [2, null, null, null], [2, null, null, null], [2, null, null, null], [2, null, null, null], [0, 4, [0.053324603388920186, 0.1908459489708722, 0.7250017881393432], [0.0, 0.0, 0.0, 1.0]], [0, 5, [-0.11787543907024461, 0.1936525070439733, 0.7250017881393432], [0.0, 0.0, 0.0, 1.0]], [2, null, null, null], [2, null, null, null]], "scene_graph": {"left": [[4, 2], [5, 2]], "right": [[2, 4], [2, 5]], "front": [[2, 3], [5, 4]], "behind": [[3, 2], [4, 5]], "on": [], "under": [], "leftbehind": [], "leftfront": [[4, 3]], "rightbehind": [[3, 4]], "rightfront": []}}