{"objects": {"6": ["book", "medium"], "5": ["can_drink", "medium"], "4": ["cup", "medium"], "3": ["stapler", "medium"], "2": ["marker", "medium"]}, "action_order": [[0, 6, [0.06735739375442551, -0.10103609063163825, 0.7250017881393432], [0.0, 0.0, -0.7071067811865475, 0.7071067811865476]], [1, 6, [0.0392919468134463, 0.07858320846142786, 0.8], [0.0, 0.0, 0.0, 1.0]], [1, 6, [0.0392919468134463, 0.07858320846142786, 0.8], [0.0, 0.0, 0.0, 1.0]], [1, 6, [0.0392919468134463, 0.07858320846142786, 0.8], [0.0, 0.0, 0.0, 1.0]], [1, 6, [0.0392919468134463, 0.07858320846142786, 0.8], [0.0, 0.0, 0.0, 1.0]], [1, 6, [0.0392919468134463, 0.04858320846142786, 0.8], [0.0, 0.0, 0.0, 1.0]], [1, 6, [0.0392919468134463, 0.018583208461427858, 0.8], [0.0, 0.0, 0.0, 1.0]], [1, 6, [0.0392919468134463, -0.01141679153857214, 0.8], [0.0, 0.0, 0.0, 1.0]], [1, 6, [0.009291946813446299, -0.01141679153857214, 0.8], [0.0, 0.0, 0.0, 1.0]], [1, 6, [0.009291946813446299, -0.04141679153857214, 0.8], [0.0, 0.0, 0.0, 1.0]], [1, 6, [0.009291946813446299, -0.07141679153857214, 0.8], [0.0, 0.0, 0.0, 1.0]], [1, 6, [0.0392919468134463, -0.07141679153857214, 0.8], [0.0, 0.0, 0.0, 1.0]], [1, 6, [0.0392919468134463, -0.10141679153857214, 0.8], [0.0, 0.0, 0.0, 1.0]], [2, null, null, null], [0, 5, [-0.15716725209365953, -0.2076852974094787, 0.7250017881393432], [0.0, 0.0, 0.0, 1.0]], [0, 4, [-0.16839348438606377, -0.050518045315819125, 0.7250017881393432], [0.0, 0.0, 0.0, 1.0]], [0, 3, [0.0056131161462021255, 0.11787543907024464, 0.7250017881393432], [0.0, 0.0, -0.7071067811865475, 0.7071067811865476]], [0, 2, [0.1908459489708723, -0.13190822943574995, 0.7250017881393432], [0.0, 0.0, -0.7071067811865475, 0.7071067811865476]], [2, null, null, null]], "scene_graph": {"left": [[4, 5], [3, 6]], "right": [[6, 3], [5, 4]], "front": [[6, 2], [5, 6], [4, 6]], "behind": [[6, 4], [2, 6], [6, 5]], "on": [], "under": [], "leftbehind": [[3, 4]], "leftfront": [[3, 2]], "rightbehind": [[2, 3]], "rightfront": [[4, 3]]}}