{"objects": {"4": ["book", "medium"], "2": ["cup", "medium"], "3": ["stapler", "medium"], "5": ["marker", "medium"], "6": ["can_drink", "medium"]}, "action_order": [[0, 4, [0.042098371096515944, -0.10945576485094147, 0.7250017881393432], [0.0, 0.0, 0.0, 1.0]], [0, 2, [0.14313446172815422, 0.11506888099714357, 0.7250017881393432], [0.0, 0.0, 0.0, 1.0]], [0, 3, [-0.23013776199428715, -0.12348855521644676, 0.7250017881393432], [0.0, 0.0, 0.0, 1.0]], [2, null, null, null], [1, 3, [-0.20134708996145279, -0.1283229204030593, 0.8], [0.0, 0.0, 0.0, 1.0]], [2, null, null, null], [1, 3, [-0.19484096584261165, -0.13711952917096892, 0.8], [0.0, 0.0, 0.0, 1.0]], [2, null, null, null], [0, 5, [0.08980985833923401, -0.27784924923700527, 0.7250017881393432], [0.0, 0.0, 0.0, 1.0]], [2, null, null, null], [1, 2, [0.11358626252761439, 0.11574281431610865, 0.8], [0.0, 0.0, 0.0, 1.0]], [1, 2, [0.08358626252761439, 0.11574281431610865, 0.8], [0.0, 0.0, 0.0, 1.0]], [1, 2, [0.05358626252761439, 0.11574281431610865, 0.8], [0.0, 0.0, 0.0, 1.0]], [1, 2, [0.023586262527614393, 0.11574281431610865, 0.8], [0.0, 0.0, 0.0, 1.0]], [1, 2, [-0.0064137374723856055, 0.11574281431610865, 0.8], [0.0, 0.0, 0.0, 1.0]], [1, 2, [-0.036413737472385604, 0.11574281431610865, 0.8], [0.0, 0.0, 0.0, 1.0]], [1, 2, [-0.036413737472385604, 0.08574281431610865, 0.8], [0.0, 0.0, 0.0, 1.0]], [1, 2, [-0.036413737472385604, 0.11574281431610865, 0.8], [0.0, 0.0, 0.0, 1.0]], [2, null, null, null], [0, 6, [0.11787543907024464, 0.10103609063163825, 0.7250017881393432], [0.0, 0.0, 0.0, 1.0]], [2, null, null, null]], "scene_graph": {"left": [[4, 5], [2, 4], [6, 4]], "right": [[4, 2], [5, 4], [4, 6]], "front": [[2, 6], [3, 4]], "behind": [[4, 3], [6, 2]], "on": [], "under": [], "leftbehind": [[2, 3]], "leftfront": [[3, 5]], "rightbehind": [[5, 3]], "rightfront": [[3, 2]]}}