{"objects": {"4": ["book", "medium"], "5": ["marker", "medium"], "3": ["stapler", "medium"], "2": ["can_drink", "medium"], "6": ["cup", "medium"]}, "action_order": [[0, 4, [0.06735739375442551, -0.10103609063163825, 0.7250017881393432], [0.0, 0.0, -0.7071067811865475, 0.7071067811865476]], [1, 4, [0.0392919468134463, 0.07858320846142786, 0.8], [0.0, 0.0, 0.0, 1.0]], [1, 4, [0.0392919468134463, 0.07858320846142786, 0.8], [0.0, 0.0, 0.0, 1.0]], [1, 4, [0.0392919468134463, 0.07858320846142786, 0.8], [0.0, 0.0, 0.0, 1.0]], [1, 4, [0.0392919468134463, 0.07858320846142786, 0.8], [0.0, 0.0, 0.0, 1.0]], [1, 4, [0.0392919468134463, 0.04858320846142786, 0.8], [0.0, 0.0, 0.0, 1.0]], [1, 4, [0.0392919468134463, 0.018583208461427858, 0.8], [0.0, 0.0, 0.0, 1.0]], [1, 4, [0.0392919468134463, -0.01141679153857214, 0.8], [0.0, 0.0, 0.0, 1.0]], [1, 4, [0.009291946813446299, -0.01141679153857214, 0.8], [0.0, 0.0, 0.0, 1.0]], [1, 4, [0.009291946813446299, -0.04141679153857214, 0.8], [0.0, 0.0, 0.0, 1.0]], [1, 4, [0.009291946813446299, -0.07141679153857214, 0.8], [0.0, 0.0, 0.0, 1.0]], [1, 4, [0.0392919468134463, -0.07141679153857214, 0.8], [0.0, 0.0, 0.0, 1.0]], [1, 4, [0.0392919468134463, -0.10141679153857214, 0.8], [0.0, 0.0, 0.0, 1.0]], [2, null, null, null], [0, 5, [0.1908459489708723, -0.13190822943574995, 0.7250017881393432], [0.0, 0.0, -0.7071067811865475, 0.7071067811865476]], [2, null, null, null], [2, null, null, null], [0, 3, [-0.15716725209365953, -0.23294432006738827, 0.7250017881393432], [0.0, 0.0, -0.7071067811865475, 0.7071067811865476]], [0, 2, [-0.16839348438606377, -0.13190822943574995, 0.7250017881393432], [0.0, 0.0, 0.0, 1.0]], [0, 6, [-0.1655869263129627, -0.022452464584808502, 0.7250017881393432], [0.0, 0.0, 0.0, 1.0]], [2, null, null, null], [1, 6, [-0.16230517410940742, 0.008080584097171155, 0.8], [0.0, 0.0, 0.0, 1.0]], [2, null, null, null]], "scene_graph": {"left": [[2, 3], [6, 2]], "right": [[3, 2], [2, 6]], "front": [[4, 5], [3, 4], [2, 4], [6, 4]], "behind": [[4, 6], [4, 3], [5, 4], [4, 2]], "on": [], "under": [], "leftbehind": [], "leftfront": [], "rightbehind": [], "rightfront": []}}