{"objects": {"4": ["can_drink", "medium"], "6": ["cup", "medium"], "5": ["book", "medium"], "3": ["stapler", "medium"], "2": ["marker", "medium"]}, "action_order": [[2, null, null, null], [2, null, null, null], [2, null, null, null], [2, null, null, null], [0, 4, [-0.044904929169617004, -0.11787543907024464, 0.7250017881393432], [0.0, 0.0, 0.0, 1.0]], [0, 6, [0.1122623229240425, -0.12068199714334571, 0.7250017881393432], [0.0, 0.0, 0.0, 1.0]], [2, null, null, null], [2, null, null, null], [2, null, null, null], [0, 5, [0.033678696877212755, 0.07016395182752658, 0.7250017881393432], [0.0, 0.0, 0.0, 1.0]], [2, null, null, null], [0, 3, [-0.19926562319017546, 0.028065580731010627, 0.7250017881393432], [0.0, 0.0, 0.0, 1.0]], [2, null, null, null], [0, 2, [0.015975699488101763, 0.06390279795240705, 0.7698783040046692], [0.0, 0.0, 0.0, 1.0]]], "scene_graph": {"left": [[5, 6], [5, 4]], "right": [[4, 5], [6, 5]], "front": [[4, 6], [3, 5]], "behind": [[6, 4], [5, 3]], "on": [], "under": [], "leftbehind": [], "leftfront": [[3, 4]], "rightbehind": [[4, 3]], "rightfront": []}}