{"objects": {"6": ["book", "medium"], "5": ["cup", "medium"], "4": ["can_drink", "medium"], "3": ["stapler", "medium"], "2": ["marker", "medium"]}, "action_order": [[0, 6, [0.08980985833923401, 0.12068199714334571, 0.7250017881393432], [0.0, 0.0, 0.0, 1.0]], [0, 5, [0.08980985833923401, 0.34240008491832963, 0.7250017881393432], [0.0, 0.0, 0.0, 1.0]], [0, 4, [0.17120004245916487, -0.07858362604682975, 0.7250017881393432], [0.0, 0.0, 0.0, 1.0]], [0, 3, [0.04771148724271807, -0.08419674219303189, 0.7250017881393432], [0.0, 0.0, 0.0, 1.0]], [1, 3, [0.04771148724271807, -0.08419674219303189, 0.8], [0.0, 0.0, -0.25881904510252074, 0.9659258262890683]], [1, 3, [0.04771148724271807, -0.08419674219303189, 0.8], [0.0, 0.0, -0.25881904510252074, 0.9659258262890683]], [1, 3, [0.04771148724271807, -0.08419674219303189, 0.8], [0.0, 0.0, -0.25881904510252074, 0.9659258262890683]], [1, 3, [0.017711487242718073, -0.08419674219303189, 0.8], [0.0, 0.0, 0.0, 1.0]], [2, null, null, null], [0, 2, [-0.14313446172815422, 0.10103609063163825, 0.7250017881393432], [0.0, 0.0, 0.0, 1.0]], [1, 2, [-0.14313446172815422, 0.10103609063163825, 0.8], [0.0, 0.0, -0.25881904510252074, 0.9659258262890683]], [1, 2, [-0.14313446172815422, 0.10103609063163825, 0.8], [0.0, 0.0, -0.25881904510252074, 0.9659258262890683]], [1, 2, [-0.14313446172815422, 0.10103609063163825, 0.8], [0.0, 0.0, -0.25881904510252074, 0.9659258262890683]], [1, 2, [-0.11313446172815422, 0.10103609063163825, 0.8], [0.0, 0.0, 0.0, 1.0]], [2, null, null, null], [1, 3, [0.018160093787839567, -0.054754137013739185, 0.7866287063627978], [0.0, 0.0, 0.0, 1.0]], [2, null, null, null], [1, 4, [0.17125779309195652, -0.04916878191507429, 0.8], [0.0, 0.0, 0.0, 1.0]], [2, null, null, null], [1, 5, [0.08963439722873662, 0.31244310996523983, 0.8], [0.0, 0.0, 0.0, 1.0]], [2, null, null, null]], "scene_graph": {"left": [[6, 4], [5, 6], [6, 3]], "right": [[6, 5], [4, 6], [3, 6]], "front": [[3, 4], [2, 6]], "behind": [[6, 2], [4, 3]], "on": [], "under": [], "leftbehind": [[5, 2]], "leftfront": [[2, 3], [2, 4]], "rightbehind": [[4, 2], [3, 2]], "rightfront": [[2, 5]]}}