{"objects": {"2": ["can_drink", "medium"], "3": ["cup", "medium"], "6": ["stapler", "medium"], "5": ["book", "medium"], "4": ["marker", "medium"]}, "action_order": [[2, null, null, null], [2, null, null, null], [2, null, null, null], [2, null, null, null], [0, 2, [-0.044904929169617004, -0.11787543907024464, 0.7250017881393432], [0.0, 0.0, 0.0, 1.0]], [0, 3, [0.1122623229240425, -0.12068199714334571, 0.7250017881393432], [0.0, 0.0, 0.0, 1.0]], [0, 6, [0.044904929169617004, 0.25820334272529777, 0.7250017881393432], [0.0, 0.0, -0.7071067811865475, 0.7071067811865476]], [2, null, null, null], [2, null, null, null], [2, null, null, null], [0, 5, [0.033678696877212755, 0.07016395182752658, 0.7250017881393432], [0.0, 0.0, 0.0, 1.0]], [0, 4, [0.025565669962278263, 0.06507625081307193, 0.8754011750221252], [0.0, 0.0, 0.0, 1.0]], [2, null, null, null]], "scene_graph": {"left": [[6, 5], [6, 4], [5, 3], [4, 3], [5, 2], [4, 2]], "right": [[2, 5], [2, 4], [3, 5], [3, 4], [5, 6], [4, 6]], "front": [[2, 3]], "behind": [[3, 2]], "on": [[5, 4]], "under": [[4, 5]], "leftbehind": [], "leftfront": [], "rightbehind": [], "rightfront": []}}