{"objects": {"6": ["book", "medium"], "5": ["marker", "medium"], "4": ["cup", "medium"], "3": ["can_drink", "medium"], "2": ["stapler", "medium"]}, "action_order": [[0, 6, [0.03929181302341488, 0.07858362604682975, 0.7250017881393432], [0.0, 0.0, 0.0, 1.0]], [0, 5, [0.028065580731010627, 0.2638164588714999, 0.7250017881393432], [0.0, 0.0, 0.0, 1.0]], [0, 4, [0.12348855521644676, -0.12348855521644676, 0.7250017881393432], [0.0, 0.0, 0.0, 1.0]], [0, 3, [-0.028065580731010627, -0.15997381016676054, 0.7250017881393432], [0.0, 0.0, 0.0, 1.0]], [0, 2, [-0.20207218126327653, 0.039291813023414876, 0.7250017881393432], [0.0, 0.0, 0.0, 1.0]], [2, null, null, null], [1, 3, [-0.02755084064841256, -0.1289781865340705, 0.8], [0.0, 0.0, 0.0, 1.0]], [1, 3, [-0.02755084064841256, -0.0989781865340705, 0.8], [0.0, 0.0, 0.0, 1.0]], [2, null, null, null], [1, 3, [-0.027551193309806904, -0.1289779409290593, 0.8], [0.0, 0.0, 0.0, 1.0]], [2, null, null, null]], "scene_graph": {"left": [[6, 4], [6, 3], [5, 6]], "right": [[4, 6], [3, 6], [6, 5]], "front": [[3, 4], [2, 6]], "behind": [[6, 2], [4, 3]], "on": [], "under": [], "leftbehind": [[5, 2]], "leftfront": [[2, 3], [2, 4]], "rightbehind": [[4, 2], [3, 2]], "rightfront": [[2, 5]]}}