{"objects": {"3": ["book", "medium"], "6": ["cup", "medium"], "5": ["marker", "medium"], "2": ["can_drink", "medium"], "4": ["stapler", "medium"]}, "action_order": [[0, 3, [0.042098371096515944, -0.10945576485094147, 0.7250017881393432], [0.0, 0.0, 0.0, 1.0]], [0, 6, [0.14313446172815422, 0.11506888099714357, 0.7250017881393432], [0.0, 0.0, 0.0, 1.0]], [2, null, null, null], [2, null, null, null], [2, null, null, null], [0, 5, [0.08980985833923401, -0.27784924923700527, 0.7250017881393432], [0.0, 0.0, 0.0, 1.0]], [2, null, null, null], [1, 6, [0.11358626252761439, 0.11574281431610865, 0.8], [0.0, 0.0, 0.0, 1.0]], [1, 6, [0.08358626252761439, 0.11574281431610865, 0.8], [0.0, 0.0, 0.0, 1.0]], [1, 6, [0.05358626252761439, 0.11574281431610865, 0.8], [0.0, 0.0, 0.0, 1.0]], [1, 6, [0.023586262527614393, 0.11574281431610865, 0.8], [0.0, 0.0, 0.0, 1.0]], [1, 6, [-0.0064137374723856055, 0.11574281431610865, 0.8], [0.0, 0.0, 0.0, 1.0]], [1, 6, [-0.036413737472385604, 0.11574281431610865, 0.8], [0.0, 0.0, 0.0, 1.0]], [1, 6, [-0.036413737472385604, 0.08574281431610865, 0.8], [0.0, 0.0, 0.0, 1.0]], [1, 6, [-0.036413737472385604, 0.11574281431610865, 0.8], [0.0, 0.0, 0.0, 1.0]], [2, null, null, null], [0, 2, [0.11787543907024464, 0.10103609063163825, 0.7250017881393432], [0.0, 0.0, 0.0, 1.0]], [2, null, null, null], [0, 4, [-0.06455083568132444, -0.2918820396025105, 0.7250017881393432], [0.0, 0.0, -0.7071067811865475, 0.7071067811865476]], [2, null, null, null], [1, 5, [0.11986576959102314, -0.279551776990909, 0.7830058923186202], [0.0, 0.0, 0.0, 1.0]], [2, null, null, null], [1, 4, [-0.06444482698213795, -0.26115365385373457, 0.7863610407868853], [0.0, 0.0, 0.0, 1.0]], [2, null, null, null], [1, 2, [0.1178273411851362, 0.06865859919426577, 0.8], [0.0, 0.0, 0.0, 1.0]], [2, null, null, null], [1, 6, [-0.036409289541800255, 0.08573954024576788, 0.8], [0.0, 0.0, 0.0, 1.0]], [2, null, null, null]], "scene_graph": {"left": [[3, 4], [6, 3], [2, 3], [3, 5]], "right": [[3, 6], [3, 2], [5, 3], [4, 3]], "front": [[6, 2], [4, 5]], "behind": [[5, 4], [2, 6]], "on": [], "under": [], "leftbehind": [], "leftfront": [[6, 5]], "rightbehind": [[5, 6]], "rightfront": []}}