{"objects": {"6": ["book", "medium"], "5": ["cup", "medium"], "4": ["can_drink", "medium"], "3": ["stapler", "medium"], "2": ["marker", "medium"]}, "action_order": [[0, 6, [0.042098371096515944, -0.10945576485094147, 0.7250017881393432], [0.0, 0.0, 0.0, 1.0]], [0, 5, [0.14313446172815422, 0.11506888099714357, 0.7250017881393432], [0.0, 0.0, 0.0, 1.0]], [0, 4, [-0.011226232292404251, 0.10384264870473935, 0.7250017881393432], [0.0, 0.0, 0.0, 1.0]], [0, 3, [-0.23013776199428715, -0.12348855521644676, 0.7250017881393432], [0.0, 0.0, 0.0, 1.0]], [2, null, null, null], [1, 3, [-0.20134708996145279, -0.1283229204030593, 0.8], [0.0, 0.0, 0.0, 1.0]], [2, null, null, null], [1, 3, [-0.19484096584261165, -0.13711952917096892, 0.8], [0.0, 0.0, 0.0, 1.0]], [2, null, null, null], [0, 2, [0.08980985833923401, -0.27784924923700527, 0.7250017881393432], [0.0, 0.0, 0.0, 1.0]], [2, null, null, null]], "scene_graph": {"left": [[6, 2], [5, 6], [4, 6]], "right": [[6, 5], [2, 6], [6, 4]], "front": [[4, 5], [3, 6]], "behind": [[6, 3], [5, 4]], "on": [], "under": [], "leftbehind": [[4, 3]], "leftfront": [[3, 2]], "rightbehind": [[2, 3]], "rightfront": [[3, 4]]}}