{"objects": {"6": ["cup", "medium"], "5": ["can_drink", "medium"], "4": ["marker", "medium"], "3": ["glue", "medium"], "2": ["stapler", "medium"]}, "action_order": [[0, 6, [0.17120004245916487, 0.011226232292404251, 0.7250017881393432], [0.0, 0.0, 0.0, 1.0]], [2, null, null, null], [0, 5, [0.025259022657909566, -0.008419674219303189, 0.7250017881393432], [0.0, 0.0, 0.0, 1.0]], [2, null, null, null], [0, 4, [0.1908459489708723, -0.2918820396025105, 0.7250017881393432], [0.0, 0.0, 0.0, 1.0]], [2, null, null, null], [0, 3, [0.016839348438606377, -0.29468859767561156, 0.7250017881393432], [0.0, 0.0, 0.0, 1.0]], [2, null, null, null], [0, 2, [0.17681315860536695, 0.2918820396025105, 0.7250017881393432], [0.0, 0.0, 0.0, 1.0]], [2, null, null, null]], "scene_graph": {"left": [[6, 4], [5, 3], [2, 6]], "right": [[6, 2], [4, 6], [3, 5]], "front": [[5, 6], [3, 4]], "behind": [[6, 5], [4, 3]], "on": [], "under": [], "leftbehind": [[2, 5], [6, 3]], "leftfront": [[5, 4]], "rightbehind": [[4, 5]], "rightfront": [[5, 2], [3, 6]]}}