{"objects": {"2": ["cup", "medium"], "3": ["can_drink", "medium"], "4": ["marker", "medium"], "5": ["stapler", "medium"], "6": ["glue", "medium"]}, "action_order": [[0, 2, [0.11787543907024464, -0.17681315860536698, 0.7250017881393432], [0.0, 0.0, 0.0, 1.0]], [0, 3, [0.14594101980125526, -0.008419674219303189, 0.7250017881393432], [0.0, 0.0, 0.0, 1.0]], [2, null, null, null], [1, 3, [0.11549500991322692, -0.00872079031201729, 0.8], [0.0, 0.0, 0.0, 1.0]], [2, null, null, null], [0, 4, [0.12068199714334571, 0.12910167136264888, 0.7250017881393432], [0.0, 0.0, 0.0, 1.0]], [2, null, null, null], [0, 5, [-0.016839348438606377, -0.19645906511707442, 0.7250017881393432], [0.0, 0.0, 0.0, 1.0]], [2, null, null, null], [0, 6, [-0.01964590651170744, -0.014032790365505313, 0.7250017881393432], [0.0, 0.0, 0.0, 1.0]], [2, null, null, null], [1, 4, [0.09052390199539072, 0.1298248636338141, 0.7842628375744846], [0.0, 0.0, 0.0, 1.0]], [1, 4, [0.06052390199539072, 0.1298248636338141, 0.8], [0.0, 0.0, 0.0, 1.0]], [1, 4, [0.03052390199539072, 0.1298248636338141, 0.8], [0.0, 0.0, 0.0, 1.0]], [1, 4, [0.0005239019953907215, 0.1298248636338141, 0.8], [0.0, 0.0, 0.0, 1.0]], [2, null, null, null], [1, 4, [-0.029375819530853012, 0.12003848396189412, 0.7845302083088714], [0.0, 0.0, 0.0, 1.0]], [1, 4, [-0.05937581953085301, 0.12003848396189412, 0.8], [0.0, 0.0, 0.0, 1.0]], [2, null, null, null]], "scene_graph": {"left": [[3, 2], [4, 6], [6, 5]], "right": [[2, 3], [5, 6], [6, 4]], "front": [[5, 2], [6, 3]], "behind": [[2, 5], [3, 6]], "on": [], "under": [], "leftbehind": [[3, 5]], "leftfront": [[4, 3], [6, 2]], "rightbehind": [[2, 6], [3, 4]], "rightfront": [[5, 3]]}}