{"objects": {"6": ["cup", "medium"], "5": ["can_drink", "medium"], "4": ["marker", "medium"], "3": ["stapler", "medium"], "2": ["glue", "medium"]}, "action_order": [[0, 6, [0.14594101980125526, 0.08980985833923401, 0.7250017881393432], [0.0, 0.0, 0.0, 1.0]], [0, 5, [0.03929181302341488, 0.08419674219303189, 0.7250017881393432], [0.0, 0.0, 0.0, 1.0]], [0, 4, [0.12348855521644676, -0.04771148724271807, 0.7250017881393432], [0.0, 0.0, 0.0, 1.0]], [0, 3, [0.0533246033889202, -0.17120004245916481, 0.7250017881393432], [0.0, 0.0, 0.0, 1.0]], [0, 2, [0.17961971667846802, -0.1908459489708723, 0.7250017881393432], [0.0, 0.0, 0.0, 1.0]], [2, null, null, null]], "scene_graph": {"left": [[6, 4], [5, 4], [4, 3], [4, 2]], "right": [[4, 6], [4, 5], [3, 4], [2, 4]], "front": [[5, 6], [3, 2]], "behind": [[6, 5], [2, 3]], "on": [], "under": [], "leftbehind": [[6, 3]], "leftfront": [], "rightbehind": [], "rightfront": [[3, 6]]}}