{"objects": {"6": ["cup", "medium"], "5": ["can_drink", "medium"], "4": ["marker", "medium"], "3": ["stapler", "medium"], "2": ["glue", "medium"]}, "action_order": [[0, 6, [0.11787543907024464, -0.17681315860536698, 0.7250017881393432], [0.0, 0.0, 0.0, 1.0]], [0, 5, [0.14594101980125526, -0.008419674219303189, 0.7250017881393432], [0.0, 0.0, 0.0, 1.0]], [2, null, null, null], [1, 5, [0.11549500991322692, -0.00872079031201729, 0.8], [0.0, 0.0, 0.0, 1.0]], [2, null, null, null], [0, 4, [0.12068199714334571, 0.12910167136264888, 0.7250017881393432], [0.0, 0.0, 0.0, 1.0]], [2, null, null, null], [0, 3, [-0.016839348438606377, -0.19645906511707442, 0.7250017881393432], [0.0, 0.0, 0.0, 1.0]], [2, null, null, null], [0, 2, [-0.01964590651170744, -0.014032790365505313, 0.7250017881393432], [0.0, 0.0, 0.0, 1.0]], [2, null, null, null]], "scene_graph": {"left": [[5, 6], [4, 5], [2, 3]], "right": [[6, 5], [5, 4], [3, 2]], "front": [[3, 6], [2, 5]], "behind": [[6, 3], [5, 2]], "on": [], "under": [], "leftbehind": [[4, 2], [5, 3]], "leftfront": [[2, 6]], "rightbehind": [[6, 2]], "rightfront": [[3, 5], [2, 4]]}}