{"objects": {"2": ["can_drink", "medium"], "3": ["cup", "medium"], "4": ["marker", "medium"], "5": ["glue", "medium"], "6": ["stapler", "medium"]}, "action_order": [[0, 2, [0.0, 0.025259022657909563, 0.7250017881393432], [0.0, 0.0, 0.0, 1.0]], [0, 3, [0.16278036823986167, 0.022452464584808502, 0.7250017881393432], [0.0, 0.0, 0.0, 1.0]], [1, 3, [0.16278036823986167, 0.0524524645848085, 0.8], [0.0, 0.0, 0.0, 1.0]], [2, null, null, null], [0, 4, [0.08700330026613295, -0.1122623229240425, 0.7250017881393432], [0.0, 0.0, 0.0, 1.0]], [0, 5, [0.08980985833923401, -0.24136399428669142, 0.7250017881393432], [0.0, 0.0, 0.0, 1.0]], [2, null, null, null], [1, 5, [0.09578192906955993, -0.21392355449246767, 0.8], [0.0, 0.0, 0.0, 1.0]], [1, 5, [0.09578192906955993, -0.18392355449246767, 0.8], [0.0, 0.0, 0.0, 1.0]], [2, null, null, null], [2, null, null, null], [1, 4, [0.11705985278912193, -0.1140194410476097, 0.7830138271542785], [0.0, 0.0, 0.0, 1.0]], [1, 4, [0.14705985278912193, -0.1140194410476097, 0.8], [0.0, 0.0, 0.0, 1.0]], [2, null, null, null], [0, 6, [-0.0028065580731010628, -0.10664920677784039, 0.7250017881393432], [0.0, 0.0, 0.0, 1.0]], [2, null, null, null]], "scene_graph": {"left": [[2, 6], [3, 4], [4, 5]], "right": [[4, 3], [5, 4], [6, 2]], "front": [[2, 3], [6, 4], [6, 5]], "behind": [[3, 2], [4, 6], [5, 6]], "on": [], "under": [], "leftbehind": [[3, 6]], "leftfront": [[2, 4]], "rightbehind": [[4, 2]], "rightfront": [[6, 3]]}}