{"objects": {"6": ["can_drink", "medium"], "5": ["cup", "medium"], "4": ["marker", "medium"], "3": ["glue", "medium"], "2": ["stapler", "medium"]}, "action_order": [[0, 6, [0.0, 0.025259022657909563, 0.7250017881393432], [0.0, 0.0, 0.0, 1.0]], [0, 5, [0.16278036823986167, 0.022452464584808502, 0.7250017881393432], [0.0, 0.0, 0.0, 1.0]], [1, 5, [0.16278036823986167, 0.0524524645848085, 0.8], [0.0, 0.0, 0.0, 1.0]], [2, null, null, null], [0, 4, [0.08700330026613295, -0.1122623229240425, 0.7250017881393432], [0.0, 0.0, 0.0, 1.0]], [0, 3, [0.08980985833923401, -0.24136399428669142, 0.7250017881393432], [0.0, 0.0, 0.0, 1.0]], [0, 2, [0.10945576485094145, -0.37607878179554244, 0.7250017881393432], [0.0, 0.0, 0.0, 1.0]], [2, null, null, null], [1, 3, [0.09578192906955993, -0.21392355449246767, 0.8], [0.0, 0.0, 0.0, 1.0]], [1, 3, [0.09578192906955993, -0.18392355449246767, 0.8], [0.0, 0.0, 0.0, 1.0]], [2, null, null, null], [1, 2, [0.10890474570999097, -0.34581658359080114, 0.7866394766049978], [0.0, 0.0, 0.0, 1.0]], [1, 2, [0.10890474570999097, -0.3158165835908011, 0.8], [0.0, 0.0, 0.0, 1.0]], [1, 2, [0.07890474570999097, -0.3158165835908011, 0.8], [0.0, 0.0, 0.0, 1.0]], [2, null, null, null]], "scene_graph": {"left": [[6, 4], [5, 4], [4, 3], [3, 2]], "right": [[4, 5], [4, 6], [3, 4], [2, 3]], "front": [[6, 5]], "behind": [[5, 6]], "on": [], "under": [], "leftbehind": [[5, 2]], "leftfront": [[6, 3]], "rightbehind": [[3, 6]], "rightfront": [[2, 5]]}}