{"objects": {"3": ["cup", "medium"], "2": ["can_drink", "medium"], "4": ["marker", "medium"], "5": ["glue", "medium"], "6": ["stapler", "medium"]}, "action_order": [[0, 3, [0.12629511328954784, -0.2020721812632765, 0.7250017881393432], [0.0, 0.0, 0.0, 1.0]], [1, 3, [0.12629511328954784, -0.2020721812632765, 0.8], [0.0, 0.0, 0.25881904510252074, 0.9659258262890683]], [1, 3, [0.12629511328954784, -0.2020721812632765, 0.8], [0.0, 0.0, 0.25881904510252074, 0.9659258262890683]], [1, 3, [0.12629511328954784, -0.2020721812632765, 0.8], [0.0, 0.0, 0.25881904510252074, 0.9659258262890683]], [1, 3, [0.12629511328954784, -0.2020721812632765, 0.8], [0.0, 0.0, 0.25881904510252074, 0.9659258262890683]], [1, 3, [0.12629511328954784, -0.2020721812632765, 0.8], [0.0, 0.0, 0.25881904510252074, 0.9659258262890683]], [1, 3, [0.12629511328954784, -0.2020721812632765, 0.8], [0.0, 0.0, 0.25881904510252074, 0.9659258262890683]], [2, null, null, null], [0, 2, [-0.028065580731010627, -0.1908459489708723, 0.7250017881393432], [0.0, 0.0, 0.0, 1.0]], [2, null, null, null], [0, 4, [0.13190822943574995, -0.039291813023414876, 0.7250017881393432], [0.0, 0.0, 0.0, 1.0]], [2, null, null, null], [0, 5, [0.13471478750885102, 0.08139018411993082, 0.7250017881393432], [0.0, 0.0, 0.0, 1.0]], [2, null, null, null], [0, 6, [0.15436069402055846, 0.2048787393363776, 0.7250017881393432], [0.0, 0.0, 0.0, 1.0]], [2, null, null, null]], "scene_graph": {"left": [[4, 3], [5, 4], [6, 5]], "right": [[3, 4], [4, 5], [5, 6]], "front": [[2, 3]], "behind": [[3, 2]], "on": [], "under": [], "leftbehind": [[4, 2], [5, 2]], "leftfront": [], "rightbehind": [], "rightfront": [[2, 4], [2, 5]]}}