{"objects": {"2": ["marker", "medium"], "5": ["glue", "medium"], "4": ["stapler", "medium"], "3": ["cup", "medium"], "6": ["can_drink", "medium"]}, "action_order": [[2, null, null, null], [2, null, null, null], [2, null, null, null], [2, null, null, null], [2, null, null, null], [2, null, null, null], [2, null, null, null], [2, null, null, null], [2, null, null, null], [2, null, null, null], [2, null, null, null], [0, 2, [-0.016839348438606377, -0.019645906511707438, 0.7250017881393432], [0.0, 0.0, 0.0, 1.0]], [2, null, null, null], [0, 5, [-0.014032790365505313, 0.21329841355568077, 0.7250017881393432], [0.0, 0.0, 0.0, 1.0]], [2, null, null, null], [2, null, null, null], [2, null, null, null], [2, null, null, null], [0, 4, [-0.016839348438606377, -0.2385574362135904, 0.7250017881393432], [0.0, 0.0, 0.0, 1.0]], [2, null, null, null], [0, 3, [0.24697711043289353, 0.11787543907024464, 0.7250017881393432], [0.0, 0.0, 0.0, 1.0]], [2, null, null, null], [0, 6, [-0.2048787393363776, 0.12068199714334571, 0.7250017881393432], [0.0, 0.0, 0.0, 1.0]], [2, null, null, null]], "scene_graph": {"left": [[2, 4], [5, 2]], "right": [[4, 2], [2, 5]], "front": [[5, 3]], "behind": [[3, 5]], "on": [], "under": [], "leftbehind": [[5, 6], [3, 2]], "leftfront": [[6, 2]], "rightbehind": [[2, 6]], "rightfront": [[2, 3], [6, 5]]}}