{"objects": {"6": ["cup", "medium"], "5": ["can_drink", "medium"], "4": ["marker", "medium"], "3": ["stapler", "medium"], "2": ["glue", "medium"]}, "action_order": [[0, 6, [0.12629511328954784, -0.2020721812632765, 0.7250017881393432], [0.0, 0.0, 0.0, 1.0]], [1, 6, [0.12629511328954784, -0.2020721812632765, 0.8], [0.0, 0.0, 0.25881904510252074, 0.9659258262890683]], [1, 6, [0.12629511328954784, -0.2020721812632765, 0.8], [0.0, 0.0, 0.25881904510252074, 0.9659258262890683]], [1, 6, [0.12629511328954784, -0.2020721812632765, 0.8], [0.0, 0.0, 0.25881904510252074, 0.9659258262890683]], [1, 6, [0.12629511328954784, -0.2020721812632765, 0.8], [0.0, 0.0, 0.25881904510252074, 0.9659258262890683]], [1, 6, [0.12629511328954784, -0.2020721812632765, 0.8], [0.0, 0.0, 0.25881904510252074, 0.9659258262890683]], [1, 6, [0.12629511328954784, -0.2020721812632765, 0.8], [0.0, 0.0, 0.25881904510252074, 0.9659258262890683]], [2, null, null, null], [0, 5, [-0.028065580731010627, -0.1908459489708723, 0.7250017881393432], [0.0, 0.0, 0.0, 1.0]], [2, null, null, null], [0, 4, [0.13190822943574995, -0.039291813023414876, 0.7250017881393432], [0.0, 0.0, 0.0, 1.0]], [2, null, null, null], [0, 3, [-0.033678696877212755, -0.036485254950313815, 0.7250017881393432], [0.0, 0.0, 0.0, 1.0]], [0, 2, [0.13471478750885102, 0.08139018411993082, 0.7250017881393432], [0.0, 0.0, 0.0, 1.0]], [2, null, null, null]], "scene_graph": {"left": [[4, 6], [3, 5], [2, 4]], "right": [[6, 4], [5, 3], [4, 2]], "front": [[5, 6], [3, 4]], "behind": [[6, 5], [4, 3]], "on": [], "under": [], "leftbehind": [[2, 3], [4, 5]], "leftfront": [[3, 6]], "rightbehind": [[6, 3]], "rightfront": [[5, 4], [3, 2]]}}