{"objects": {"5": ["can_drink", "medium"], "6": ["cup", "medium"], "4": ["marker", "medium"], "3": ["stapler", "medium"], "2": ["glue", "medium"]}, "action_order": [[0, 5, [0.0, 0.025259022657909563, 0.7250017881393432], [0.0, 0.0, 0.0, 1.0]], [0, 6, [0.16278036823986167, 0.022452464584808502, 0.7250017881393432], [0.0, 0.0, 0.0, 1.0]], [1, 6, [0.16278036823986167, 0.0524524645848085, 0.8], [0.0, 0.0, 0.0, 1.0]], [2, null, null, null], [0, 4, [0.08700330026613295, -0.1122623229240425, 0.7250017881393432], [0.0, 0.0, 0.0, 1.0]], [2, null, null, null], [2, null, null, null], [2, null, null, null], [1, 4, [0.11705985278912193, -0.1140194410476097, 0.7830138271542785], [0.0, 0.0, 0.0, 1.0]], [1, 4, [0.14705985278912193, -0.1140194410476097, 0.8], [0.0, 0.0, 0.0, 1.0]], [2, null, null, null], [0, 3, [-0.0028065580731010628, -0.10664920677784039, 0.7250017881393432], [0.0, 0.0, 0.0, 1.0]], [2, null, null, null], [0, 2, [0.0, -0.2497836685059946, 0.7250017881393432], [0.0, 0.0, 0.0, 1.0]], [2, null, null, null]], "scene_graph": {"left": [[5, 3], [6, 4], [3, 2]], "right": [[4, 6], [3, 5], [2, 3]], "front": [[5, 6], [3, 4]], "behind": [[6, 5], [4, 3]], "on": [], "under": [], "leftbehind": [[6, 3], [4, 2]], "leftfront": [[5, 4]], "rightbehind": [[4, 5]], "rightfront": [[2, 4], [3, 6]]}}