{"objects": {"2": ["cup", "medium"], "5": ["marker", "medium"], "3": ["glue", "medium"], "4": ["can_drink", "medium"], "6": ["stapler", "medium"]}, "action_order": [[0, 2, [0.17120004245916487, 0.011226232292404251, 0.7250017881393432], [0.0, 0.0, 0.0, 1.0]], [2, null, null, null], [2, null, null, null], [0, 5, [0.1908459489708723, -0.2918820396025105, 0.7250017881393432], [0.0, 0.0, 0.0, 1.0]], [2, null, null, null], [0, 3, [0.016839348438606377, -0.29468859767561156, 0.7250017881393432], [0.0, 0.0, 0.0, 1.0]], [2, null, null, null], [2, null, null, null], [0, 4, [0.1908459489708723, 0.2553967846521967, 0.7250017881393432], [0.0, 0.0, 0.0, 1.0]], [2, null, null, null], [0, 6, [0.01964590651170744, -0.008419674219303189, 0.7250017881393432], [0.0, 0.0, 0.0, 1.0]], [2, null, null, null]], "scene_graph": {"left": [[2, 5], [4, 2], [6, 3]], "right": [[2, 4], [5, 2], [3, 6]], "front": [[3, 5], [6, 2]], "behind": [[2, 6], [5, 3]], "on": [], "under": [], "leftbehind": [[4, 6], [2, 3]], "leftfront": [[6, 5]], "rightbehind": [[5, 6]], "rightfront": [[3, 2], [6, 4]]}}