{"objects": {"6": ["can_drink", "medium"], "2": ["glue", "medium"], "7": ["stapler", "medium"], "3": ["cup", "medium"], "5": ["scissors", "medium"], "4": ["marker", "medium"]}, "action_order": [[2, null, null, null], [2, null, null, null], [2, null, null, null], [2, null, null, null], [2, null, null, null], [2, null, null, null], [2, null, null, null], [0, 6, [-0.014032790365505313, -0.22733120392118614, 0.7250017881393432], [0.0, 0.0, 0.0, 1.0]], [2, null, null, null], [0, 2, [-0.0056131161462021255, 0.21329841355568077, 0.7250017881393432], [0.0, 0.0, 0.0, 1.0]], [0, 7, [0.22733120392118608, 0.22733120392118614, 0.7250017881393432], [0.0, 0.0, 0.0, 1.0]], [2, null, null, null], [0, 3, [-0.011226232292404251, -0.011226232292404251, 0.7250017881393432], [0.0, 0.0, 0.0, 1.0]], [2, null, null, null], [0, 5, [0.22733120392118608, -0.14594101980125526, 0.7250017881393432], [0.0, 0.0, 0.0, 1.0]], [1, 5, [0.22733120392118608, -0.14594101980125526, 0.8], [0.0, 0.0, 0.25881904510252074, 0.9659258262890683]], [1, 5, [0.22733120392118608, -0.14594101980125526, 0.8], [0.0, 0.0, 0.25881904510252074, 0.9659258262890683]], [1, 5, [0.22733120392118608, -0.14594101980125526, 0.8], [0.0, 0.0, 0.25881904510252074, 0.9659258262890683]], [1, 5, [0.22733120392118608, -0.14594101980125526, 0.8], [0.0, 0.0, 0.25881904510252074, 0.9659258262890683]], [2, null, null, null], [2, null, null, null], [1, 7, [0.22715198631812974, 0.19718629304221125, 0.7866417048245054], [0.0, 0.0, 0.0, 1.0]], [1, 7, [0.22715198631812974, 0.16718629304221125, 0.8], [0.0, 0.0, 0.0, 1.0]], [1, 7, [0.22715198631812974, 0.13718629304221125, 0.8], [0.0, 0.0, 0.0, 1.0]], [1, 7, [0.22715198631812974, 0.10718629304221125, 0.8], [0.0, 0.0, 0.0, 1.0]], [1, 7, [0.22715198631812974, 0.07718629304221125, 0.8], [0.0, 0.0, 0.0, 1.0]], [1, 7, [0.22715198631812974, 0.04718629304221125, 0.8], [0.0, 0.0, 0.0, 1.0]], [1, 7, [0.19715198631812975, 0.04718629304221125, 0.8], [0.0, 0.0, 0.0, 1.0]], [2, null, null, null], [0, 4, [0.1740066005322659, -0.4518558497692712, 0.7250017881393432], [0.0, 0.0, 0.0, 1.0]], [2, null, null, null]], "scene_graph": {"left": [[2, 3], [7, 5], [3, 6], [5, 4]], "right": [[6, 3], [3, 2], [5, 7], [4, 5]], "front": [[6, 5], [3, 7], [3, 5]], "behind": [[7, 3], [5, 3], [5, 6]], "on": [], "under": [], "leftbehind": [], "leftfront": [[6, 4], [2, 7]], "rightbehind": [[7, 2], [4, 6]], "rightfront": []}}