{"objects": {"2": ["can_drink", "medium"], "5": ["cup", "medium"], "3": ["marker", "medium"], "4": ["glue", "medium"], "6": ["scissors", "medium"], "7": ["stapler", "medium"]}, "action_order": [[0, 2, [-0.014032790365505313, -0.17961971667846802, 0.7250017881393432], [0.0, 0.0, 0.0, 1.0]], [0, 5, [-0.014032790365505313, -0.0056131161462021255, 0.7250017881393432], [0.0, 0.0, 0.0, 1.0]], [2, null, null, null], [0, 3, [0.2189115297018829, -0.19645906511707442, 0.7250017881393432], [0.0, 0.0, 0.0, 1.0]], [0, 4, [0.23013776199428715, -0.10664920677784039, 0.7250017881393432], [0.0, 0.0, 0.0, 1.0]], [1, 4, [0.23013776199428715, -0.07664920677784039, 0.8], [0.0, 0.0, 0.0, 1.0]], [1, 4, [0.20013776199428715, -0.07664920677784039, 0.8], [0.0, 0.0, 0.0, 1.0]], [2, null, null, null], [0, 6, [0.23013776199428715, -0.3087213880411169, 0.7250017881393432], [0.0, 0.0, 0.0, 1.0]], [2, null, null, null], [0, 7, [0.20207218126327653, 0.050518045315819125, 0.7250017881393432], [0.0, 0.0, 0.0, 1.0]], [2, null, null, null]], "scene_graph": {"left": [[5, 2], [3, 6], [4, 3], [7, 4]], "right": [[2, 5], [3, 4], [4, 7], [6, 3]], "front": [[2, 3], [5, 7], [5, 4]], "behind": [[3, 2], [4, 5], [7, 5]], "on": [], "under": [], "leftbehind": [], "leftfront": [[2, 6]], "rightbehind": [[6, 2]], "rightfront": []}}