{"objects": {"6": ["can_drink", "medium"], "7": ["cup", "medium"], "5": ["marker", "medium"], "4": ["stapler", "medium"], "3": ["glue", "medium"], "2": ["scissors", "medium"]}, "action_order": [[0, 6, [-0.0028065580731010628, -0.34520664299143067, 0.7250017881393432], [0.0, 0.0, 0.0, 1.0]], [0, 7, [0.15716725209365953, -0.3844984560148456, 0.7250017881393432], [0.0, 0.0, 0.0, 1.0]], [1, 7, [0.15716725209365953, -0.35449845601484564, 0.8], [0.0, 0.0, 0.0, 1.0]], [1, 7, [0.15716725209365953, -0.3244984560148456, 0.8], [0.0, 0.0, 0.0, 1.0]], [2, null, null, null], [1, 7, [0.15703387212909384, -0.3398175218965933, 0.8], [0.0, 0.0, 0.0, 1.0]], [2, null, null, null], [0, 5, [0.1655869263129627, -0.2076852974094787, 0.7250017881393432], [0.0, 0.0, 0.0, 1.0]], [0, 4, [0.1908459489708723, -0.14874757787435636, 0.7250017881393432], [0.0, 0.0, 0.0, 1.0]], [1, 4, [0.1908459489708723, -0.11874757787435636, 0.8], [0.0, 0.0, 0.0, 1.0]], [1, 4, [0.1908459489708723, -0.08874757787435636, 0.8], [0.0, 0.0, 0.0, 1.0]], [2, null, null, null], [2, null, null, null], [2, null, null, null], [2, null, null, null], [0, 3, [-0.008419674219303189, -0.2048787393363776, 0.7250017881393432], [0.0, 0.0, 0.0, 1.0]], [0, 2, [0.022452464584808502, -0.08700330026613295, 0.7250017881393432], [0.0, 0.0, 0.0, 1.0]], [2, null, null, null]], "scene_graph": {"left": [[5, 7], [4, 5], [3, 6], [2, 3], [2, 5]], "right": [[6, 3], [7, 5], [5, 4], [3, 2], [5, 2]], "front": [[6, 7], [3, 5], [2, 4]], "behind": [[7, 6], [5, 3], [4, 2]], "on": [], "under": [], "leftbehind": [[5, 6]], "leftfront": [], "rightbehind": [], "rightfront": [[6, 5]]}}