{"objects": {"6": ["cup", "medium"], "2": ["can_drink", "medium"], "7": ["marker", "medium"], "3": ["glue", "medium"], "5": ["stapler", "medium"], "4": ["scissors", "medium"]}, "action_order": [[2, null, null, null], [2, null, null, null], [2, null, null, null], [0, 6, [0.1740066005322659, -0.17961971667846802, 0.7250017881393432], [0.0, 0.0, 0.0, 1.0]], [2, null, null, null], [2, null, null, null], [2, null, null, null], [2, null, null, null], [0, 2, [-0.014032790365505313, -0.22733120392118614, 0.7250017881393432], [0.0, 0.0, 0.0, 1.0]], [2, null, null, null], [0, 7, [-0.21049185548257973, 0.18803939089777122, 0.7250017881393432], [0.0, 0.0, 0.0, 1.0]], [0, 3, [-0.0056131161462021255, 0.21329841355568077, 0.7250017881393432], [0.0, 0.0, 0.0, 1.0]], [0, 5, [0.22733120392118608, 0.22733120392118614, 0.7250017881393432], [0.0, 0.0, 0.0, 1.0]], [0, 4, [0.1066492067778404, 0.5023738950850902, 0.7250017881393432], [0.0, 0.0, 0.0, 1.0]], [2, null, null, null]], "scene_graph": {"left": [[5, 6], [4, 3]], "right": [[6, 5], [3, 4]], "front": [[2, 6], [7, 3], [3, 5]], "behind": [[6, 2], [3, 7], [5, 3]], "on": [], "under": [], "leftbehind": [], "leftfront": [[4, 5]], "rightbehind": [[5, 4]], "rightfront": []}}