{"objects": {"7": ["cup", "medium"], "6": ["can_drink", "medium"], "5": ["stapler", "medium"], "4": ["marker", "medium"], "3": ["glue", "medium"], "2": ["scissors", "medium"]}, "action_order": [[0, 7, [0.16839348438606377, 0.18803939089777122, 0.7250017881393432], [0.0, 0.0, 0.0, 1.0]], [0, 6, [0.19645906511707442, -0.16839348438606377, 0.7250017881393432], [0.0, 0.0, 0.0, 1.0]], [2, null, null, null], [1, 6, [0.16650712126045264, -0.16898326046460038, 0.8], [0.0, 0.0, 0.0, 1.0]], [2, null, null, null], [0, 5, [-0.09542297448543614, -0.26662301694460094, 0.7250017881393432], [0.0, 0.0, 0.0, 1.0]], [0, 4, [-0.09542297448543614, -0.07016395182752658, 0.7250017881393432], [0.0, 0.0, 0.0, 1.0]], [0, 3, [-0.10945576485094145, 0.10945576485094147, 0.7250017881393432], [0.0, 0.0, 0.0, 1.0]], [0, 2, [-0.1066492067778404, 0.33678696877212755, 0.7250017881393432], [0.0, 0.0, 0.0, 1.0]], [2, null, null, null]], "scene_graph": {"left": [[7, 6], [4, 5], [3, 4], [2, 3]], "right": [[6, 7], [5, 4], [4, 3], [3, 2]], "front": [[3, 7]], "behind": [[7, 3]], "on": [], "under": [], "leftbehind": [[6, 5]], "leftfront": [[4, 6], [2, 7]], "rightbehind": [[7, 2], [6, 4]], "rightfront": [[5, 6]]}}