{"objects": {"5": ["can_drink", "medium"], "7": ["glue", "medium"], "4": ["cup", "medium"], "3": ["marker", "medium"], "2": ["scissors", "medium"], "6": ["stapler", "medium"]}, "action_order": [[2, null, null, null], [2, null, null, null], [2, null, null, null], [2, null, null, null], [2, null, null, null], [2, null, null, null], [2, null, null, null], [0, 5, [-0.014032790365505313, -0.22733120392118614, 0.7250017881393432], [0.0, 0.0, 0.0, 1.0]], [2, null, null, null], [0, 7, [-0.0056131161462021255, 0.21329841355568077, 0.7250017881393432], [0.0, 0.0, 0.0, 1.0]], [2, null, null, null], [0, 4, [-0.011226232292404251, -0.011226232292404251, 0.7250017881393432], [0.0, 0.0, 0.0, 1.0]], [2, null, null, null], [2, null, null, null], [2, null, null, null], [2, null, null, null], [2, null, null, null], [0, 3, [-0.014032790365505313, -0.4153705948189574, 0.7250017881393432], [0.0, 0.0, 0.0, 1.0]], [2, null, null, null], [0, 2, [-0.0028065580731010628, 0.3985312463803509, 0.7250017881393432], [0.0, 0.0, 0.0, 1.0]], [2, null, null, null], [0, 6, [-0.17681315860536695, 0.12629511328954784, 0.7250017881393432], [0.0, 0.0, 0.0, 1.0]], [2, null, null, null]], "scene_graph": {"left": [[5, 3], [7, 4], [4, 5], [2, 7]], "right": [[5, 4], [7, 2], [4, 7], [3, 5]], "front": [[6, 7], [6, 4]], "behind": [[7, 6], [4, 6]], "on": [], "under": [], "leftbehind": [[2, 6]], "leftfront": [[6, 5]], "rightbehind": [[5, 6]], "rightfront": [[6, 2]]}}