{"objects": {"4": ["can_drink", "medium"], "6": ["marker", "medium"], "5": ["glue", "medium"], "3": ["stapler", "medium"], "7": ["cup", "medium"], "2": ["scissors", "medium"]}, "action_order": [[2, null, null, null], [2, null, null, null], [2, null, null, null], [2, null, null, null], [2, null, null, null], [2, null, null, null], [2, null, null, null], [0, 4, [-0.014032790365505313, -0.22733120392118614, 0.7250017881393432], [0.0, 0.0, 0.0, 1.0]], [2, null, null, null], [0, 6, [-0.21049185548257973, 0.18803939089777122, 0.7250017881393432], [0.0, 0.0, 0.0, 1.0]], [0, 5, [-0.0056131161462021255, 0.21329841355568077, 0.7250017881393432], [0.0, 0.0, 0.0, 1.0]], [0, 3, [0.22733120392118608, 0.22733120392118614, 0.7250017881393432], [0.0, 0.0, 0.0, 1.0]], [2, null, null, null], [0, 7, [-0.011226232292404251, -0.011226232292404251, 0.7250017881393432], [0.0, 0.0, 0.0, 1.0]], [2, null, null, null], [0, 2, [0.22733120392118608, -0.14594101980125526, 0.7250017881393432], [0.0, 0.0, 0.0, 1.0]], [1, 2, [0.22733120392118608, -0.14594101980125526, 0.8], [0.0, 0.0, 0.25881904510252074, 0.9659258262890683]], [1, 2, [0.22733120392118608, -0.14594101980125526, 0.8], [0.0, 0.0, 0.25881904510252074, 0.9659258262890683]], [1, 2, [0.22733120392118608, -0.14594101980125526, 0.8], [0.0, 0.0, 0.25881904510252074, 0.9659258262890683]], [1, 2, [0.22733120392118608, -0.14594101980125526, 0.8], [0.0, 0.0, 0.25881904510252074, 0.9659258262890683]], [2, null, null, null], [2, null, null, null]], "scene_graph": {"left": [[5, 7], [3, 2], [7, 4]], "right": [[4, 7], [7, 5], [2, 3]], "front": [[4, 2], [6, 5], [5, 3], [7, 2]], "behind": [[5, 6], [3, 5], [2, 7], [2, 4]], "on": [], "under": [], "leftbehind": [[3, 7]], "leftfront": [[6, 7]], "rightbehind": [[7, 6]], "rightfront": [[7, 3]]}}