{"objects": {"7": ["can_drink", "medium"], "6": ["cup", "medium"], "5": ["stapler", "medium"], "4": ["marker", "medium"], "3": ["glue", "medium"], "2": ["scissors", "medium"]}, "action_order": [[0, 7, [-0.014032790365505313, -0.17961971667846802, 0.7250017881393432], [0.0, 0.0, 0.0, 1.0]], [0, 6, [-0.014032790365505313, -0.0056131161462021255, 0.7250017881393432], [0.0, 0.0, 0.0, 1.0]], [2, null, null, null], [0, 5, [0.19365250704397335, -0.31152794611421797, 0.7250017881393432], [0.0, 0.0, 0.0, 1.0]], [0, 4, [0.2189115297018829, -0.19645906511707442, 0.7250017881393432], [0.0, 0.0, 0.0, 1.0]], [0, 3, [0.23013776199428715, -0.10664920677784039, 0.7250017881393432], [0.0, 0.0, 0.0, 1.0]], [0, 2, [0.23575087814048928, 0.044904929169617004, 0.7250017881393432], [0.0, 0.0, 0.0, 1.0]], [1, 3, [0.23013776199428715, -0.07664920677784039, 0.8], [0.0, 0.0, 0.0, 1.0]], [1, 3, [0.20013776199428715, -0.07664920677784039, 0.8], [0.0, 0.0, 0.0, 1.0]], [2, null, null, null]], "scene_graph": {"left": [[6, 7], [4, 5], [3, 4], [2, 3]], "right": [[7, 6], [5, 4], [4, 3], [3, 2]], "front": [[7, 4], [6, 2], [6, 3]], "behind": [[4, 7], [3, 6], [2, 6]], "on": [], "under": [], "leftbehind": [], "leftfront": [[7, 5]], "rightbehind": [[5, 7]], "rightfront": []}}