{"objects": {"4": ["marker", "medium"], "6": ["stapler", "medium"], "7": ["cup", "medium"], "3": ["can_drink", "medium"], "5": ["glue", "medium"], "2": ["scissors", "medium"]}, "action_order": [[2, null, null, null], [2, null, null, null], [0, 4, [0.1655869263129627, -0.2076852974094787, 0.7250017881393432], [0.0, 0.0, 0.0, 1.0]], [0, 6, [0.1908459489708723, -0.14874757787435636, 0.7250017881393432], [0.0, 0.0, 0.0, 1.0]], [1, 6, [0.1908459489708723, -0.11874757787435636, 0.8], [0.0, 0.0, 0.0, 1.0]], [1, 6, [0.1908459489708723, -0.08874757787435636, 0.8], [0.0, 0.0, 0.0, 1.0]], [2, null, null, null], [2, null, null, null], [2, null, null, null], [2, null, null, null], [2, null, null, null], [0, 7, [0.18523283282467015, 0.08139018411993082, 0.7250017881393432], [0.0, 0.0, 0.0, 1.0]], [2, null, null, null], [0, 3, [0.011226232292404251, 0.07016395182752658, 0.7250017881393432], [0.0, 0.0, 0.0, 1.0]], [2, null, null, null], [0, 5, [0.17681315860536695, -0.2806558073101063, 0.7250017881393432], [0.0, 0.0, 0.0, 1.0]], [2, null, null, null], [0, 2, [0.18523283282467015, -0.4153705948189574, 0.7250017881393432], [0.0, 0.0, 0.0, 1.0]], [2, null, null, null]], "scene_graph": {"left": [[4, 5], [6, 4], [7, 6], [5, 2]], "right": [[4, 6], [6, 7], [5, 4], [2, 5]], "front": [[3, 7]], "behind": [[7, 3]], "on": [], "under": [], "leftbehind": [], "leftfront": [[3, 6], [3, 4]], "rightbehind": [[6, 3], [4, 3]], "rightfront": []}}