{"objects": {"7": ["can_drink", "medium"], "6": ["cup", "medium"], "5": ["marker", "medium"], "4": ["stapler", "medium"], "3": ["glue", "medium"], "2": ["scissors", "medium"]}, "action_order": [[0, 7, [-0.0028065580731010628, -0.34520664299143067, 0.7250017881393432], [0.0, 0.0, 0.0, 1.0]], [0, 6, [0.15716725209365953, -0.3844984560148456, 0.7250017881393432], [0.0, 0.0, 0.0, 1.0]], [1, 6, [0.15716725209365953, -0.35449845601484564, 0.8], [0.0, 0.0, 0.0, 1.0]], [1, 6, [0.15716725209365953, -0.3244984560148456, 0.8], [0.0, 0.0, 0.0, 1.0]], [2, null, null, null], [1, 6, [0.15703387212909384, -0.3398175218965933, 0.8], [0.0, 0.0, 0.0, 1.0]], [2, null, null, null], [0, 5, [0.1655869263129627, -0.2076852974094787, 0.7250017881393432], [0.0, 0.0, 0.0, 1.0]], [0, 4, [0.1908459489708723, -0.14874757787435636, 0.7250017881393432], [0.0, 0.0, 0.0, 1.0]], [1, 4, [0.1908459489708723, -0.11874757787435636, 0.8], [0.0, 0.0, 0.0, 1.0]], [1, 4, [0.1908459489708723, -0.08874757787435636, 0.8], [0.0, 0.0, 0.0, 1.0]], [2, null, null, null], [0, 3, [0.18523283282467015, 0.033678696877212755, 0.7250017881393432], [0.0, 0.0, 0.0, 1.0]], [0, 2, [0.19645906511707442, 0.16558692631296268, 0.7250017881393432], [0.0, 0.0, 0.0, 1.0]], [2, null, null, null], [1, 2, [0.19645907454377842, 0.165587092522578, 0.7768180638924056], [0.0, 0.0, 0.25881904510252074, 0.9659258262890683]], [2, null, null, null]], "scene_graph": {"left": [[5, 6], [4, 5], [3, 4], [2, 3]], "right": [[6, 5], [5, 4], [4, 3], [3, 2]], "front": [[7, 6]], "behind": [[6, 7]], "on": [], "under": [], "leftbehind": [[5, 7], [4, 7]], "leftfront": [], "rightbehind": [], "rightfront": [[7, 5], [7, 4]]}}