{"objects": {"2": ["marker", "medium"], "5": ["stapler", "medium"], "4": ["scissors", "medium"], "3": ["cup", "medium"], "7": ["can_drink", "medium"], "6": ["glue", "medium"]}, "action_order": [[2, null, null, null], [2, null, null, null], [0, 2, [0.1655869263129627, -0.2076852974094787, 0.7250017881393432], [0.0, 0.0, 0.0, 1.0]], [0, 5, [0.1908459489708723, -0.14874757787435636, 0.7250017881393432], [0.0, 0.0, 0.0, 1.0]], [1, 5, [0.1908459489708723, -0.11874757787435636, 0.8], [0.0, 0.0, 0.0, 1.0]], [1, 5, [0.1908459489708723, -0.08874757787435636, 0.8], [0.0, 0.0, 0.0, 1.0]], [2, null, null, null], [2, null, null, null], [2, null, null, null], [2, null, null, null], [0, 4, [0.022452464584808502, -0.08700330026613295, 0.7250017881393432], [0.0, 0.0, 0.0, 1.0]], [2, null, null, null], [0, 3, [0.18523283282467015, 0.08139018411993082, 0.7250017881393432], [0.0, 0.0, 0.0, 1.0]], [2, null, null, null], [0, 7, [0.011226232292404251, 0.07016395182752658, 0.7250017881393432], [0.0, 0.0, 0.0, 1.0]], [2, null, null, null], [0, 6, [0.17681315860536695, -0.2806558073101063, 0.7250017881393432], [0.0, 0.0, 0.0, 1.0]], [1, 4, [0.02245247387247186, -0.08700332823663405, 0.7768278704055321], [0.0, 0.0, 0.25881904510252074, 0.9659258262890683]], [1, 4, [0.02245247387247186, -0.08700332823663405, 0.8], [0.0, 0.0, 0.25881904510252074, 0.9659258262890683]], [1, 4, [0.02245247387247186, -0.08700332823663405, 0.8], [0.0, 0.0, 0.25881904510252074, 0.9659258262890683]], [1, 4, [0.02245247387247186, -0.08700332823663405, 0.8], [0.0, 0.0, 0.25881904510252074, 0.9659258262890683]], [2, null, null, null]], "scene_graph": {"left": [[2, 6], [5, 2], [3, 5], [3, 4], [7, 4]], "right": [[2, 5], [5, 3], [4, 7], [6, 2], [4, 3]], "front": [[4, 6], [7, 3]], "behind": [[3, 7], [6, 4]], "on": [], "under": [], "leftbehind": [], "leftfront": [[4, 2], [7, 5]], "rightbehind": [[2, 4], [5, 7]], "rightfront": []}}