{"objects": {"7": ["stapler", "medium"], "6": ["marker", "medium"], "2": ["glue", "medium"], "3": ["scissors", "medium"], "4": ["cup", "medium"], "5": ["can_drink", "medium"]}, "action_order": [[2, null, null, null], [2, null, null, null], [0, 7, [-0.09542297448543614, -0.26662301694460094, 0.7250017881393432], [0.0, 0.0, 0.0, 1.0]], [0, 6, [-0.09542297448543614, -0.07016395182752658, 0.7250017881393432], [0.0, 0.0, 0.0, 1.0]], [0, 2, [-0.10945576485094145, 0.10945576485094147, 0.7250017881393432], [0.0, 0.0, 0.0, 1.0]], [0, 3, [-0.1066492067778404, 0.33678696877212755, 0.7250017881393432], [0.0, 0.0, 0.0, 1.0]], [2, null, null, null], [0, 4, [0.1740066005322659, -0.17961971667846802, 0.7250017881393432], [0.0, 0.0, 0.0, 1.0]], [0, 5, [0.2048787393363776, 0.16278036823986164, 0.7250017881393432], [0.0, 0.0, 0.0, 1.0]], [2, null, null, null]], "scene_graph": {"left": [[6, 7], [2, 6], [3, 2], [5, 4]], "right": [[7, 6], [6, 2], [2, 3], [4, 5]], "front": [[7, 4], [2, 5]], "behind": [[4, 7], [5, 2]], "on": [], "under": [], "leftbehind": [], "leftfront": [[6, 4], [3, 5]], "rightbehind": [[4, 6], [5, 3]], "rightfront": []}}