{"objects": {"6": ["cup", "medium"], "5": ["can_drink", "medium"], "4": ["can_drink", "medium"], "3": ["stapler", "medium"], "2": ["scissors", "medium"]}, "action_order": [[0, 6, [0.12068199714334571, -0.033678696877212755, 0.7250017881393432], [0.0, 0.0, 0.0, 1.0]], [0, 5, [0.008419674219303189, -0.2525902265790957, 0.7250017881393432], [0.0, 0.0, 0.0, 1.0]], [0, 4, [0.007323664593307884, -0.21970993779923653, 0.8389024496078491], [0.0, 0.0, 0.0, 1.0]], [1, 4, [0.03732366459330788, -0.21970993779923653, 0.8], [0.0, 0.0, 0.0, 1.0]], [1, 4, [0.06732366459330788, -0.21970993779923653, 0.8], [0.0, 0.0, 0.0, 1.0]], [1, 4, [0.09732366459330788, -0.21970993779923653, 0.8], [0.0, 0.0, 0.0, 1.0]], [1, 4, [0.12732366459330788, -0.21970993779923653, 0.8], [0.0, 0.0, 0.0, 1.0]], [1, 4, [0.15732366459330788, -0.21970993779923653, 0.8], [0.0, 0.0, 0.0, 1.0]], [2, null, null, null], [1, 4, [0.15716635260841982, -0.24986055606983432, 0.8], [0.0, 0.0, 0.0, 1.0]], [2, null, null, null], [1, 6, [0.1195597273359781, -0.062051694743082406, 0.8], [0.0, 0.0, 0.0, 1.0]], [2, null, null, null], [1, 4, [0.1271635657851192, -0.24986286088712464, 0.8], [0.0, 0.0, 0.0, 1.0]], [2, null, null, null], [0, 3, [0.14313446172815422, 0.12348855521644676, 0.7250017881393432], [0.0, 0.0, 0.0, 1.0]], [0, 2, [0.014032790365505313, 0.12068199714334571, 0.7250017881393432], [0.0, 0.0, 0.0, 1.0]], [2, null, null, null]], "scene_graph": {"left": [[6, 4], [3, 6], [2, 6]], "right": [[6, 3], [6, 2], [4, 6]], "front": [[5, 4], [2, 3]], "behind": [[4, 5], [3, 2]], "on": [], "under": [], "leftbehind": [[6, 5]], "leftfront": [], "rightbehind": [], "rightfront": [[5, 6]]}}