{"objects": {"6": ["cup", "medium"], "5": ["can_drink", "medium"], "4": ["can_drink", "medium"], "3": ["scissors", "medium"], "2": ["stapler", "medium"]}, "action_order": [[0, 6, [0.1515541359474574, 0.17961971667846802, 0.7250017881393432], [0.0, 0.0, 0.0, 1.0]], [0, 5, [0.08419674219303189, 0.06735739375442551, 0.7250017881393432], [0.0, 0.0, 0.0, 1.0]], [0, 4, [0.0669025362468946, 0.05352202899751568, 0.9047284483909607], [0.0, 0.0, 0.0, 1.0]], [1, 4, [0.0969025362468946, 0.05352202899751568, 0.8], [0.0, 0.0, 0.0, 1.0]], [1, 4, [0.1269025362468946, 0.05352202899751568, 0.8], [0.0, 0.0, 0.0, 1.0]], [1, 4, [0.1569025362468946, 0.05352202899751568, 0.8], [0.0, 0.0, 0.0, 1.0]], [1, 4, [0.1869025362468946, 0.05352202899751568, 0.8], [0.0, 0.0, 0.0, 1.0]], [1, 4, [0.2169025362468946, 0.05352202899751568, 0.8], [0.0, 0.0, 0.0, 1.0]], [1, 4, [0.2469025362468946, 0.05352202899751568, 0.8], [0.0, 0.0, 0.0, 1.0]], [1, 4, [0.2169025362468946, 0.05352202899751568, 0.8], [0.0, 0.0, 0.0, 1.0]], [2, null, null, null], [0, 3, [0.19365250704397335, -0.21049185548257973, 0.7250017881393432], [0.0, 0.0, 0.0, 1.0]], [0, 2, [0.1908459489708723, -0.08139018411993082, 0.7250017881393432], [0.0, 0.0, 0.0, 1.0]], [2, null, null, null], [1, 2, [0.16084453495913248, -0.08140179118409405, 0.7866123486584397], [0.0, 0.0, 0.0, 1.0]], [1, 2, [0.13084453495913248, -0.08140179118409405, 0.8], [0.0, 0.0, 0.0, 1.0]], [2, null, null, null], [1, 2, [0.10154221130032881, -0.08073180408092674, 0.7865187659022146], [0.0, 0.0, 0.0, 1.0]], [1, 2, [0.07154221130032881, -0.08073180408092674, 0.8], [0.0, 0.0, 0.0, 1.0]], [2, null, null, null], [1, 2, [0.10017999649042508, -0.08125118278019672, 0.7864514686717659], [0.0, 0.0, 0.0, 1.0]], [2, null, null, null]], "scene_graph": {"left": [[6, 4], [6, 2], [5, 2], [2, 3], [4, 3]], "right": [[4, 6], [3, 2], [3, 4], [2, 5], [2, 6]], "front": [[5, 4]], "behind": [[4, 5]], "on": [], "under": [], "leftbehind": [[6, 5], [4, 2]], "leftfront": [], "rightbehind": [], "rightfront": [[5, 6], [2, 4]]}}