{"objects": {"2": ["stapler", "medium"], "3": ["can_drink", "medium"], "4": ["can_drink", "medium"], "5": ["cup", "medium"], "6": ["scissors", "medium"]}, "action_order": [[2, null, null, null], [2, null, null, null], [2, null, null, null], [2, null, null, null], [0, 2, [0.12910167136264888, 0.19926562319017546, 0.7250017881393432], [0.0, 0.0, 0.0, 1.0]], [2, null, null, null], [2, null, null, null], [0, 3, [-0.06455083568132444, -0.27223613309080313, 0.7250017881393432], [0.0, 0.0, 0.0, 1.0]], [0, 4, [-0.08419674219303189, 0.221718087774984, 0.7250017881393432], [0.0, 0.0, 0.0, 1.0]], [2, null, null, null], [2, null, null, null], [0, 5, [-0.05613116146202125, -0.016839348438606377, 0.7250017881393432], [0.0, 0.0, 0.0, 1.0]], [2, null, null, null], [0, 6, [0.13471478750885102, -0.1740066005322659, 0.7250017881393432], [0.0, 0.0, 0.0, 1.0]], [1, 6, [0.13471478750885102, -0.1740066005322659, 0.8], [0.0, 0.0, 0.25881904510252074, 0.9659258262890683]], [1, 6, [0.13471478750885102, -0.1740066005322659, 0.8], [0.0, 0.0, 0.25881904510252074, 0.9659258262890683]], [1, 6, [0.13471478750885102, -0.1740066005322659, 0.8], [0.0, 0.0, 0.25881904510252074, 0.9659258262890683]], [1, 6, [0.13471478750885102, -0.1740066005322659, 0.8], [0.0, 0.0, 0.25881904510252074, 0.9659258262890683]], [1, 6, [0.13471478750885102, -0.1440066005322659, 0.8], [0.0, 0.0, 0.0, 1.0]], [1, 6, [0.13471478750885102, -0.11400660053226591, 0.8], [0.0, 0.0, 0.0, 1.0]], [1, 6, [0.13471478750885102, -0.11400660053226591, 0.8], [0.0, 0.0, 0.0, 1.0]], [2, null, null, null]], "scene_graph": {"left": [[2, 6], [4, 5], [5, 3]], "right": [[3, 5], [5, 4], [6, 2]], "front": [[3, 6], [4, 2], [5, 6]], "behind": [[2, 4], [6, 5], [6, 3]], "on": [], "under": [], "leftbehind": [[2, 5]], "leftfront": [], "rightbehind": [], "rightfront": [[5, 2]]}}