{"objects": {"3": ["cup", "medium"], "2": ["can_drink", "medium"], "4": ["can_drink", "medium"], "5": ["stapler", "medium"], "6": ["scissors", "medium"]}, "action_order": [[0, 3, [0.1515541359474574, 0.17961971667846802, 0.7250017881393432], [0.0, 0.0, 0.0, 1.0]], [0, 2, [0.08419674219303189, 0.06735739375442551, 0.7250017881393432], [0.0, 0.0, 0.0, 1.0]], [0, 4, [0.0669025362468946, 0.05352202899751568, 0.9047284483909607], [0.0, 0.0, 0.0, 1.0]], [1, 4, [0.0969025362468946, 0.05352202899751568, 0.8], [0.0, 0.0, 0.0, 1.0]], [1, 4, [0.1269025362468946, 0.05352202899751568, 0.8], [0.0, 0.0, 0.0, 1.0]], [1, 4, [0.1569025362468946, 0.05352202899751568, 0.8], [0.0, 0.0, 0.0, 1.0]], [1, 4, [0.1869025362468946, 0.05352202899751568, 0.8], [0.0, 0.0, 0.0, 1.0]], [1, 4, [0.2169025362468946, 0.05352202899751568, 0.8], [0.0, 0.0, 0.0, 1.0]], [1, 4, [0.2469025362468946, 0.05352202899751568, 0.8], [0.0, 0.0, 0.0, 1.0]], [1, 4, [0.2169025362468946, 0.05352202899751568, 0.8], [0.0, 0.0, 0.0, 1.0]], [2, null, null, null], [0, 5, [0.1908459489708723, -0.08139018411993082, 0.7250017881393432], [0.0, 0.0, 0.0, 1.0]], [2, null, null, null], [1, 5, [0.16084453495913248, -0.08140179118409405, 0.7866123486584397], [0.0, 0.0, 0.0, 1.0]], [1, 5, [0.13084453495913248, -0.08140179118409405, 0.8], [0.0, 0.0, 0.0, 1.0]], [2, null, null, null], [1, 5, [0.10154221130032881, -0.08073180408092674, 0.7865187659022146], [0.0, 0.0, 0.0, 1.0]], [1, 5, [0.07154221130032881, -0.08073180408092674, 0.8], [0.0, 0.0, 0.0, 1.0]], [2, null, null, null], [1, 5, [0.10017999649042508, -0.08125118278019672, 0.7864514686717659], [0.0, 0.0, 0.0, 1.0]], [2, null, null, null], [0, 6, [0.24136399428669142, -0.08139018411993082, 0.7250017881393432], [0.0, 0.0, 0.0, 1.0]], [1, 6, [0.24136399428669142, -0.08139018411993082, 0.8], [0.0, 0.0, 0.25881904510252074, 0.9659258262890683]], [1, 6, [0.24136399428669142, -0.08139018411993082, 0.8], [0.0, 0.0, 0.25881904510252074, 0.9659258262890683]], [1, 6, [0.24136399428669142, -0.08139018411993082, 0.8], [0.0, 0.0, 0.25881904510252074, 0.9659258262890683]], [1, 6, [0.24136399428669142, -0.08139018411993082, 0.8], [0.0, 0.0, 0.25881904510252074, 0.9659258262890683]], [2, null, null, null], [1, 2, [0.0839510457742541, 0.037281097102045385, 0.8], [0.0, 0.0, 0.0, 1.0]], [2, null, null, null], [1, 2, [0.08395117541182782, 0.06728086227516232, 0.8], [0.0, 0.0, 0.0, 1.0]], [2, null, null, null]], "scene_graph": {"left": [[3, 2], [3, 4], [2, 5], [4, 6]], "right": [[2, 3], [4, 3], [5, 2], [6, 4]], "front": [[2, 4], [5, 6]], "behind": [[4, 2], [6, 5]], "on": [], "under": [], "leftbehind": [[4, 5]], "leftfront": [[2, 6]], "rightbehind": [[6, 2]], "rightfront": [[5, 4]]}}