{"objects": {"2": ["cup", "medium"], "3": ["can_drink", "medium"], "4": ["can_drink", "medium"], "5": ["scissors", "medium"], "6": ["stapler", "medium"]}, "action_order": [[0, 2, [0.16839348438606377, -0.06174427760822338, 0.7250017881393432], [0.0, 0.0, 0.0, 1.0]], [0, 3, [0.19645906511707442, -0.21329841355568077, 0.7250017881393432], [0.0, 0.0, 0.0, 1.0]], [0, 4, [0.21610497162878184, 0.09542297448543614, 0.7250017881393432], [0.0, 0.0, 0.0, 1.0]], [1, 2, [0.19839348438606377, -0.06174427760822338, 0.8], [0.0, 0.0, 0.0, 1.0]], [2, null, null, null], [2, null, null, null], [0, 5, [0.05051804531581913, -0.21891152970188293, 0.7250017881393432], [0.0, 0.0, 0.0, 1.0]], [0, 6, [0.06174427760822338, 0.10384264870473935, 0.7250017881393432], [0.0, 0.0, 0.0, 1.0]], [2, null, null, null]], "scene_graph": {"left": [[2, 3], [4, 2], [6, 5]], "right": [[2, 4], [3, 2], [5, 6]], "front": [[5, 3], [6, 4]], "behind": [[3, 5], [4, 6]], "on": [], "under": [], "leftbehind": [[2, 5]], "leftfront": [[6, 2]], "rightbehind": [[2, 6]], "rightfront": [[5, 2]]}}