{"objects": {"3": ["can_drink", "medium"], "5": ["can_drink", "medium"], "2": ["cup", "medium"], "4": ["scissors", "medium"], "6": ["stapler", "medium"]}, "action_order": [[2, null, null, null], [2, null, null, null], [2, null, null, null], [0, 3, [0.07858362604682977, -0.16839348438606377, 0.7250017881393432], [0.0, 0.0, 0.0, 1.0]], [0, 5, [0.08980985833923401, 0.028065580731010627, 0.7250017881393432], [0.0, 0.0, 0.0, 1.0]], [1, 3, [0.07858362604682977, -0.13839348438606378, 0.8], [0.0, 0.0, 0.0, 1.0]], [1, 3, [0.10858362604682976, -0.13839348438606378, 0.8], [0.0, 0.0, 0.0, 1.0]], [1, 3, [0.07858362604682977, -0.13839348438606378, 0.8], [0.0, 0.0, 0.0, 1.0]], [2, null, null, null], [0, 2, [0.08419674219303189, 0.18523283282467015, 0.7250017881393432], [0.0, 0.0, 0.0, 1.0]], [2, null, null, null], [1, 5, [0.08964988225143422, -0.002086922141334248, 0.8], [0.0, 0.0, 0.0, 1.0]], [2, null, null, null], [0, 4, [0.24697711043289353, -0.09542297448543614, 0.7250017881393432], [0.0, 0.0, 0.0, 1.0]], [1, 4, [0.24697711043289353, -0.09542297448543614, 0.8], [0.0, 0.0, 0.25881904510252074, 0.9659258262890683]], [1, 4, [0.24697711043289353, -0.09542297448543614, 0.8], [0.0, 0.0, 0.25881904510252074, 0.9659258262890683]], [1, 4, [0.24697711043289353, -0.09542297448543614, 0.8], [0.0, 0.0, 0.25881904510252074, 0.9659258262890683]], [1, 4, [0.24697711043289353, -0.09542297448543614, 0.8], [0.0, 0.0, 0.25881904510252074, 0.9659258262890683]], [1, 4, [0.21697711043289353, -0.09542297448543614, 0.8], [0.0, 0.0, 0.0, 1.0]], [2, null, null, null], [1, 4, [0.24697713449187744, -0.09542300676322141, 0.7768070658346644], [0.0, 0.0, 0.0, 1.0]], [2, null, null, null], [0, 6, [0.224524645848085, 0.07858362604682975, 0.7250017881393432], [0.0, 0.0, 0.0, 1.0]], [2, null, null, null]], "scene_graph": {"left": [[5, 3], [2, 5], [6, 4]], "right": [[3, 5], [4, 6], [5, 2]], "front": [[3, 4], [5, 4], [5, 6], [2, 6]], "behind": [[4, 5], [4, 3], [6, 5], [6, 2]], "on": [], "under": [], "leftbehind": [[6, 3]], "leftfront": [[2, 4]], "rightbehind": [[4, 2]], "rightfront": [[3, 6]]}}