{"objects": {"4": ["can_drink", "medium"], "6": ["can_drink", "medium"], "5": ["scissors", "medium"], "2": ["cup", "medium"], "3": ["stapler", "medium"]}, "action_order": [[2, null, null, null], [2, null, null, null], [2, null, null, null], [2, null, null, null], [2, null, null, null], [2, null, null, null], [0, 4, [-0.08419674219303189, 0.221718087774984, 0.7250017881393432], [0.0, 0.0, 0.0, 1.0]], [2, null, null, null], [2, null, null, null], [2, null, null, null], [2, null, null, null], [0, 6, [0.10384264870473932, 0.23294432006738827, 0.7250017881393432], [0.0, 0.0, 0.0, 1.0]], [2, null, null, null], [0, 5, [0.05893771953512232, -0.23294432006738827, 0.7250017881393432], [0.0, 0.0, 0.0, 1.0]], [2, null, null, null], [2, null, null, null], [1, 5, [0.05893764930814697, -0.26294441892860354, 0.7768270729998071], [0.0, 0.0, 0.0, 1.0]], [1, 5, [0.05893764930814697, -0.29294441892860357, 0.8], [0.0, 0.0, 0.0, 1.0]], [2, null, null, null], [0, 2, [0.016839348438606377, -0.039291813023414876, 0.7250017881393432], [0.0, 0.0, 0.0, 1.0]], [2, null, null, null], [0, 3, [0.033678696877212755, 0.47150175628097857, 0.7250017881393432], [0.0, 0.0, 0.0, 1.0]], [2, null, null, null], [2, null, null, null], [2, null, null, null]], "scene_graph": {"left": [[4, 2], [6, 2], [2, 5]], "right": [[5, 2], [2, 4], [2, 6]], "front": [[4, 6]], "behind": [[6, 4]], "on": [], "under": [], "leftbehind": [[3, 4]], "leftfront": [[3, 6]], "rightbehind": [[6, 3]], "rightfront": [[4, 3]]}}