{"objects": {"3": ["can_drink", "medium"], "6": ["cup", "medium"], "2": ["can_drink", "medium"], "5": ["scissors", "medium"], "4": ["stapler", "medium"]}, "action_order": [[2, null, null, null], [2, null, null, null], [2, null, null, null], [2, null, null, null], [2, null, null, null], [2, null, null, null], [0, 3, [-0.08419674219303189, 0.221718087774984, 0.7250017881393432], [0.0, 0.0, 0.0, 1.0]], [2, null, null, null], [2, null, null, null], [0, 6, [-0.05613116146202125, -0.016839348438606377, 0.7250017881393432], [0.0, 0.0, 0.0, 1.0]], [2, null, null, null], [2, null, null, null], [0, 2, [0.10384264870473932, 0.23294432006738827, 0.7250017881393432], [0.0, 0.0, 0.0, 1.0]], [2, null, null, null], [0, 5, [0.05893771953512232, -0.23294432006738827, 0.7250017881393432], [0.0, 0.0, 0.0, 1.0]], [0, 4, [0.14874757787435636, -0.014032790365505313, 0.7250017881393432], [0.0, 0.0, 0.0, 1.0]], [2, null, null, null], [2, null, null, null]], "scene_graph": {"left": [[3, 6], [6, 5], [2, 4], [4, 5]], "right": [[6, 3], [5, 6], [5, 4], [4, 2]], "front": [[3, 2], [6, 4]], "behind": [[2, 3], [4, 6]], "on": [], "under": [], "leftbehind": [[2, 6]], "leftfront": [[3, 4]], "rightbehind": [[4, 3]], "rightfront": [[6, 2]]}}