{"objects": {"6": ["cup", "medium"], "5": ["can_drink", "medium"], "4": ["can_drink", "medium"], "3": ["stapler", "medium"], "2": ["scissors", "medium"]}, "action_order": [[0, 6, [0.2132984135556808, -0.0028065580731010628, 0.7250017881393432], [0.0, 0.0, 0.0, 1.0]], [0, 5, [0.022452464584808502, -0.022452464584808502, 0.7250017881393432], [0.0, 0.0, 0.0, 1.0]], [0, 4, [-0.19926562319017546, -0.019645906511707438, 0.7250017881393432], [0.0, 0.0, 0.0, 1.0]], [2, null, null, null], [0, 3, [0.1655869263129627, -0.28346236538320735, 0.7250017881393432], [0.0, 0.0, 0.0, 1.0]], [1, 3, [0.1655869263129627, -0.28346236538320735, 0.8], [0.0, 0.0, 0.25881904510252074, 0.9659258262890683]], [1, 3, [0.1655869263129627, -0.28346236538320735, 0.8], [0.0, 0.0, 0.25881904510252074, 0.9659258262890683]], [1, 3, [0.1655869263129627, -0.28346236538320735, 0.8], [0.0, 0.0, 0.25881904510252074, 0.9659258262890683]], [2, null, null, null], [0, 2, [0.15716725209365953, 0.2553967846521967, 0.7250017881393432], [0.0, 0.0, 0.0, 1.0]], [2, null, null, null]], "scene_graph": {"left": [[6, 3], [2, 6], [2, 5]], "right": [[6, 2], [3, 6], [5, 2]], "front": [[5, 6], [4, 5]], "behind": [[6, 5], [5, 4]], "on": [], "under": [], "leftbehind": [], "leftfront": [[5, 3]], "rightbehind": [[3, 5]], "rightfront": []}}