{"objects": {"3": ["cup", "medium"], "2": ["scissors", "medium"], "6": ["stapler", "medium"], "5": ["can_drink", "medium"], "4": ["can_drink", "medium"]}, "action_order": [[2, null, null, null], [0, 3, [0.11506888099714357, -0.042098371096515944, 0.7250017881393432], [0.0, 0.0, 0.0, 1.0]], [2, null, null, null], [2, null, null, null], [2, null, null, null], [0, 2, [-0.06174427760822338, -0.05332460338892019, 0.7250017881393432], [0.0, 0.0, 0.0, 1.0]], [1, 2, [-0.06174427760822338, -0.05332460338892019, 0.8], [0.0, 0.0, 0.25881904510252074, 0.9659258262890683]], [1, 2, [-0.06174427760822338, -0.05332460338892019, 0.8], [0.0, 0.0, 0.25881904510252074, 0.9659258262890683]], [1, 2, [-0.06174427760822338, -0.05332460338892019, 0.8], [0.0, 0.0, 0.25881904510252074, 0.9659258262890683]], [1, 2, [-0.06174427760822338, -0.05332460338892019, 0.8], [0.0, 0.0, 0.25881904510252074, 0.9659258262890683]], [1, 2, [-0.06174427760822338, -0.023324603388920194, 0.8], [0.0, 0.0, 0.0, 1.0]], [1, 2, [-0.06174427760822338, 0.006675396611079805, 0.8], [0.0, 0.0, 0.0, 1.0]], [1, 2, [-0.06174427760822338, 0.036675396611079804, 0.8], [0.0, 0.0, 0.0, 1.0]], [0, 6, [0.12910167136264888, 0.19926562319017546, 0.7250017881393432], [0.0, 0.0, 0.0, 1.0]], [2, null, null, null], [2, null, null, null], [0, 5, [-0.06455083568132444, -0.27223613309080313, 0.7250017881393432], [0.0, 0.0, 0.0, 1.0]], [0, 4, [-0.08419674219303189, 0.221718087774984, 0.7250017881393432], [0.0, 0.0, 0.0, 1.0]], [2, null, null, null], [2, null, null, null]], "scene_graph": {"left": [[2, 5], [6, 3], [4, 2]], "right": [[3, 6], [2, 4], [5, 2]], "front": [[2, 3], [4, 6]], "behind": [[3, 2], [6, 4]], "on": [], "under": [], "leftbehind": [[3, 5], [6, 2]], "leftfront": [[4, 3]], "rightbehind": [[3, 4]], "rightfront": [[5, 3], [2, 6]]}}