{"objects": {"6": ["cup", "medium"], "5": ["can_drink", "medium"], "4": ["can_drink", "medium"], "3": ["stapler", "medium"], "2": ["scissors", "medium"]}, "action_order": [[0, 6, [0.16839348438606377, -0.06174427760822338, 0.7250017881393432], [0.0, 0.0, 0.0, 1.0]], [0, 5, [0.19645906511707442, -0.21329841355568077, 0.7250017881393432], [0.0, 0.0, 0.0, 1.0]], [0, 4, [0.21610497162878184, 0.09542297448543614, 0.7250017881393432], [0.0, 0.0, 0.0, 1.0]], [1, 6, [0.19839348438606377, -0.06174427760822338, 0.8], [0.0, 0.0, 0.0, 1.0]], [2, null, null, null], [0, 3, [0.03929181302341488, -0.1375213455819521, 0.7250017881393432], [0.0, 0.0, 0.0, 1.0]], [0, 2, [0.044904929169617004, 0.050518045315819125, 0.7250017881393432], [0.0, 0.0, 0.0, 1.0]], [2, null, null, null]], "scene_graph": {"left": [[6, 5], [4, 6], [2, 3]], "right": [[6, 4], [5, 6], [3, 2]], "front": [[3, 6], [3, 5], [2, 4], [2, 6]], "behind": [[6, 3], [5, 3], [4, 2], [6, 2]], "on": [], "under": [], "leftbehind": [[4, 3]], "leftfront": [[2, 5]], "rightbehind": [[5, 2]], "rightfront": [[3, 4]]}}