{"objects": {"6": ["can_drink", "medium"], "5": ["can_drink", "medium"], "4": ["cup", "medium"], "3": ["scissors", "medium"], "2": ["stapler", "medium"]}, "action_order": [[0, 6, [0.022452464584808502, -0.28346236538320735, 0.7250017881393432], [0.0, 0.0, 0.0, 1.0]], [0, 5, [0.20768529740947864, -0.31152794611421797, 0.7250017881393432], [0.0, 0.0, 0.0, 1.0]], [1, 5, [0.20768529740947864, -0.28152794611421794, 0.8], [0.0, 0.0, 0.0, 1.0]], [2, null, null, null], [0, 4, [0.11506888099714357, -0.042098371096515944, 0.7250017881393432], [0.0, 0.0, 0.0, 1.0]], [2, null, null, null], [0, 3, [0.14032790365505315, 0.24697711043289353, 0.7250017881393432], [0.0, 0.0, 0.0, 1.0]], [2, null, null, null], [0, 2, [-0.05051804531581913, -0.039291813023414876, 0.7250017881393432], [0.0, 0.0, 0.0, 1.0]], [2, null, null, null]], "scene_graph": {"left": [[4, 5], [4, 6], [3, 4]], "right": [[6, 4], [5, 4], [4, 3]], "front": [[6, 5], [2, 4]], "behind": [[5, 6], [4, 2]], "on": [], "under": [], "leftbehind": [[3, 2]], "leftfront": [[2, 6], [2, 5]], "rightbehind": [[6, 2], [5, 2]], "rightfront": [[2, 3]]}}