{"objects": {"4": ["can_drink", "medium"], "6": ["stapler", "medium"], "2": ["scissors", "medium"], "3": ["can_drink", "medium"], "5": ["cup", "medium"]}, "action_order": [[0, 4, [0.022452464584808502, -0.022452464584808502, 0.7250017881393432], [0.0, 0.0, 0.0, 1.0]], [2, null, null, null], [0, 6, [0.1655869263129627, -0.28346236538320735, 0.7250017881393432], [0.0, 0.0, 0.0, 1.0]], [1, 6, [0.1655869263129627, -0.28346236538320735, 0.8], [0.0, 0.0, 0.25881904510252074, 0.9659258262890683]], [1, 6, [0.1655869263129627, -0.28346236538320735, 0.8], [0.0, 0.0, 0.25881904510252074, 0.9659258262890683]], [1, 6, [0.1655869263129627, -0.28346236538320735, 0.8], [0.0, 0.0, 0.25881904510252074, 0.9659258262890683]], [2, null, null, null], [2, null, null, null], [0, 2, [0.16839348438606377, -0.5023738950850902, 0.7250017881393432], [0.0, 0.0, 0.0, 1.0]], [2, null, null, null], [0, 3, [0.22171808777498397, -0.025259022657909563, 0.7250017881393432], [0.0, 0.0, 0.0, 1.0]], [0, 5, [0.2497836685059946, 0.21610497162878187, 0.7250017881393432], [0.0, 0.0, 0.0, 1.0]], [2, null, null, null], [1, 5, [0.21978420847666344, 0.21610566671158044, 0.8], [0.0, 0.0, 0.0, 1.0]], [2, null, null, null]], "scene_graph": {"left": [[6, 2], [3, 6], [5, 3]], "right": [[6, 3], [2, 6], [3, 5]], "front": [[4, 3]], "behind": [[3, 4]], "on": [], "under": [], "leftbehind": [[5, 4]], "leftfront": [[4, 6]], "rightbehind": [[6, 4]], "rightfront": [[4, 5]]}}