{"objects": {"2": ["can_drink", "medium"], "3": ["can_drink", "medium"], "4": ["cup", "medium"], "5": ["scissors", "medium"], "6": ["stapler", "medium"]}, "action_order": [[0, 2, [0.022452464584808502, -0.28346236538320735, 0.7250017881393432], [0.0, 0.0, 0.0, 1.0]], [0, 3, [0.20768529740947864, -0.31152794611421797, 0.7250017881393432], [0.0, 0.0, 0.0, 1.0]], [1, 3, [0.20768529740947864, -0.28152794611421794, 0.8], [0.0, 0.0, 0.0, 1.0]], [2, null, null, null], [0, 4, [0.11506888099714357, -0.042098371096515944, 0.7250017881393432], [0.0, 0.0, 0.0, 1.0]], [2, null, null, null], [2, null, null, null], [2, null, null, null], [0, 5, [-0.06174427760822338, -0.05332460338892019, 0.7250017881393432], [0.0, 0.0, 0.0, 1.0]], [1, 5, [-0.06174427760822338, -0.05332460338892019, 0.8], [0.0, 0.0, 0.25881904510252074, 0.9659258262890683]], [1, 5, [-0.06174427760822338, -0.05332460338892019, 0.8], [0.0, 0.0, 0.25881904510252074, 0.9659258262890683]], [1, 5, [-0.06174427760822338, -0.05332460338892019, 0.8], [0.0, 0.0, 0.25881904510252074, 0.9659258262890683]], [1, 5, [-0.06174427760822338, -0.05332460338892019, 0.8], [0.0, 0.0, 0.25881904510252074, 0.9659258262890683]], [1, 5, [-0.06174427760822338, -0.023324603388920194, 0.8], [0.0, 0.0, 0.0, 1.0]], [1, 5, [-0.06174427760822338, 0.006675396611079805, 0.8], [0.0, 0.0, 0.0, 1.0]], [1, 5, [-0.06174427760822338, 0.036675396611079804, 0.8], [0.0, 0.0, 0.0, 1.0]], [0, 6, [0.12910167136264888, 0.19926562319017546, 0.7250017881393432], [0.0, 0.0, 0.0, 1.0]], [2, null, null, null], [2, null, null, null]], "scene_graph": {"left": [[4, 3], [5, 2], [6, 4], [4, 2]], "right": [[2, 5], [2, 4], [3, 4], [4, 6]], "front": [[2, 3], [5, 4]], "behind": [[3, 2], [4, 5]], "on": [], "under": [], "leftbehind": [[6, 5]], "leftfront": [[5, 3]], "rightbehind": [[3, 5]], "rightfront": [[5, 6]]}}