{"objects": {"2": ["can_drink", "medium"], "4": ["marker", "medium"], "7": ["can_drink", "medium"], "6": ["cup", "medium"], "5": ["stapler", "medium"], "3": ["scissors", "medium"]}, "action_order": [[0, 2, [-0.15716725209365948, 0.14874757787435633, 0.7250017881393432], [0.0, 0.0, 0.0, 1.0]], [2, null, null, null], [2, null, null, null], [2, null, null, null], [2, null, null, null], [0, 4, [-0.2076852974094786, -0.05613116146202125, 0.7250017881393432], [0.0, 0.0, 0.0, 1.0]], [2, null, null, null], [2, null, null, null], [2, null, null, null], [2, null, null, null], [2, null, null, null], [0, 7, [-0.28346236538320735, 0.15436069402055844, 0.7250017881393432], [0.0, 0.0, 0.0, 1.0]], [2, null, null, null], [2, null, null, null], [0, 6, [-0.2189115297018829, 0.27504269116390406, 0.7250017881393432], [0.0, 0.0, 0.0, 1.0]], [2, null, null, null], [0, 5, [-0.22733120392118605, -0.23294432006738816, 0.7250017881393432], [0.0, 0.0, -0.7071067811865475, 0.7071067811865476]], [2, null, null, null], [2, null, null, null], [1, 4, [-0.20784144518370015, -0.08600322819715613, 0.7841552715938513], [0.0, 0.0, 0.0, 1.0]], [1, 4, [-0.20784144518370015, -0.11600322819715612, 0.8], [0.0, 0.0, 0.0, 1.0]], [1, 4, [-0.20784144518370015, -0.1460032281971561, 0.8], [0.0, 0.0, 0.0, 1.0]], [1, 4, [-0.20784144518370015, -0.1460032281971561, 0.8], [0.0, 0.0, 0.0, 1.0]], [0, 3, [-0.24136399428669136, -0.07297050990062763, 0.7250017881393432], [0.0, 0.0, 0.13052619222005157, 0.9914448613738104]], [2, null, null, null], [1, 3, [-0.2113639872292187, -0.07297063310842204, 0.7768172701017613], [0.0, 0.0, 0.0, 1.0]], [1, 3, [-0.1813639872292187, -0.07297063310842204, 0.8], [0.0, 0.0, 0.0, 1.0]], [2, null, null, null], [2, null, null, null]], "scene_graph": {"left": [[2, 3], [4, 5], [7, 3], [6, 7], [6, 2], [3, 4]], "right": [[2, 6], [4, 3], [7, 6], [5, 4], [3, 2], [3, 7]], "front": [[7, 2]], "behind": [[2, 7]], "on": [], "under": [], "leftbehind": [], "leftfront": [], "rightbehind": [], "rightfront": []}}