{"objects": {"3": ["can_drink", "medium"], "2": ["scissors", "medium"], "5": ["marker", "medium"], "6": ["can_drink", "medium"], "7": ["cup", "medium"], "4": ["stapler", "medium"]}, "action_order": [[0, 3, [-0.15716725209365948, 0.14874757787435633, 0.7250017881393432], [0.0, 0.0, 0.0, 1.0]], [2, null, null, null], [2, null, null, null], [2, null, null, null], [2, null, null, null], [0, 2, [-0.16278036823986164, -0.15716725209365948, 0.7250017881393432], [0.0, 0.0, 0.13052619222005157, 0.9914448613738104]], [0, 5, [-0.2076852974094786, -0.05613116146202125, 0.7250017881393432], [0.0, 0.0, 0.0, 1.0]], [2, null, null, null], [2, null, null, null], [2, null, null, null], [2, null, null, null], [2, null, null, null], [0, 6, [-0.28346236538320735, 0.15436069402055844, 0.7250017881393432], [0.0, 0.0, 0.0, 1.0]], [2, null, null, null], [2, null, null, null], [0, 7, [-0.2189115297018829, 0.27504269116390406, 0.7250017881393432], [0.0, 0.0, 0.0, 1.0]], [2, null, null, null], [0, 4, [-0.22733120392118605, -0.23294432006738816, 0.7250017881393432], [0.0, 0.0, -0.7071067811865475, 0.7071067811865476]], [2, null, null, null]], "scene_graph": {"left": [[3, 5], [2, 4], [5, 2], [6, 5], [7, 6], [7, 3]], "right": [[3, 7], [2, 5], [5, 3], [6, 7], [4, 2], [5, 6]], "front": [[6, 3]], "behind": [[3, 6]], "on": [], "under": [], "leftbehind": [], "leftfront": [], "rightbehind": [], "rightfront": []}}