{"objects": {"4": ["can_drink", "medium"], "7": ["scissors", "medium"], "6": ["marker", "medium"], "3": ["stapler", "medium"], "5": ["can_drink", "medium"], "2": ["cup", "medium"]}, "action_order": [[0, 4, [-0.15716725209365948, 0.14874757787435633, 0.7250017881393432], [0.0, 0.0, 0.0, 1.0]], [2, null, null, null], [2, null, null, null], [2, null, null, null], [2, null, null, null], [0, 7, [-0.16278036823986164, -0.15716725209365948, 0.7250017881393432], [0.0, 0.0, 0.13052619222005157, 0.9914448613738104]], [0, 6, [-0.2076852974094786, -0.05613116146202125, 0.7250017881393432], [0.0, 0.0, 0.0, 1.0]], [2, null, null, null], [2, null, null, null], [2, null, null, null], [2, null, null, null], [0, 3, [-0.22171808777498392, 0.005613116146202125, 0.7250017881393432], [0.0, 0.0, -0.7071067811865475, 0.7071067811865476]], [2, null, null, null], [0, 5, [-0.28346236538320735, 0.15436069402055844, 0.7250017881393432], [0.0, 0.0, 0.0, 1.0]], [2, null, null, null], [2, null, null, null], [0, 2, [-0.2189115297018829, 0.27504269116390406, 0.7250017881393432], [0.0, 0.0, 0.0, 1.0]], [2, null, null, null]], "scene_graph": {"left": [[4, 3], [6, 7], [3, 6], [5, 3], [2, 5], [2, 4]], "right": [[4, 2], [7, 6], [6, 3], [3, 5], [5, 2], [3, 4]], "front": [[5, 4]], "behind": [[4, 5]], "on": [], "under": [], "leftbehind": [], "leftfront": [], "rightbehind": [], "rightfront": []}}