{"objects": {"6": ["can_drink", "medium"], "3": ["marker", "medium"], "5": ["can_drink", "medium"], "7": ["stapler", "medium"], "4": ["scissors", "medium"], "2": ["cup", "medium"]}, "action_order": [[0, 6, [-0.15716725209365948, 0.14874757787435633, 0.7250017881393432], [0.0, 0.0, 0.0, 1.0]], [2, null, null, null], [2, null, null, null], [2, null, null, null], [2, null, null, null], [0, 3, [-0.2076852974094786, -0.05613116146202125, 0.7250017881393432], [0.0, 0.0, 0.0, 1.0]], [2, null, null, null], [2, null, null, null], [2, null, null, null], [2, null, null, null], [2, null, null, null], [0, 5, [-0.28346236538320735, 0.15436069402055844, 0.7250017881393432], [0.0, 0.0, 0.0, 1.0]], [2, null, null, null], [2, null, null, null], [2, null, null, null], [0, 7, [-0.22733120392118605, -0.23294432006738816, 0.7250017881393432], [0.0, 0.0, -0.7071067811865475, 0.7071067811865476]], [2, null, null, null], [2, null, null, null], [1, 3, [-0.20784144518370015, -0.08600322819715613, 0.7841552715938513], [0.0, 0.0, 0.0, 1.0]], [1, 3, [-0.20784144518370015, -0.11600322819715612, 0.8], [0.0, 0.0, 0.0, 1.0]], [1, 3, [-0.20784144518370015, -0.1460032281971561, 0.8], [0.0, 0.0, 0.0, 1.0]], [1, 3, [-0.20784144518370015, -0.1460032281971561, 0.8], [0.0, 0.0, 0.0, 1.0]], [0, 4, [-0.24136399428669136, -0.07297050990062763, 0.7250017881393432], [0.0, 0.0, 0.13052619222005157, 0.9914448613738104]], [2, null, null, null], [1, 4, [-0.2113639872292187, -0.07297063310842204, 0.7768172701017613], [0.0, 0.0, 0.0, 1.0]], [1, 4, [-0.1813639872292187, -0.07297063310842204, 0.8], [0.0, 0.0, 0.0, 1.0]], [2, null, null, null], [2, null, null, null], [0, 2, [-0.2385574362135903, 0.03367869687721275, 0.7250017881393432], [0.0, 0.0, 0.0, 1.0]], [2, null, null, null]], "scene_graph": {"left": [[6, 4], [3, 7], [5, 2], [4, 3], [2, 4]], "right": [[3, 4], [7, 3], [4, 2], [2, 5], [4, 6]], "front": [[5, 6]], "behind": [[6, 5]], "on": [], "under": [], "leftbehind": [[6, 2]], "leftfront": [], "rightbehind": [], "rightfront": [[2, 6]]}}