{"objects": {"2": ["can_drink", "medium"], "7": ["can_drink", "medium"], "5": ["scissors", "medium"], "3": ["marker", "medium"], "4": ["cup", "medium"], "6": ["stapler", "medium"]}, "action_order": [[0, 2, [-0.15716725209365948, 0.14874757787435633, 0.7250017881393432], [0.0, 0.0, 0.0, 1.0]], [0, 7, [-0.15436069402055844, 0.28907548152940943, 0.7250017881393432], [0.0, 0.0, 0.0, 1.0]], [2, null, null, null], [2, null, null, null], [2, null, null, null], [2, null, null, null], [0, 5, [-0.16278036823986164, -0.15716725209365948, 0.7250017881393432], [0.0, 0.0, 0.13052619222005157, 0.9914448613738104]], [0, 3, [-0.2076852974094786, -0.05613116146202125, 0.7250017881393432], [0.0, 0.0, 0.0, 1.0]], [2, null, null, null], [2, null, null, null], [0, 4, [-0.29188203960251047, 0.1431344617281542, 0.7250017881393432], [0.0, 0.0, 0.0, 1.0]], [2, null, null, null], [2, null, null, null], [0, 6, [-0.22171808777498392, 0.005613116146202125, 0.7250017881393432], [0.0, 0.0, -0.7071067811865475, 0.7071067811865476]], [2, null, null, null]], "scene_graph": {"left": [[2, 6], [7, 2], [3, 5], [4, 6], [6, 3]], "right": [[2, 7], [5, 3], [3, 6], [6, 4], [6, 2]], "front": [[4, 2]], "behind": [[2, 4]], "on": [], "under": [], "leftbehind": [[7, 4]], "leftfront": [], "rightbehind": [], "rightfront": [[4, 7]]}}