{"objects": {"7": ["can_drink", "medium"], "6": ["can_drink", "medium"], "5": ["cup", "medium"], "4": ["scissors", "medium"], "3": ["marker", "medium"], "2": ["stapler", "medium"]}, "action_order": [[0, 7, [-0.15716725209365948, 0.14874757787435633, 0.7250017881393432], [0.0, 0.0, 0.0, 1.0]], [0, 6, [-0.15436069402055844, 0.28907548152940943, 0.7250017881393432], [0.0, 0.0, 0.0, 1.0]], [0, 5, [-0.030872138804111687, 0.134714787508851, 0.7250017881393432], [0.0, 0.0, 0.0, 1.0]], [2, null, null, null], [0, 4, [-0.12068199714334568, -0.05893771953512231, 0.7250017881393432], [0.0, 0.0, 0.0, 1.0]], [1, 4, [-0.12068199714334568, -0.05893771953512231, 0.8], [0.0, 0.0, 0.25881904510252074, 0.9659258262890683]], [2, null, null, null], [0, 3, [-0.16839348438606375, -0.15716725209365948, 0.7250017881393432], [0.0, 0.0, 0.0, 1.0]], [2, null, null, null], [0, 2, [-0.0224524645848085, -0.0982295325585372, 0.7250017881393432], [0.0, 0.0, 0.0, 1.0]], [2, null, null, null]], "scene_graph": {"left": [[7, 4], [6, 7], [5, 4], [4, 3], [5, 2]], "right": [[7, 6], [4, 5], [3, 4], [2, 5], [4, 7]], "front": [[7, 5], [4, 2], [3, 2]], "behind": [[5, 7], [2, 4], [2, 3]], "on": [], "under": [], "leftbehind": [[5, 3]], "leftfront": [[6, 5]], "rightbehind": [[5, 6]], "rightfront": [[3, 5]]}}