{"objects": {"6": ["can_drink", "medium"], "4": ["can_drink", "medium"], "3": ["scissors", "medium"], "5": ["marker", "medium"], "7": ["cup", "medium"], "2": ["stapler", "medium"]}, "action_order": [[0, 6, [-0.15716725209365948, 0.14874757787435633, 0.7250017881393432], [0.0, 0.0, 0.0, 1.0]], [0, 4, [-0.15436069402055844, 0.28907548152940943, 0.7250017881393432], [0.0, 0.0, 0.0, 1.0]], [2, null, null, null], [2, null, null, null], [2, null, null, null], [2, null, null, null], [0, 3, [-0.16278036823986164, -0.15716725209365948, 0.7250017881393432], [0.0, 0.0, 0.13052619222005157, 0.9914448613738104]], [0, 5, [-0.2076852974094786, -0.05613116146202125, 0.7250017881393432], [0.0, 0.0, 0.0, 1.0]], [2, null, null, null], [2, null, null, null], [0, 7, [-0.29188203960251047, 0.1431344617281542, 0.7250017881393432], [0.0, 0.0, 0.0, 1.0]], [2, null, null, null], [0, 2, [-0.21610497162878178, -0.22733120392118608, 0.7250017881393432], [0.0, 0.0, -0.7071067811865475, 0.7071067811865476]], [2, null, null, null]], "scene_graph": {"left": [[6, 5], [4, 6], [3, 2], [5, 3], [7, 5]], "right": [[6, 4], [3, 5], [5, 7], [2, 3], [5, 6]], "front": [[7, 6]], "behind": [[6, 7]], "on": [], "under": [], "leftbehind": [[4, 7]], "leftfront": [], "rightbehind": [], "rightfront": [[7, 4]]}}