{"objects": {"4": ["can_drink", "medium"], "3": ["can_drink", "medium"], "2": ["cup", "medium"], "5": ["stapler", "medium"], "6": ["scissors", "medium"], "7": ["marker", "medium"]}, "action_order": [[0, 4, [-0.15716725209365948, 0.14874757787435633, 0.7250017881393432], [0.0, 0.0, 0.0, 1.0]], [0, 3, [-0.15436069402055844, 0.28907548152940943, 0.7250017881393432], [0.0, 0.0, 0.0, 1.0]], [0, 2, [-0.030872138804111687, 0.134714787508851, 0.7250017881393432], [0.0, 0.0, 0.0, 1.0]], [2, null, null, null], [2, null, null, null], [2, null, null, null], [0, 5, [-0.0224524645848085, -0.0982295325585372, 0.7250017881393432], [0.0, 0.0, 0.0, 1.0]], [2, null, null, null], [0, 6, [-0.16278036823986164, -0.15716725209365948, 0.7250017881393432], [0.0, 0.0, 0.13052619222005157, 0.9914448613738104]], [0, 7, [-0.2076852974094786, -0.05613116146202125, 0.7250017881393432], [0.0, 0.0, 0.0, 1.0]], [2, null, null, null], [2, null, null, null]], "scene_graph": {"left": [[4, 7], [3, 4], [2, 5], [7, 6], [2, 6]], "right": [[4, 3], [5, 2], [6, 7], [6, 2], [7, 4]], "front": [[4, 2], [6, 5], [7, 5]], "behind": [[2, 4], [5, 6], [5, 7]], "on": [], "under": [], "leftbehind": [[2, 7]], "leftfront": [[3, 2]], "rightbehind": [[2, 3]], "rightfront": [[7, 2]]}}