{"objects": {"4": ["book", "medium"], "3": ["book", "medium"], "2": ["marker", "medium"]}, "action_order": [[0, 4, [0.0533246033889202, -0.14874757787435636, 0.7250017881393432], [0.0, 0.0, 0.0, 1.0]], [0, 3, [0.05613116146202125, 0.12910167136264888, 0.7250017881393432], [0.0, 0.0, 0.0, 1.0]], [2, null, null, null], [2, null, null, null], [1, 4, [0.053324886388098215, -0.1187471731712948, 0.7759846615841559], [0.0, 0.0, 0.0, 1.0]], [2, null, null, null], [2, null, null, null], [0, 2, [-0.15997381016676057, 0.11787543907024464, 0.7250017881393432], [0.0, 0.0, -0.7071067811865475, 0.7071067811865476]], [2, null, null, null]], "scene_graph": {"left": [[3, 4]], "right": [[4, 3]], "front": [[2, 3]], "behind": [[3, 2]], "on": [], "under": [], "leftbehind": [], "leftfront": [[2, 4]], "rightbehind": [[4, 2]], "rightfront": []}}