{"objects": {"4": ["book", "medium"], "3": ["book", "medium"], "2": ["marker", "medium"]}, "action_order": [[0, 4, [0.0533246033889202, -0.14874757787435636, 0.7250017881393432], [0.0, 0.0, 0.0, 1.0]], [0, 3, [0.05613116146202125, 0.12910167136264888, 0.7250017881393432], [0.0, 0.0, 0.0, 1.0]], [2, null, null, null], [2, null, null, null], [1, 4, [0.053324886388098215, -0.1187471731712948, 0.7759846615841559], [0.0, 0.0, 0.0, 1.0]], [2, null, null, null], [2, null, null, null], [2, null, null, null], [1, 3, [0.05613364381120021, 0.15915666402346718, 0.797495145907042], [0.0, 0.0, 0.0, 1.0]], [2, null, null, null], [0, 2, [0.042098371096515944, 0.0056131161462021255, 0.7250017881393432], [0.0, 0.0, 0.0, 1.0]], [1, 4, [0.053107398145212106, -0.14923951371001903, 0.7974931860976779], [0.0, 0.0, 0.0, 1.0]], [2, null, null, null]], "scene_graph": {"left": [[3, 2], [2, 4]], "right": [[4, 2], [2, 3]], "front": [], "behind": [], "on": [], "under": [], "leftbehind": [], "leftfront": [], "rightbehind": [], "rightfront": []}}