{"objects": {"2": ["book", "medium"], "3": ["book", "medium"], "4": ["marker", "medium"]}, "action_order": [[0, 2, [0.0533246033889202, -0.14874757787435636, 0.7250017881393432], [0.0, 0.0, 0.0, 1.0]], [0, 3, [0.05613116146202125, 0.12910167136264888, 0.7250017881393432], [0.0, 0.0, 0.0, 1.0]], [2, null, null, null], [2, null, null, null], [1, 2, [0.053324886388098215, -0.1187471731712948, 0.7759846615841559], [0.0, 0.0, 0.0, 1.0]], [2, null, null, null], [0, 4, [0.042098371096515944, -0.2918820396025105, 0.7250017881393432], [0.0, 0.0, 0.0, 1.0]], [2, null, null, null]], "scene_graph": {"left": [[2, 4], [3, 2]], "right": [[2, 3], [4, 2]], "front": [], "behind": [], "on": [], "under": [], "leftbehind": [], "leftfront": [], "rightbehind": [], "rightfront": []}}